Actual_Sales,Predicted_Sales,Residual
261.96,372.77848870092066,-110.81848870092068
731.94,857.9687737436831,-126.02877374368302
14.62,-75.78382307403126,90.40382307403127
957.5775,601.5319505336511,356.0455494663489
22.368,-42.2624587218063,64.63045872180629
48.86,200.75725465691312,-151.8972546569131
7.28,20.57192171752422,-13.291921717524218
907.152,666.8940878468709,240.25791215312915
18.504,-21.577018023561777,40.08101802356178
114.9,153.89985305495043,-38.99985305495042
1706.184,952.4729800606915,753.7110199393085
911.424,812.7101879453588,98.71381205464115
15.552,-17.317087200741526,32.869087200741525
407.976,475.4340571606467,-67.45805716064672
68.81,157.3082775945959,-88.49827759459589
2.544,41.38747149125061,-38.84347149125061
665.88,522.9116676336577,142.96833236634234
55.5,22.023814917457685,33.476185082542315
8.56,-71.60787457547372,80.16787457547372
213.48,222.52977935625017,-9.049779356250184
22.72,37.450982363571256,-14.730982363571258
19.46,186.7422426286662,-167.28224262866618
60.34,207.04562784459677,-146.70562784459676
71.372,45.743775037868545,25.628224962131455
1044.63,1238.4635712817535,-193.8335712817534
11.648,-79.74022415853005,91.38822415853005
90.57,68.66077388953477,21.909226110465227
3083.43,1094.8640805834898,1988.56591941651
9.618,-29.483269669071205,39.10126966907121
124.2,120.77649749494753,3.4235025050524683
3.264,-81.60359068248408,84.86759068248408
86.304,186.8525334104545,-100.5485334104545
6.858,171.59366622548328,-164.73566622548327
15.76,-51.44301886070889,67.2030188607089
29.472,-31.74031638753422,61.21231638753422
1097.544,749.8329115668887,347.7110884331114
190.92,188.2958040524236,2.6241959475763963
113.328,344.70965488026104,-231.38165488026104
532.3992,567.4038313436189,-35.00463134361894
212.058,218.5344009113187,-6.476400911318706
371.168,360.4186556841473,10.749344315852682
147.168,147.57307010282807,-0.4050701028280628
77.88,49.7108314789466,28.169168521053393
95.616,82.33066716457097,13.285332835429031
45.98,-20.844797018558438,66.82479701855843
17.46,-79.69688561448902,97.15688561448903
211.96,212.90977688813086,-0.9497768881308559
45.0,17.38966505661324,27.61033494338676
21.8,-55.15809363482231,76.9580936348223
38.22,139.63375396626907,-101.41375396626907
75.18,164.45037100582522,-89.27037100582521
6.16,-89.74304206000465,95.90304206000465
89.99,168.8325626618689,-78.84256266186891
15.26,184.09331671749396,-168.83331671749397
1029.95,876.2136715511816,153.73632844881843
208.56,254.52414872047416,-45.96414872047416
32.4,86.70218986029795,-54.30218986029795
319.41,294.87748466337507,24.532515336624954
14.56,-71.02103528036105,85.58103528036105
30.0,-36.031095933037705,66.0310959330377
48.48,57.472826466735114,-8.992826466735117
1.68,-148.38809346423886,150.06809346423887
13.98,-69.08763997598976,83.06763997598976
25.824,135.29449308770745,-109.47049308770745
146.73,148.53439773866012,-1.8043977386601284
79.76,94.5350813942498,-14.775081394249796
213.115,217.69273983232665,-4.5777398323266425
1113.024,743.7821763952328,369.2418236047671
167.968,173.15653265368883,-5.1885326536888385
75.88,43.308519693059225,32.57148030694077
4.616,-124.15779415114389,128.77379415114387
19.05,-23.35570404979353,42.40570404979353
831.936,559.7971120753583,272.1388879246417
97.04,96.15474554762613,0.8852544523738715
72.784,126.26533779940564,-53.48133779940564
1.248,34.8212025737223,-33.573202573722305
9.708,7.401722766401008,2.3062772335989923
27.24,-1.364663053905815,28.604663053905814
19.3,128.83543689679823,-109.53543689679823
208.16,564.368435001359,-356.208435001359
16.74,-38.47439154536846,55.21439154536846
14.9,79.90392834221097,-65.00392834221097
21.39,-66.54325178348518,87.93325178348518
200.984,296.7226662768094,-95.73866627680937
230.376,213.73952914807,16.63647085193
301.96,440.30161338990297,-138.341613389903
19.99,-68.57084475158763,88.56084475158762
6.16,-78.663876736568,84.823876736568
158.368,262.015748868125,-103.647748868125
20.1,-12.804716635869454,32.904716635869455
73.584,40.7422342716477,32.8417657283523
6.48,-127.97848474209763,134.45848474209762
12.96,-73.31786540330631,86.27786540330632
53.34,30.25514341246344,23.084856587536564
32.96,-39.626181705083354,72.58618170508336
5.682,-78.2183160761349,83.9003160761349
96.53,227.63222279740648,-131.10222279740648
51.312,16.179882193575395,35.1321178064246
77.88,173.19177896889505,-95.31177896889506
64.624,209.9342981627533,-145.3102981627533
95.976,79.42723029041258,16.548769709587418
1.788,38.70410449379142,-36.91610449379142
23.92,30.776859031639333,-6.856859031639331
238.896,255.4942612347552,-16.5982612347552
102.36,85.85640870500242,16.503591294997577
36.882,27.86179827768251,9.020201722317488
74.112,269.81902892272524,-195.70702892272524
27.992,-32.72813713598953,60.72013713598953
3.304,-127.14266593763136,130.44666593763137
339.96,323.5158548528316,16.4441451471684
41.96,-3.723627307644392,45.68362730764439
75.96,43.244138593297976,32.71586140670202
27.24,131.1353148702351,-103.89531487023511
40.096,555.6376241860345,-515.5416241860345
4.72,-79.4959744580733,84.2159744580733
23.976,-1.5028669541013642,25.478866954101363
130.464,211.2716354646675,-80.8076354646675
787.53,919.6148492797847,-132.08484927978475
157.794,387.2135194139712,-229.4195194139712
47.04,11.404713665586087,35.63528633441391
30.84,25.66909007727463,5.170909922725368
226.56,261.23058193161546,-34.67058193161546
115.02,321.84621761640074,-206.82621761640075
68.04,203.27623507245926,-135.23623507245924
600.558,653.5975283151489,-53.039528315148914
617.7,359.11995512815406,258.580044871846
2.388,-48.726686348524936,51.114686348524934
243.992,305.933181834665,-61.941181834665
81.424,55.19607255416372,26.227927445836286
238.56,241.64838153988694,-3.0883815398869388
59.97,113.63664770015703,-53.66664770015703
78.304,40.322085552569206,37.981914447430796
21.456,247.3480851940833,-225.8920851940833
20.04,-20.447064340214638,40.48706434021464
35.44,-23.328014304869384,58.76801430486938
11.52,26.44696372445469,-14.92696372445469
4.02,-91.65848855778813,95.67848855778813
76.176,55.212400423074996,20.963599576925006
65.88,163.33107053588196,-97.45107053588197
43.12,547.8655856042643,-504.7455856042643
82.8,58.13559786619567,24.66440213380433
8.82,-28.08197152165735,36.90197152165735
10.86,-31.850625422658595,42.710625422658595
143.7,140.45047613266138,3.2495238673386098
839.43,990.9415826049437,-151.51158260494378
671.93,513.0251649076957,158.9048350923042
93.888,119.58863394072955,-25.700633940729546
384.45,545.9024411894258,-161.45244118942577
149.97,151.4384013424958,-1.4684013424958096
1951.84,1262.8587929434368,688.9812070565631
171.55,210.07719243066117,-38.52719243066116
157.92,180.39296949147138,-22.47296949147139
203.184,255.64937178061564,-52.46537178061564
58.38,198.3615070927774,-139.9815070927774
105.52,107.81867962727642,-2.298679627276428
80.88,165.2166896525,-84.33668965250001
6.63,-13.985904801019387,20.615904801019386
457.568,713.0941138108822,-255.52611381088218
14.62,-63.32149492794497,77.94149492794497
944.93,720.9627855372723,223.9672144627276
5.98,-137.8681415546116,143.8481415546116
54.384,23.27212374462556,31.11187625537444
28.4,56.33464015101504,-27.93464015101504
27.68,-32.13459807896561,59.81459807896561
9.936,-15.62373775729975,25.55973775729975
8159.952,3192.013144995881,4967.938855004119
275.928,279.09374662738196,-3.1657466273819637
1740.06,936.6202511845646,803.4397488154353
32.064,154.02606904168715,-121.96206904168716
177.98,145.5399174980414,32.440082501958585
143.976,144.8868084344881,-0.9108084344881036
20.94,-15.95064567434315,36.89064567434315
110.96,108.47054219576012,2.4894578042398763
340.144,350.18547321607457,-10.041473216074564
52.448,60.21941431304003,-7.771414313040033
20.16,32.499843101151555,-12.339843101151555
97.264,123.27646307938721,-26.012463079387217
396.802,374.94265092169803,21.85934907830199
15.88,103.34954876517372,-87.46954876517373
3.28,-126.69762873800596,129.97762873800596
24.816,-41.42559932390782,66.24159932390782
408.744,397.407436988698,11.336563011302019
503.96,492.0721883767387,11.887811623261257
149.95,187.87806970130487,-37.92806970130488
29.0,-33.659291004127,62.659291004127
7.16,-84.79620540318479,91.95620540318478
176.8,309.7133132969441,-132.91331329694407
37.224,19.55380417172978,17.670195828270217
20.016,-5.168258242587626,25.184258242587624
899.136,818.1465432630625,80.98945673693743
71.76,162.03139205999491,-90.27139205999491
51.84,248.14615583932277,-196.30615583932277
626.352,688.6849910949471,-62.33299109494715
19.9,78.62473781299718,-58.72473781299718
14.28,175.85645254187966,-161.57645254187966
7.408,-67.44818129966666,74.85618129966666
6.048,-21.375511648403744,27.423511648403746
46.26,31.95456884872783,14.305431151272167
2.946,-42.42592956285398,45.37192956285398
16.056,-10.675347752029438,26.73134775202944
21.744,-6.772784602872662,28.51678460287266
218.75,252.45904744359223,-33.709047443592226
2.6,-137.53515421987913,140.13515421987913
66.284,81.21685267490284,-14.932852674902833
35.168,197.51619668014473,-162.34819668014472
444.768,414.1507607316237,30.617239268376295
83.92,99.78013920972239,-15.86013920972239
131.98,146.92027357469487,-14.940273574694885
15.92,23.97446032765629,-8.054460327656288
52.29,305.8042802872976,-253.51428028729762
91.99,178.54765898191113,-86.55765898191113
20.8,-53.72611595601734,74.52611595601734
23.68,-46.34689307071062,70.02689307071063
452.45,321.42659783635577,131.02340216364422
62.982,53.375293462444915,9.606706537555084
1188.0,427.2374746498938,760.7625253501062
89.584,72.89273492371262,16.69126507628738
93.06,183.0463504084919,-89.98635040849189
302.376,320.19980641083043,-17.823806410830457
5.584,-80.20192724238655,85.78592724238655
22.704,136.754073802201,-114.05007380220098
19.776,64.16433378858846,-44.38833378858847
72.704,87.72684695504608,-15.022846955046091
479.988,326.68015563524636,153.30784436475363
27.168,-33.99705957848323,61.16505957848323
2.2,-136.8773192546173,139.0773192546173
622.45,540.0277280481978,82.42227195180226
21.98,-57.2923223222424,79.2723223222424
161.568,197.31731507994505,-35.749315079945035
389.696,418.08436540089633,-28.388365400896305
18.648,217.40456680229204,-198.75656680229204
233.86,296.12012128636206,-62.26012128636205
620.6145,590.5546434844135,30.05985651558649
5.328,-47.01755664008033,52.34555664008033
258.072,263.5271574791491,-5.455157479149079
617.976,658.5699329053082,-40.59393290530818
10.56,-79.8480061967523,90.4080061967523
25.92,75.8604547185605,-49.9404547185605
419.68,258.0261024959991,161.6538975040009
11.688,-15.061786844124072,26.749786844124074
31.984,-44.33173077364313,76.31573077364314
177.225,172.09961716679936,5.125382833200632
4.044,-1.795487869984072,5.8394878699840715
7.408,-82.26052452753083,89.66852452753083
2001.86,1342.4133123485594,659.4466876514405
166.72,206.33353487097474,-39.613534870974746
47.88,144.44213959101967,-96.56213959101967
1503.25,1252.99058690657,250.2594130934301
25.92,33.48358973609493,-7.563589736094926
321.568,464.39746856645843,-142.82946856645844
7.61,-120.84424475243941,128.45424475243942
3347.37,1585.1124285761073,1762.2575714238926
80.58,173.511528253694,-92.931528253694
361.92,370.801045043705,-8.881045043705
12.132,321.1811084556275,-309.0491084556275
82.368,60.37190345459294,21.996096545407056
53.92,111.67056831646323,-57.75056831646323
647.904,511.99023290460536,135.91376709539463
20.37,-13.577504889595957,33.94750488959596
221.55,224.70886069947824,-3.1588606994782253
17.52,75.89396221788775,-58.37396221788775
1.624,40.84898440273059,-39.22498440273059
3059.982,3232.998477598384,-173.01647759838397
2519.958,1315.9924358460921,1203.965564153908
328.224,308.17138356432156,20.05261643567843
79.9,45.57432870088405,34.32567129911595
14.016,-20.365809385333478,34.381809385333476
7.56,140.81017026483073,-133.25017026483073
37.208,3.4813469569076005,33.7266530430924
57.576,35.39210406652501,22.183895933474993
725.84,698.1325715522363,27.707428447763732
209.93,286.0588965130812,-76.1288965130812
5.28,-41.16390823953952,46.443908239539525
10.92,-36.00815510904772,46.92815510904772
8.82,-93.70064166956217,102.52064166956217
5.98,-130.73536550879226,136.71536550879225
11.648,-61.78761698408675,73.43561698408675
18.176,39.655238311262565,-21.479238311262566
59.712,168.02731234798443,-108.31531234798443
24.84,-1.6232249512538601,26.46322495125386
2.08,147.202257388499,-145.12225738849898
1114.4,845.4788184245616,268.9211815754385
1038.84,795.1701552073484,243.66984479265147
141.76,159.18850738599735,-17.428507385997364
239.8,263.7474347245354,-23.947434724535412
31.104,149.44247056079485,-118.33847056079485
254.058,270.5573493100992,-16.499349310099205
194.528,250.73261141733838,-56.204611417338384
961.48,660.0016638668761,301.4783361331239
19.096,186.3495508676349,-167.25355086763489
18.496,236.20180363982877,-217.70580363982876
255.984,364.5679814841053,-108.5839814841053
86.97,77.52937153200423,9.440628467995765
300.416,375.31223532959666,-74.89623532959666
230.352,231.35100392605,-0.9990039260499941
218.352,209.7612505785155,8.590749421484503
78.6,131.6585449746492,-53.05854497464921
27.552,-13.00681947982207,40.55881947982207
32.4,95.08688231540896,-62.68688231540896
1082.48,699.7279718094813,382.7520281905187
56.91,34.91092757223305,21.999072427766947
77.6,92.63590157542421,-15.03590157542422
14.28,-94.81497529250464,109.09497529250464
219.075,196.52478094421917,22.550219055780815
26.8,-43.11785385642065,69.91785385642065
9.84,-14.433739233491906,24.273739233491906
45.48,18.8469707595209,26.633029240479097
289.2,316.8082506683879,-27.60825066838794
4.89,-132.59133966415948,137.48133966415946
15.136,22.199576561902177,-7.0635765619021775
466.768,712.7876117098006,-246.01961170980059
15.232,-90.81081168087144,106.04281168087144
6.264,-37.85021695936143,44.114216959361435
87.54,79.58585865773284,7.954141342267164
178.384,229.14728557911872,-50.76328557911873
15.552,-17.883797264444866,33.435797264444865
99.136,112.24043023300624,-13.10443023300624
135.882,332.388202764218,-196.50620276421802
3991.98,7346.3122348006455,-3354.3322348006454
275.94,308.3240906005592,-32.384090600559205
360.0,366.6517074389021,-6.651707438902122
43.57,14.838799585120114,28.731200414879886
7.16,-84.09354623386344,91.25354623386343
251.52,282.94194229768027,-31.42194229768026
99.99,199.50329342184523,-99.51329342184523
15.992,-75.04942745184167,91.04142745184167
290.898,285.0951779338891,5.802822066110934
54.224,13.321917564234809,40.90208243576519
786.744,611.4716780842011,175.2723219157989
100.24,376.13546485647385,-275.89546485647384
37.764,166.5951589142387,-128.8311589142387
82.8,68.11292681243413,14.687073187565872
20.724,-14.71041374213678,35.43441374213678
4.896,11.102233013608611,-6.206233013608611
4.752,-142.7591372734264,147.5111372734264
959.984,1635.106567379347,-675.1225673793471
14.368,10.348552649155863,4.019447350844137
7.712,-80.61423993285189,88.32623993285189
698.352,753.9806342324756,-55.62863423247563
4.96,21.355568151350553,-16.395568151350552
17.856,40.93176663295026,-23.075766632950256
509.97,395.71319656342143,114.2568034365786
30.992,468.47710878934777,-437.48510878934775
71.928,466.4503275066645,-394.5223275066645
88.8,112.46928285636682,-23.66928285636682
47.976,23.40552814066973,24.57047185933027
7.56,-32.065325407017326,39.62532540701733
24.56,-84.50526573354409,109.0652657335441
12.96,-69.59587493374511,82.55587493374512
6.79,-126.29850635442767,133.08850635442766
24.56,-62.2942346216646,86.8542346216646
3.048,-141.84314141879372,144.89114141879372
49.12,46.75901059164744,2.360989408352559
4355.168,4180.3177987075105,174.85020129248915
388.704,355.3842413615348,33.3197586384652
8.26,-76.01849702071377,84.27849702071377
17.04,30.020745136538153,-12.980745136538154
34.4,91.68712261095857,-57.28712261095857
36.24,100.40450621936748,-64.16450621936747
647.84,550.9559362453191,96.88406375468094
20.7,-71.72722337357254,92.42722337357255
20.7,-49.827620818107334,70.52762081810734
488.646,553.8018812188443,-65.15588121884429
5.56,-72.89904852562904,78.45904852562904
47.12,250.84683139263143,-203.72683139263142
211.96,212.10440192305418,-0.14440192305417554
23.2,23.49208964407262,-0.2920896440726217
7.36,-84.46526705316865,91.82526705316864
104.79,225.51470216269922,-120.72470216269922
1043.92,983.6402600680939,60.27973993190619
25.92,97.38069116625161,-71.4606911662516
53.424,45.95652008539378,7.467479914606223
8.16,109.99619201622818,-101.83619201622818
1023.936,725.941799946265,297.9942000537351
9.24,-102.43594200540656,111.67594200540655
479.04,496.00435585099046,-16.964355850990444
99.136,104.75556701159417,-5.619567011594171
1488.424,805.2595842149356,683.1644157850644
8.652,78.4639607587012,-69.8119607587012
23.832,10.234363985840673,13.597636014159328
12.176,98.88714910928843,-86.71114910928843
50.96,195.9161517041082,-144.95615170410818
49.536,15.389079349380609,34.14692065061939
41.9,-11.498441543728632,53.39844154372863
375.4575,361.9811230830642,13.476376916935806
83.976,74.19273732024362,9.783262679756376
482.34,346.12907004163776,136.21092995836221
2.96,-125.02367812731495,127.98367812731495
2.624,-130.26251278222662,132.88651278222662
23.36,37.84446425117585,-14.48446425117585
39.98,-14.581593030834028,54.561593030834025
246.384,346.0912725533967,-99.70727255339673
1799.97,2239.5930479713206,-439.6230479713206
12.462,35.71352972465911,-23.25152972465911
75.792,61.382029202383364,14.409970797616637
49.96,8.02893753819626,41.93106246180374
12.96,-65.55302744655705,78.51302744655706
70.12,84.5067985330279,-14.3867985330279
35.952,14.371129827680534,21.580870172319464
2396.2656,1935.81936996465,460.44623003535025
131.136,137.4086297261756,-6.272629726175609
57.584,16.336717552475193,41.24728244752481
9.568,-77.20828374321991,86.7762837432199
39.072,155.15187843553645,-116.07987843553644
35.91,10.534602475539032,25.375397524460965
179.95,199.96773393572812,-20.01773393572813
1199.976,1460.6127489137982,-260.6367489137981
27.15,79.96642979193416,-52.81642979193416
1004.024,629.651590021883,374.37240997811705
9.68,-116.67483055985758,126.35483055985759
28.35,282.69430376754804,-254.34430376754804
55.98,45.330704808683095,10.649295191316902
1336.829,853.5285269300999,483.3004730699
113.568,113.61616809983752,-0.04816809983752535
139.86,264.03429402498136,-124.17429402498135
307.136,303.56752535563714,3.5684746443628796
95.92,271.4381000136834,-175.5181000136834
383.8,345.1327609234436,38.66723907655643
5.78,-126.91623535435042,132.69623535435042
9.32,15.782720674291113,-6.462720674291113
15.25,-102.3837355799617,117.6337355799617
196.752,244.92195737075212,-48.169957370752115
56.56,74.11056123851517,-17.550561238515172
32.7,3.801964785046266,28.898035214953737
866.4,827.6389456103939,38.7610543896061
28.4,-42.90894788345258,71.30894788345259
287.92,383.93908086278134,-96.01908086278132
69.99,97.75513772749082,-27.765137727490824
6.672,142.46552812534833,-135.79352812534833
189.588,222.64657481075233,-33.05857481075233
408.744,404.0289817192604,4.715018280739628
291.96,291.23160668732316,0.7283933126768147
4.768,-59.326929721102715,64.09492972110272
714.3,612.68229856335,101.61770143665001
4.812,-38.56250976603815,43.374509766038145
247.8,249.10324023102476,-1.3032402310247448
1007.979,1111.24481775961,-103.26581775960994
313.488,350.64922607768017,-37.16122607768017
31.872,246.86722297149367,-214.99522297149366
207.846,205.89427130082572,1.9517286991742822
12.22,-104.76237321442431,116.98237321442431
194.94,188.63906385956852,6.3009361404314745
70.95,43.452839045477276,27.497160954522727
91.36,93.91837245954662,-2.558372459546618
242.94,246.74572873476427,-3.8057287347642728
22.05,173.76724364008692,-151.7172436400869
2.91,-142.27352302946315,145.18352302946315
59.52,28.434770807190944,31.08522919280906
161.94,150.88718166328067,11.052818336719326
263.88,288.2750102255061,-24.3950102255061
30.48,-3.734897651735537,34.21489765173554
9.84,-26.774928860456384,36.61492886045639
35.12,44.88085242499665,-9.76085242499665
284.364,387.14256728286546,-102.77856728286548
665.408,1066.4336859982088,-401.0256859982088
63.88,79.68532282749288,-15.80532282749288
129.568,135.84675529658648,-6.278755296586468
747.558,785.3244962039698,-37.76649620396984
8.928,-108.45278005646696,117.38078005646696
103.92,134.09798350623282,-30.17798350623282
899.91,759.4256880054318,140.4843119945682
51.312,38.57356358713787,12.738436412862129
23.56,81.54199498865955,-57.98199498865955
1272.63,577.7403927048546,694.8896072951455
28.485,118.9526843807871,-90.4676843807871
185.376,227.87937313039833,-42.50337313039833
78.272,52.70329228368655,25.568707716313455
254.744,244.11537515081022,10.628624849189777
205.3328,269.9369545598993,-64.60415455989929
4.788,39.54609948406255,-34.758099484062555
55.48,51.20600951695587,4.273990483044123
340.92,350.6254223660569,-9.705422366056894
222.666,298.1138402880795,-75.44784028807948
703.968,642.7116163693611,61.25638363063888
92.52,175.91494910324923,-83.39494910324923
62.65,203.302259153779,-140.652259153779
94.85,138.1548826615949,-43.30488266159492
95.76,184.23371538716196,-88.47371538716196
40.2,20.763515220310182,19.43648477968982
14.7,81.52289186676535,-66.82289186676535
704.25,586.820421614236,117.42957838576399
9.09,-23.506657627432332,32.596657627432336
5.96,-68.83871122653954,74.79871122653954
159.98,204.52418623932772,-44.54418623932773
29.6,-57.51217537360071,87.1121753736007
514.165,402.16223176603376,112.00276823396621
279.96,258.303917248345,21.656082751654992
2735.952,1777.8646280740275,958.0873719259728
7.992,-103.53700676832932,111.52900676832932
63.984,32.85735614803775,31.12664385196225
70.368,43.050088316580286,27.31791168341971
449.15,389.57332703645784,59.57667296354214
11.07,-19.323596225839538,30.393596225839538
93.98,91.38769142664228,2.5923085733577267
189.882,181.17288424606068,8.70911575393933
105.42,99.96501804858485,5.454981951415149
119.616,285.69819112235336,-166.08219112235338
255.76,258.4147561335508,-2.6547561335507908
241.568,328.74637842978564,-87.17837842978562
69.3,312.8624063767993,-243.5624063767993
22.62,-21.946041494849624,44.56604149484963
14.952,-29.23403302577367,44.18603302577367
801.568,1286.9321905783574,-485.36419057835747
2.376,11.378294555284356,-9.002294555284356
32.792,-28.217749761678533,61.009749761678535
15.92,76.64082783924482,-60.72082783924482
2.74,-133.2233244475758,135.96332444757581
8.34,-26.517679706193576,34.85767970619358
46.74,21.41737029887554,25.322629701124463
6354.95,5478.218565202502,876.731434797498
126.3,115.09103313893547,11.208966861064525
38.04,-28.998768240445543,67.03876824044553
7.152,-21.665600049531122,28.817600049531123
6.63,-27.711479090259445,34.34147909025945
5.88,-80.85214036541379,86.73214036541378
2999.95,2581.4789309802263,418.4710690197735
51.45,25.20750736112882,26.242492638871184
11.96,-73.71729138403362,85.67729138403362
1126.02,1255.4085712621074,-129.38857126210746
18.392,-72.53390773747674,90.92590773747673
129.568,139.83074331528383,-10.262743315283814
14.112,351.5624586915037,-337.4504586915037
210.98,273.9102480592767,-62.93024805927669
55.176,25.766480815061186,29.409519184938816
66.26,12.302966616233107,53.9570333837669
22.2,55.358893318884384,-33.15889331888438
683.952,754.0249740501421,-70.07297405014208
45.696,24.633057324768515,21.062942675231483
36.336,27.135151955093306,9.200848044906692
666.248,2071.4409114814353,-1405.1929114814352
52.512,160.02274571249723,-107.51074571249723
190.72,506.30394909316374,-315.5839490931637
47.94,26.30963659288568,21.630363407114316
979.95,818.4772669879843,161.47273301201574
22.75,70.4175033522788,-47.6675033522788
16.768,-59.076162731947306,75.8441627319473
42.616,229.8241513265009,-187.2081513265009
10.752,30.68838301303208,-19.936383013032078
152.94,152.21111349276657,0.7288865072334261
283.92,278.2591368971539,5.660863102846122
468.9,448.63841203238167,20.26158796761831
380.864,397.201039071894,-16.337039071894026
646.776,495.8087107294198,150.96728927058018
58.112,20.23809232075314,37.87390767924686
100.792,216.58935904891382,-115.79735904891382
66.112,107.28900230417776,-41.17700230417776
41.28,145.34042334987907,-104.06042334987907
13.36,-76.42809850568506,89.78809850568506
250.272,378.4236949468366,-128.15169494683659
11.364,32.40002950261851,-21.036029502618508
8.72,76.34106449063438,-67.62106449063438
1121.568,1801.6551131778292,-680.0871131778292
34.504,-29.231257404592952,63.73525740459295
10.824,-14.147180993087204,24.971180993087202
1295.78,2198.459592489839,-902.679592489839
19.456,41.84425897483834,-22.38825897483834
20.7,-60.432999644721804,81.1329996447218
1335.68,1079.1909413976155,256.4890586023846
32.4,81.87627956089705,-49.47627956089705
42.6,11.338117801317594,31.261882198682407
84.056,216.5657628687095,-132.50976286870952
13.0,87.6591587932096,-74.6591587932096
13.128,-19.682631979398593,32.81063197939859
3.96,-64.67349185486455,68.63349185486454
2.61,-132.65974555514913,135.26974555514914
374.376,392.2788191437976,-17.902819143797615
91.84,285.551365425174,-193.71136542517402
81.088,229.86465405494914,-148.77665405494915
19.44,-8.301405673234513,27.741405673234514
451.152,490.59113646319975,-39.43913646319976
72.45,223.74772819478426,-151.29772819478427
13.96,32.29877528397333,-18.338775283973327
33.264,192.4316760949066,-159.1676760949066
14.85,-8.29511122834947,23.14511122834947
8.82,-16.194579170790576,25.014579170790576
160.72,598.9498129242054,-438.22981292420536
19.92,30.082337910331944,-10.162337910331942
7.3,-81.37961507137038,88.67961507137038
69.712,34.00345337715157,35.70854662284843
8.792,-78.40505368736194,87.19705368736194
51.52,66.80144550484192,-15.281445504841919
470.376,507.82351818203665,-37.447518182036674
105.584,95.49411593215382,10.089884067846185
31.152,-1.3179325810374394,32.46993258103744
6.783,205.79747124985556,-199.01447124985557
406.368,371.8980350893655,34.469964910634474
70.98,113.62784569723863,-42.64784569723862
294.93,339.5702539869451,-44.64025398694508
84.784,71.38146405342741,13.402535946572598
20.736,35.90632804444817,-15.170328044448173
16.821,22.33904939189756,-5.518049391897559
10.368,-67.1718918967631,77.5398918967631
9.344,-64.60921760661608,73.95321760661608
31.2,4.002594236716504,27.197405763283495
76.12,46.707159610416284,29.41284038958372
1199.976,1465.4708837243372,-265.4948837243371
445.96,398.14755252957275,47.81244747042723
327.76,400.25177033247974,-72.49177033247975
11.632,-61.440519560605026,73.07251956060503
143.982,136.8486196922106,7.133380307789395
494.376,415.8854934773294,78.49050652267056
5.84,-71.12772783694095,76.96772783694095
142.776,345.73723266409456,-202.96123266409455
45.696,23.867818734242064,21.828181265757934
7.218,7.982104222192447,-0.7641042221924472
43.188,77.88472434816958,-34.69672434816958
131.904,127.28049414560496,4.6235058543950345
3.282,-31.78585452275206,35.06785452275206
21.168,303.61485881699423,-282.4468588169942
55.188,28.158675063949204,27.0293249360508
369.576,394.0902041690124,-24.514204169012373
15.712,28.556930382743076,-12.844930382743076
8.448,-71.28066983139342,79.72866983139343
728.946,514.8423107563393,214.1036892436607
119.94,382.54168779532915,-262.60168779532916
3.648,-44.51007840381294,48.158078403812944
40.48,-13.887542000203439,54.367542000203436
9.94,-70.57467399335633,80.51467399335633
107.424,329.60137312662755,-222.17737312662754
37.91,-7.751633657493812,45.66163365749381
88.02,77.25033658369011,10.769663416309882
8.69,145.89380213538425,-137.20380213538425
301.96,454.8027361719153,-152.8427361719153
555.21,510.00347745096246,45.20652254903757
523.48,508.5767044303151,14.903295569684929
161.82,358.14084474196125,-196.32084474196125
35.56,195.7853514188323,-160.2253514188323
97.16,94.27378752595882,2.886212474041173
15.24,73.96328343889627,-58.72328343889627
13.23,-29.154243305808222,42.384243305808226
243.384,231.03567916392467,12.348320836075317
119.8,152.73938127507472,-32.93938127507472
300.768,275.4253730685509,25.342626931449047
17.88,-14.051525682422607,31.931525682422606
235.944,248.92806852036165,-12.98406852036166
392.94,427.0060665451215,-34.06606654512149
18.882,13.831858306228014,5.050141693771987
122.328,110.29631142516018,12.03168857483982
1049.2,874.7107580396427,174.4892419603574
15.424,21.823923924979454,-6.399923924979454
18.84,-11.956486832242263,30.796486832242262
330.4,492.64327466676514,-162.24327466676516
26.25,177.2911591957302,-151.0411591957302
132.52,138.45460323715884,-5.934603237158825
6.48,-123.24795183929245,129.72795183929244
209.3,284.2649649647801,-74.96496496478011
31.56,58.87628070771575,-27.31628070771575
30.144,-33.624459710633346,63.768459710633344
14.8,36.20926830598887,-21.40926830598887
302.376,330.2590729956737,-27.88307299567373
316.0,311.00522754610165,4.994772453898349
379.4,523.587751820371,-144.18775182037098
97.82,91.54173813906982,6.278261860930172
103.12,285.6188374532544,-182.4988374532544
113.552,124.0539637596471,-10.501963759647097
3.318,-34.01071796082397,37.328717960823965
134.288,159.66873210632775,-25.38073210632774
701.372,1074.2123454045152,-372.84034540451523
2.308,-29.98603812307374,32.29403812307374
999.432,705.9324831417557,293.4995168582443
724.08,689.5270338938017,34.55296610619837
918.785,668.0480964867297,250.73690351327025
2.724,41.913630613881196,-39.18963061388119
459.95,396.0089450708183,63.94105492918169
10.74,-38.92365790433428,49.66365790433428
23.76,-2.9450908083006198,26.70509080830062
85.056,34.25093605189522,50.805063948104774
381.576,408.53385012565127,-26.957850125651248
30.36,94.98807867870369,-64.62807867870369
23.976,13.45301785970969,10.52298214029031
108.925,231.92913991662408,-123.00413991662408
36.352,237.0601416857205,-200.7081416857205
19.56,91.34789255249098,-71.78789255249097
61.44,28.815551699251728,32.62444830074827
38.9,83.47391396036505,-44.573913960365054
99.39,71.17121406014257,28.218785939857426
2.688,93.06446195573858,-90.37646195573858
27.816,8.911970916452674,18.904029083547325
82.524,82.01686593555792,0.5071340644420843
182.994,136.38727816438268,46.60672183561732
14.352,-13.72947445146292,28.08147445146292
64.96,37.87913242989657,27.080867570103422
68.6,85.55868611941446,-16.958686119414466
7999.98,5380.182441287157,2619.797558712842
167.44,199.04694697963987,-31.606946979639872
479.97,551.8826294281778,-71.91262942817775
14.62,-73.67192328702072,88.29192328702072
19.44,-25.218710544967962,44.65871054496796
191.984,252.47036511664032,-60.486365116640314
104.01,229.6408768903284,-125.6308768903284
284.82,852.1924269259686,-567.3724269259685
36.84,16.572088386452833,20.26791161354717
166.24,431.75721953448897,-265.51721953448896
33.4,88.20697303981115,-54.80697303981115
198.272,319.22747171511605,-120.95547171511606
47.36,56.40686798985348,-9.046867989853482
200.984,289.9668902307735,-88.9828902307735
97.696,101.08458621192403,-3.3885862119240358
2.696,-132.60088937685396,135.29688937685395
18.588,-26.44863819214811,45.03663819214811
4.896,1.8203360044724377,3.075663995527562
15.072,-13.595924280081817,28.667924280081817
209.88,225.80199837888586,-15.92199837888586
369.912,385.79063530647454,-15.878635306474564
10.368,-67.43899237961296,77.80699237961295
166.84,201.8056371395894,-34.965637139589404
15.216,-78.29501353108867,93.51101353108866
119.96,121.15817160410143,-1.1981716041014323
883.92,640.1084799623744,243.81152003762554
46.72,244.45809340092092,-197.73809340092092
55.48,37.98342555389786,17.496574446102137
24.448,28.480736057633067,-4.032736057633066
281.34,321.2447928095489,-39.90479280954895
307.98,461.6716665026447,-153.6916665026447
299.97,340.25129676104484,-40.281296761044814
19.92,89.54827857482155,-69.62827857482155
9.94,-89.56816732124321,99.5081673212432
103.056,98.59139615916092,4.464603840839075
59.808,39.568563750962994,20.239436249037006
73.32,180.33508602800862,-107.01508602800862
146.82,142.63950439565338,4.180495604346618
1652.94,1908.2200404553664,-255.28004045536636
296.37,325.16115620294977,-28.791156202949765
129.92,180.65223661759296,-50.732236617592974
45.584,201.6485879294487,-156.0645879294487
17.568,-55.29055591803399,72.85855591803399
55.992,58.30303136250677,-2.3110313625067747
182.72,323.9325583113666,-141.21255831136662
400.032,555.9181704526488,-155.88617045264886
33.63,1.7089899766283452,31.921010023371657
542.646,607.6373167964275,-64.99131679642755
6.3,-86.88335867227579,93.18335867227579
242.94,251.91992731931668,-8.979927319316687
179.97,194.95930832468866,-14.989308324688665
99.696,190.05955250140778,-90.36355250140778
27.936,42.4727473261637,-14.536747326163699
84.98,165.69456603149183,-80.71456603149183
18.72,85.59578021709058,-66.87578021709058
49.98,3.6930149734107545,46.28698502658924
11.784,-29.966168026692003,41.750168026692
272.736,258.34631808369,14.389681916309996
3.54,-17.997910558872263,21.537910558872262
51.52,125.87919603775731,-74.3591960377573
3.528,-124.40462012356852,127.93262012356853
4.624,-122.00539041313709,126.62939041313709
55.168,80.89833514472707,-25.73033514472707
567.12,519.3031820967088,47.81681790329117
359.32,322.29745751559153,37.02254248440846
11.992,-97.31377371848293,109.30577371848294
58.05,29.252186954973922,28.797813045026075
157.74,452.5760145580068,-294.8360145580068
56.98,204.650044193035,-147.670044193035
2.88,-144.46271707243886,147.34271707243886
1199.976,1429.2805595724517,-229.30455957245158
79.92,90.89205275847257,-10.972052758472572
383.438,300.1786641255833,83.2593358744167
24.56,-37.942381971399755,62.50238197139976
119.8,135.8363731663303,-16.036373166330307
13.128,-17.358595043546984,30.486595043546984
22.72,38.511895998564114,-15.791895998564115
58.32,302.1546566994846,-243.83465669948458
12.39,-35.38432937140465,47.77432937140465
107.982,97.2982697534137,10.683730246586293
11.36,-115.71362114299427,127.07362114299427
50.94,14.306918283236882,36.633081716763115
646.74,563.3268082777355,83.41319172226451
5.64,-45.58983792438107,51.22983792438107
572.58,453.91878766114064,118.6612123388594
310.88,452.98824779108054,-142.10824779108054
641.96,1064.8466674013246,-422.88666740132453
18.28,-66.5323848391829,84.8123848391829
207.0,212.93227443742808,-5.932274437428077
32.35,80.44820381850082,-48.098203818500814
7.71,-125.415258292717,133.125258292717
40.3,-15.861093678106954,56.16109367810695
34.58,189.36039962427867,-154.7803996242787
32.76,208.37284782910615,-175.61284782910616
544.008,587.9083440300411,-43.90034403004108
59.94,22.63678255119885,37.30321744880115
23.92,25.925898032028726,-2.0058980320287247
4.28,-139.85358914412768,144.13358914412768
32.07,116.48698898008388,-84.41698898008389
24.0,-37.546290315546,61.546290315546
35.49,1.45321397369662,34.03678602630338
47.984,1.38683589895345,46.59716410104655
186.69,201.31512426245922,-14.625124262459224
17.456,-70.23775883965777,87.69375883965778
348.928,516.7063709055308,-167.77837090553078
143.96,163.93662356854156,-19.976623568541555
15.42,-77.44259852511186,92.86259852511186
43.04,256.0998241986697,-213.0598241986697
332.94,381.19581233734107,-48.25581233734107
1363.96,1019.2521614443286,344.7078385556714
9.96,-77.58231404142452,87.54231404142453
21.72,32.80118252649527,-11.081182526495269
20.16,177.27457834121765,-157.11457834121765
132.79,252.23712641255838,-119.44712641255839
12.96,-70.42880423813972,83.38880423813973
21.56,181.9577913791186,-160.3977913791186
283.92,273.4976915002808,10.422308499719236
22.23,-75.8982221535648,98.1282221535648
215.968,277.85899176125895,-61.89099176125896
355.32,452.54774367184996,-97.22774367184996
12.96,-72.77948827354567,85.73948827354567
18.28,-66.59203247591995,84.87203247591995
43.176,17.746221044491904,25.429778955508098
1983.968,1776.6070000101804,207.36099998981967
28.4,-48.33319132341876,76.73319132341877
149.97,140.18335106873928,9.786648931260714
11.52,28.08558309013847,-16.56558309013847
1298.55,1060.0851872857531,238.46481271424682
213.92,219.84386895035664,-5.923868950356649
25.78,-35.852126680759284,61.632126680759285
18.28,-66.8780161404959,85.1580161404959
1399.93,1045.2592534406635,354.6707465593365
51.84,252.4664672230581,-200.62646722305809
5.344,-118.62964978738182,123.97364978738182
41.472,254.99389609650962,-213.5218960965096
3.168,17.522322504528574,-14.354322504528575
1228.465,916.0243724932469,312.440627506753
31.086,39.36485570000059,-8.278855700000591
335.52,347.8990194630717,-12.3790194630717
239.97,260.6934315570875,-20.72343155708748
9.82,-73.23494783729848,83.05494783729847
67.8,80.62366658657379,-12.823666586573793
167.97,163.93114967798147,4.038850322018533
35.0,187.8164489572605,-152.8164489572605
37.24,51.918405809819205,-14.678405809819203
15.28,-68.48455151810867,83.76455151810868
301.96,446.71493563671925,-144.75493563671927
180.66,184.67257633885538,-4.012576338855382
191.98,245.27243275295723,-53.29243275295724
65.99,84.45299447941375,-18.46299447941375
35.216,-20.700220964996106,55.91622096499611
23.696,-45.06590744707023,68.76190744707023
265.475,740.2378240694945,-474.7628240694945
51.184,110.81714846497607,-59.633148464976074
9.664,-66.27204690807162,75.93604690807162
21.072,1.1921465086199987,19.87985349138
60.45,46.00855833700575,14.44144166299425
11.52,34.88455456267002,-23.36455456267002
186.048,193.9003252077557,-7.852325207755712
37.44,40.0428160984593,-2.6028160984593
26.976,26.573532372634645,0.402467627365354
11.36,-77.54940436881247,88.90940436881247
14.62,-81.77523108973196,96.39523108973196
83.72,220.78795931740137,-137.06795931740137
287.94,319.66006565041084,-31.720065650410845
48.896,64.39796569856753,-15.501965698567531
115.36,244.92969998438002,-129.56969998438
5.16,-80.59700666178264,85.75700666178264
38.88,138.2794137144415,-99.3994137144415
185.88,248.49808208072454,-62.61808208072455
44.46,-7.372669127150857,51.83266912715086
242.94,247.5638464716967,-4.623846471696709
39.96,-19.367436353014,59.327436353014
102.3,380.1641225377591,-277.8641225377591
21.36,-48.717736504735285,70.07773650473528
7.61,-121.53051934202313,129.14051934202314
7.16,-84.51148078409574,91.67148078409573
7.36,-72.66136093978162,80.02136093978162
23.1,-49.74208722939602,72.84208722939601
191.472,232.6626043072631,-41.1906043072631
5.248,-81.11491733854837,86.36291733854837
59.184,4.814182970661477,54.36981702933852
2.89,-125.12019262309332,128.0101926230933
51.94,47.31603156859751,4.6239684314024885
15.936,32.24596959344467,-16.30996959344467
44.91,180.28543582186148,-135.3754358218615
1141.47,592.6094634891423,548.8605365108577
280.782,272.7200760335734,8.061923966426605
34.44,-2.599667608006257,37.039667608006255
11.36,-63.02710331902085,74.38710331902085
106.344,243.060060807514,-136.716060807514
192.16,224.09881539503976,-31.938815395039768
322.59,352.78442275422094,-30.194422754220966
29.99,-51.70062351465663,81.69062351465662
371.97,404.4462721047919,-32.47627210479186
5.892,63.667472206614775,-57.77547220661477
68.472,48.50410974123179,19.967890258768207
1242.9,1002.082813211797,240.81718678820312
30.84,-23.903245149826944,54.74324514982695
13.48,18.931374927885827,-5.451374927885826
31.4,85.40233791717992,-54.00233791717992
17.46,-48.39827494813926,65.85827494813927
13.944,-28.652110762671555,42.59611076267156
83.76,471.06530900547364,-387.30530900547365
37.66,188.36301919169114,-150.70301919169114
34.68,143.76605255731397,-109.08605255731396
149.95,189.1262712598741,-39.17627125987411
51.312,28.180712102586313,23.131287897413685
4.54,-138.98237951648025,143.52237951648024
15.92,21.25661284894113,-5.336612848941131
543.92,495.113261949999,48.806738050000945
155.82,258.24115671665254,-102.42115671665255
70.008,36.72638723174077,33.28161276825922
15.648,-92.52693366826838,108.17493366826838
103.6,232.33950700412015,-128.73950700412016
46.96,244.4513291973028,-197.4913291973028
8.904,-37.650169013682216,46.55416901368221
10.44,71.56272687569276,-61.12272687569276
18.336,94.7303371253754,-76.3943371253754
323.976,332.54807510641353,-8.572075106413536
20.04,-23.23972710059411,43.27972710059411
64.96,24.639289157965095,40.3207108420349
12.96,-79.91819261497085,92.87819261497086
323.136,310.9581444037781,12.177855596221946
90.93,236.90399307079974,-145.97399307079974
52.776,30.767768813182784,22.00823118681722
1199.8,1140.1924146239435,59.60758537605648
1928.78,1393.4640932255181,535.3159067744818
352.38,531.1244920872956,-178.7444920872956
22.2,133.52613573953613,-111.32613573953613
46.94,21.416495332751538,25.52350466724846
143.73,348.62328315125,-204.89328315125002
99.918,99.8567217488569,0.06127825114310781
797.944,689.0715945317227,108.8724054682773
8.568,53.818202674533495,-45.2502026745335
149.352,148.02618415298025,1.3258158470197543
12.992,-85.46098559682491,98.45298559682492
24.56,-32.74002711549724,57.300027115497244
85.14,63.488583500248524,21.651416499751477
21.99,-69.0392832642276,91.0292832642276
406.6,384.274169242482,22.32583075751802
841.568,1432.2962101280225,-590.7282101280225
15.552,-15.211925909298316,30.763925909298315
252.0,259.5415586855736,-7.541558685573591
46.2,70.4506662275985,-24.2506662275985
28.84,-28.83689692714188,57.67689692714188
14.592,-16.84526092272904,31.43726092272904
89.856,74.19325656110072,15.66274343889927
13.872,-25.736123727443328,39.60812372744333
12.192,-19.73644187535865,31.92844187535865
45.056,258.0153562130381,-212.95935621303812
29.718,176.51186003860767,-146.79386003860768
15.552,-13.604962204415415,29.156962204415414
447.696,693.4793740165012,-245.78337401650117
159.99,406.4457392708505,-246.45573927085047
12.96,-72.51526350791733,85.47526350791733
134.48,143.44884476776838,-8.968844767768388
17.12,-71.4439777847524,88.56397778475241
6.096,-77.95873532341261,84.05473532341261
1114.272,981.0021502936239,133.26984970637602
32.4,104.83944650777516,-72.43944650777516
540.57,634.4464161105172,-93.8764161105172
167.76,217.03984447008338,-49.27984447008339
393.165,354.9309964186791,38.234003581320906
516.488,438.9589200434525,77.52907995654755
1007.232,731.7993992472649,275.4326007527351
2065.32,824.8793894488701,1240.44061055113
15.552,-10.80098340376776,26.35298340376776
25.344,144.10468282376542,-118.76068282376542
25.472,35.38881955902684,-9.916819559026841
27.168,-23.15378263586649,50.32178263586649
78.8528,68.28650666925273,10.566293330747271
173.8,207.63049150128973,-33.830491501289714
29.592,-45.36733079176611,74.9593307917661
4.752,-52.61234011488227,57.364340114882275
15.552,-24.155739428096922,39.70773942809692
204.6,270.3621071721368,-65.76210717213681
321.568,467.7467332039387,-146.1787332039387
6.24,-90.84828193714407,97.08828193714406
21.88,-68.30838820432996,90.18838820432995
4.608,-94.15861560452095,98.76661560452095
9.82,-82.27044177608536,92.09044177608536
35.97,1.2095542333172489,34.76044576668275
12.96,-80.11179204014957,93.07179204014957
191.6,199.7498260595264,-8.149826059526418
8.64,-45.43169185605848,54.07169185605848
501.81,531.6419330546621,-29.8319330546621
127.104,206.2592863010052,-79.1552863010052
124.2,112.57253290987182,11.627467090128178
18.588,-21.403717028862275,39.991717028862276
30.072,0.8519595358841343,29.220040464115865
160.93,258.1612263161071,-97.2312263161071
75.792,53.43136963878692,22.360630361213083
1.08,-46.08420836665664,47.16420836665664
3059.982,5292.141021389063,-2232.159021389063
3.282,-41.55275835358134,44.834758353581336
34.02,-9.943092854809038,43.96309285480904
599.292,502.1588419256774,97.13315807432264
3.392,-130.1873105866366,133.5793105866366
559.984,876.7501908000988,-316.7661908000988
603.92,505.21241932136786,98.7075806786321
7.968,-68.09907541864959,76.0670754186496
27.968,49.6216077032484,-21.6536077032484
336.51,377.85492288108935,-41.34492288108936
1.112,-14.376379607524086,15.488379607524086
520.05,455.4747754461116,64.57522455388835
17.97,-9.746919253713031,27.71691925371303
1166.92,903.3369545890312,263.5830454109689
14.624,-71.33782214166558,85.96182214166558
10.23,-35.72923057546586,45.95923057546587
154.9,186.39142101561197,-31.491421015611962
2715.93,1946.1747407352027,769.7552592647971
617.97,734.8217898138246,-116.85178981382455
10.67,-104.24186585656321,114.91186585656321
36.63,14.539288947162959,22.090711052837044
24.1,90.79940532514479,-66.6994053251448
33.11,194.78103308061918,-161.67103308061917
44.02,0.7450815565209723,43.27491844347903
2309.65,1554.5926595122962,755.0573404877039
1090.782,618.5462014410413,472.23579855895866
19.44,-17.746540014686843,37.18654001468684
484.65,543.2697876503888,-58.619787650388844
115.296,111.20996347604591,4.086036523954093
7.08,-38.41012539611734,45.490125396117335
4.401,2.375291075060659,2.025708924939341
44.75,100.88153604464719,-56.13153604464719
95.984,67.4556162002275,28.5283837997725
151.72,155.31500497107322,-3.595004971073223
155.25,159.73587068666575,-4.4858706866657485
14.03,-83.91973467126854,97.94973467126854
1618.37,1051.4411032733733,566.9288967266266
99.6,215.6247711811818,-116.02477118118182
32.4,81.01661666110954,-48.61661666110954
13.96,-65.79699815930758,79.75699815930759
155.82,160.5139928622541,-4.693992862254106
124.95,167.2005801556279,-42.2505801556279
601.65,532.4396527166641,69.21034728333586
22.74,-20.613975607619523,43.35397560761952
1267.53,1504.4087794833097,-236.8787794833097
1379.92,1037.5517668973011,342.3682331026989
6.208,-70.56164844339037,76.76964844339037
11.808,-83.86701012507456,95.67501012507455
15.552,-21.712787043165463,37.26478704316546
63.312,42.18233984342078,21.12966015657922
15.588,-30.196542716767226,45.78454271676723
177.2,181.36747164128133,-4.167471641281338
197.97,207.7521122094447,-9.782112209444705
854.94,1002.1718499873144,-147.23184998731438
124.11,339.74969954863764,-215.63969954863762
14.4,76.34654882659743,-61.94654882659743
15.696,-18.304538665099244,34.00053866509924
2.628,-50.25548105657526,52.88348105657526
14.427,12.35968641124532,2.067313588754679
86.62,71.52058449911578,15.09941550088422
36.624,-10.192806976560178,46.81680697656018
23.968,191.11073972834356,-167.14273972834357
28.728,-7.991609945909204,36.719609945909205
697.16,656.9830312988246,40.17696870117538
31.86,-31.439480077041935,63.299480077041935
722.352,814.1723707424649,-91.82037074246489
8.84,61.3491424417914,-52.5091424417914
58.464,343.26235121124614,-284.79835121124614
254.604,606.8572771721018,-352.2532771721018
1363.96,1018.9073050284285,345.05269497157155
102.36,85.3249383730913,17.0350616269087
1113.504,800.9699600744502,312.5340399255497
99.99,203.22095984917587,-103.23095984917587
168.464,202.84288347415782,-34.37888347415782
6.72,-79.93483891485607,86.65483891485607
282.888,410.2396278631229,-127.35162786312293
11.16,-72.70735677291282,83.86735677291281
108.4,108.78499517297291,-0.3849951729729071
82.344,60.56378764328724,21.780212356712752
9.088,21.603038115540812,-12.515038115540813
19.936,29.178975864000222,-9.242975864000222
65.568,21.6334346293645,43.9345653706355
4.416,-19.219435056797238,23.635435056797238
107.772,112.82243051011392,-5.050430510113912
45.216,27.92434551620795,17.29165448379205
10.416,205.12742882488078,-194.71142882488078
7.872,-19.845950744076163,27.717950744076163
118.782,113.86711874166986,4.914881258330141
1.448,-126.65422721496384,128.10222721496385
55.47,137.8426918711582,-82.3726918711582
194.848,179.52000160081957,15.327998399180444
1.744,-121.94693296174182,123.69093296174182
25.176,70.97243461862354,-45.796434618623536
19.46,183.31580316049553,-163.85580316049553
29.472,-9.75050466386051,39.22250466386051
8.64,-71.5852879810966,80.2252879810966
6.27,107.05489727140525,-100.78489727140526
4.368,213.9138798701797,-209.5458798701797
31.984,-26.058307782747534,58.042307782747535
40.88,190.46181123396832,-149.58181123396832
119.96,134.19731246232345,-14.237312462323459
31.44,7.146826131278203,24.293173868721798
6.88,-112.03435337643623,118.91435337643622
19.92,2.3931192642439783,17.526880735756023
1106.91,743.0180387637761,363.891961236224
836.592,504.1087590066487,332.4832409933513
26.38,-83.90704330562721,110.28704330562721
362.92,557.2594714081866,-194.33947140818663
4899.93,3392.366639335578,1507.5633606644224
6.48,-138.75218816542542,145.2321881654254
71.976,51.217530750906235,20.758469249093764
3.15,-140.2004880127081,143.3504880127081
31.984,-21.242665384972497,53.2266653849725
71.984,40.78901905977796,31.194980940222038
120.15,337.8611817013027,-217.7111817013027
219.184,293.192388716486,-74.008388716486
28.9,91.51876946847779,-62.61876946847779
355.96,551.8394772878595,-195.87947728785952
348.208,357.65927397885594,-9.451273978855909
35.784,221.5725835998894,-185.78858359988942
447.84,379.2854718848173,68.55452811518268
7.04,13.549506934040892,-6.509506934040892
8.73,-41.044272942110865,49.77427294211087
29.29,-51.143842532196686,80.43384253219668
8.64,-34.17632731565777,42.81632731565777
2.694,39.314922075280265,-36.62092207528026
2.934,49.19776745904869,-46.263767459048694
22.92,-11.341232681423435,34.26123268142344
100.704,197.03853417762684,-96.33453417762685
2.328,-53.18261354479296,55.51061354479296
10.78,145.91911626565616,-135.13911626565616
58.368,432.8719836138814,-374.5039836138814
40.968,23.310556752097682,17.65744324790232
71.96,129.14538406996576,-57.185384069965764
10.368,-64.23361533505522,74.60161533505521
1.192,-3.3005482009436946,4.492548200943695
46.672,-14.43594642303401,61.10794642303401
119.833,273.72413839456044,-153.89113839456044
119.98,120.74235713426651,-0.7623571342665088
6.3,-89.14119632750271,95.44119632750271
279.9,295.62449900809656,-15.724499008096586
619.95,525.4256604119565,94.52433958804352
4.36,-88.36698151353289,92.72698151353289
15.28,-72.62350915769343,87.90350915769343
699.93,575.8461097817891,124.08389021821085
22.96,184.85767248013076,-161.89767248013075
38.6,53.7920672735745,-15.192067273574501
6.63,-27.13575375562641,33.76575375562641
23.34,-47.16338300640018,70.50338300640018
1067.94,1245.6967390890286,-177.75673908902854
10.16,-106.52581613484267,116.68581613484267
101.88,186.67516536649396,-84.79516536649396
343.92,335.77805572851,8.14194427148999
40.99,2.2895270268472814,38.70047297315272
63.9,122.75292165955193,-58.85292165955193
19.44,-35.58402948706453,55.024029487064524
124.608,134.37983595895162,-9.771835958951613
7.56,-23.196937636776056,30.756937636776055
85.224,60.564283948899856,24.659716051100148
287.52,382.6454309681967,-95.12543096819672
37.68,-29.801701632658023,67.48170163265803
19.98,-62.122537169285806,82.10253716928581
20.58,179.9116541161443,-159.3316541161443
17.38,-71.70730808508097,89.08730808508096
204.6,277.3735958636073,-72.77359586360731
8.72,21.207526937980447,-12.487526937980446
6.48,-123.6795422095081,130.1595422095081
686.32,1146.5738918232407,-460.2538918232407
62.18,71.73709542703136,-9.557095427031363
644.076,1026.101187679838,-382.0251876798379
5.84,-127.09072491960319,132.9307249196032
12.76,-82.866786592263,95.626786592263
10.95,-104.90970410523096,115.85970410523096
599.98,979.9500623998633,-379.9700623998633
8.352,136.93340707705397,-128.58140707705397
3.64,-79.73331115845576,83.37331115845576
159.768,275.5232417428076,-115.75524174280761
122.48,131.89031795662436,-9.410317956624354
2244.48,1437.1893992601733,807.2906007398267
62.31,35.280512422832544,27.02948757716746
455.1,719.5579058498939,-264.4579058498939
195.184,524.2037661019996,-329.0197661019996
362.94,409.65678506366,-46.716785063659984
11.54,-74.71529268368931,86.2552926836893
53.94,24.888049125253247,29.05195087474675
9.99,-109.96735688662739,119.95735688662738
125.76,117.87606988464222,7.883930115357785
25.32,85.08132143450462,-59.761321434504616
46.8,56.22013285628941,-9.420132856289413
447.93,474.4231496735342,-26.49314967353422
109.48,109.45131123325609,0.028688766743911742
272.94,279.7846682863103,-6.844668286310309
19.44,-20.26555274431439,39.70555274431439
31.92,47.378981751251786,-15.458981751251784
22.38,-50.27569559819449,72.65569559819448
16.52,79.03985217370087,-62.51985217370087
5.176,80.1905632884534,-75.0145632884534
50.112,151.48502759253188,-101.37302759253188
27.93,1.0927662112883354,26.837233788711664
11.56,20.48601441755386,-8.92601441755386
172.5,218.73561826263017,-46.23561826263017
179.97,181.01568002910744,-1.0456800291074444
258.696,280.2596542909521,-21.56365429095206
1322.93,941.6084123844244,381.3215876155757
3.76,-78.24716075434526,82.00716075434526
21.744,-75.95867316733552,97.70267316733552
7.92,76.10710943357958,-68.18710943357958
12.096,194.15515600732806,-182.05915600732806
485.88,423.6582108573491,62.22178914265089
25.92,50.77823281677979,-24.85823281677979
197.58,281.2827285000769,-83.70272850007692
81.92,85.61612808709697,-3.696128087096966
889.536,621.5158859020969,268.02011409790305
892.224,995.7044007766418,-103.48040077664177
223.92,227.27640386061034,-3.3564038606103566
23.12,25.19672542864987,-2.076725428649869
15.552,-30.445351219488202,45.9973512194882
15.712,25.257011966312348,-9.545011966312348
24.672,-50.923005152627866,75.59500515262786
55.968,49.16082145891528,6.807178541084724
431.928,469.56151216955436,-37.633512169554365
95.984,111.4413138535183,-15.4573138535183
1088.792,341.1143102854453,747.6776897145546
544.008,594.4544267653681,-50.446426765368074
1.872,4.303694823397564,-2.4316948233975637
854.352,936.3083690858695,-81.95636908586948
593.568,922.4423571651371,-328.8743571651371
338.04,343.5845186921015,-5.544518692101462
271.96,260.08158939174837,11.878410608251613
11.21,-100.13278322922451,111.34278322922452
9.144,-26.709683526595654,35.85368352659565
14.07,175.58234710681086,-161.51234710681086
41.86,201.18014844969548,-159.32014844969547
8.544,-75.43381688222235,83.97781688222234
579.136,523.8186422080379,55.31735779196208
141.372,158.86937193924905,-17.497371939249035
3.036,-42.955183766499886,45.99118376649989
4.503,-84.5022247787665,89.0052247787665
4.672,-125.24978628255326,129.92178628255326
95.88,79.23736053201378,16.642639467986214
17.024,-46.26426951499434,63.28826951499434
258.696,279.82434608571157,-21.12834608571154
1931.958,985.4851553864121,946.472844613588
249.75,388.52512863136417,-138.77512863136417
255.936,345.6237437582538,-89.68774375825379
113.79,98.70029298125064,15.089707018749365
78.15,122.39330014303437,-44.24330014303436
1.728,-144.63307218490945,146.36107218490946
40.56,12.953272749095277,27.606727250904726
182.94,176.3969152448908,6.5430847551091915
193.86,248.50138662845256,-54.64138662845255
15.28,-75.30473205307612,90.58473205307612
8.73,-117.19872479882406,125.92872479882406
5.68,-82.59307417055152,88.27307417055152
2.78,-78.06972236598313,80.84972236598313
79.96,53.919598830036875,26.04040116996312
839.988,1355.0468991048292,-515.0588991048292
47.952,13.96167760121125,33.99032239878875
37.425,116.11136154180781,-78.68636154180781
63.968,21.68097749479989,42.28702250520011
165.048,157.42176037603485,7.626239623965148
12.35,-88.92392569241656,101.27392569241655
40.97,15.981587298094837,24.988412701905162
22.96,-42.037091947354156,64.99709194735416
22.0,47.168007998638814,-25.168007998638814
398.352,455.99532485754344,-57.64332485754346
8.72,23.405844832092725,-14.685844832092725
48.69,302.3884828356199,-253.69848283561993
764.688,588.8289280661487,175.85907193385128
3610.848,1499.2654992620671,2111.5825007379326
254.9745,258.86843580212985,-3.893935802129846
38.82,141.5551636416019,-102.7351636416019
1141.938,771.9452784596917,369.99272154030837
1704.56,1123.186455840511,581.373544159489
3.2,-77.15358982538669,80.35358982538669
1099.96,1048.3274404126416,51.6325595873584
5.248,-70.24936702441323,75.49736702441324
35.91,20.4826174818013,15.427382518198698
6.696,-111.89129507922144,118.58729507922143
43.872,-9.273514104459764,53.145514104459764
27.882,29.507499013678853,-1.6254990136788514
540.048,565.0518523982893,-25.00385239828927
255.68,358.9546786295364,-103.27467862953637
863.88,977.5006954053158,-113.62069540531581
17.616,74.00281532878898,-56.386815328788984
17.472,-21.51127807145508,38.98327807145508
69.9,20.22539710177307,49.67460289822694
41.85,85.59898928593338,-43.74898928593338
6.57,-29.988489694803093,36.55848969480309
142.86,356.6778405596351,-213.8178405596351
292.272,302.64626401123314,-10.374264011233151
29.328,4.127249117154406,25.200750882845593
12.48,-81.3517105987728,93.8317105987728
102.336,106.06372587811256,-3.7277258781125653
48.792,82.10676037748794,-33.31476037748794
44.848,285.09386822159354,-240.24586822159353
10.368,-74.52496386537769,84.89296386537768
388.43,317.7780528730059,70.65194712699412
14.352,-21.798504634854453,36.15050463485446
63.992,86.3612170579438,-22.369217057943807
86.352,75.84924737717802,10.502752622821987
32.97,-6.298553127438026,39.268553127438025
83.88,87.16016053176008,-3.280160531760089
278.4,287.42119421971734,-9.021194219717358
15.12,-31.80027663456849,46.92027663456849
17.43,-65.00310906244135,82.43310906244136
251.64,257.61603973678166,-5.976039736781672
2.772,258.05904902492375,-255.28704902492376
14.9,99.03794407070563,-84.13794407070563
15.48,-13.318374561802784,28.798374561802785
39.88,-8.3526157349595,48.2326157349595
12.192,29.75473554738369,-17.56273554738369
20.82,-6.005069376959682,26.825069376959682
13.216,9.716789973401774,3.4992100265982256
32.4,76.01515052715945,-43.61515052715945
32.94,6.650633940305852,26.289366059694146
114.2,163.73202237101555,-49.53202237101554
3.08,-134.71628567431344,137.79628567431345
845.728,745.960344688895,99.76765531110493
13.904,-69.6066856401153,83.5106856401153
20.72,-51.52451707968112,72.24451707968112
114.95,153.69750823609206,-38.74750823609206
26.96,-51.530105083341596,78.4901050833416
572.76,513.4044944899291,59.355505510070884
286.38,326.0530246664755,-39.6730246664755
61.96,36.03497246842653,25.92502753157347
23.99,-58.727944579912446,82.71794457991244
287.97,305.8965792709248,-17.926579270924776
419.944,402.4204325133712,17.523567486628792
46.76,182.9692950584049,-136.2092950584049
17.712,-30.674757091754373,48.386757091754376
21.78,-60.94605659448257,82.72605659448257
161.94,147.6646322393483,14.275367760651704
161.568,186.98330152287917,-25.41530152287916
3.69,-132.2750136646598,135.9650136646598
122.12,135.39446231138777,-13.274462311387765
155.372,190.13249793653017,-34.76049793653016
38.88,141.01552394682903,-102.13552394682904
183.84,326.237908537835,-142.39790853783498
579.3,475.70797258494576,103.59202741505419
14.2,-87.59178098422967,101.79178098422967
575.92,906.2719209433583,-330.3519209433583
5.184,151.30584983038148,-146.12184983038148
5.229,7.509904870267064,-2.2809048702670642
285.552,405.3584218718929,-119.8064218718929
72.8,120.74116096918283,-47.94116096918283
10.816,24.04731905796416,-13.231319057964159
46.26,25.208336509833998,21.051663490166
17.46,195.86223582996467,-178.40223582996467
51.072,168.11861607605806,-117.04661607605806
11.34,-119.65119602181153,130.99119602181153
87.92,97.0774598710002,-9.1574598710002
37.05,7.6066015661861,29.443398433813897
2.97,-112.20799858387409,115.17799858387409
27.44,-36.152480418395726,63.59248041839572
1.08,39.25895294626889,-38.17895294626889
7.96,7.490757513696508,0.4692424863034921
140.736,293.942066525472,-153.206066525472
552.56,490.2040944966536,62.35590550334632
25.11,-13.944854198929988,39.05485419892999
29.78,-32.72305171186895,62.50305171186895
677.58,789.7214553366737,-112.14145533667363
75.04,266.41628973169304,-191.37628973169302
695.7,1077.7216795979666,-382.02167959796657
15.66,108.10076235795827,-92.44076235795828
28.854,159.64748191472404,-130.79348191472405
47.82,29.382086491602877,18.437913508397124
13.05,77.09200886055032,-64.04200886055033
93.78,84.29413085613373,9.485869143866267
47.18,202.46735544406442,-155.28735544406442
19.68,135.56257390848623,-115.88257390848622
53.4,355.2274176624219,-301.8274176624219
35.88,145.16130505240812,-109.28130505240813
258.279,241.32385206754884,16.955147932451155
31.4,-29.18520779007804,60.58520779007804
183.96,200.91398857707327,-16.95398857707326
17.61,-26.414401587447173,44.02440158744717
300.904,877.4161466407951,-576.5121466407951
220.776,208.00218536305988,12.77381463694013
281.424,464.800496321242,-183.37649632124203
79.14,45.210893804381385,33.929106195618616
1.988,-98.60604246069602,100.59404246069602
145.568,169.68362844871717,-24.11562844871716
123.256,252.26811728200846,-129.01211728200846
23.68,45.58063869113607,-21.900638691136074
309.576,278.78048714225474,30.79551285774528
38.388,565.3532641104922,-526.9652641104922
95.994,78.27880365119813,17.715196348801868
239.952,246.71912164341825,-6.76712164341825
201.584,253.3590564659214,-51.77505646592141
899.136,728.4603876616229,170.67561233837705
145.9,172.91817753808755,-27.018177538087542
590.058,239.01635756316114,351.04164243683886
14.04,-10.364128553210776,24.404128553210775
49.08,17.87596105414832,31.20403894585168
29.6,-47.06345206472338,76.66345206472337
17.088,26.498483082604025,-9.410483082604024
912.75,743.5467120184256,169.20328798157436
1089.75,1306.6697608557831,-216.91976085578312
447.84,494.70166249988824,-46.86166249988827
16.4,93.76569668278671,-77.3656966827867
399.96,367.6187492022416,32.34125079775839
158.9,197.94272614278043,-39.042726142780424
13.184,-93.6927470002895,106.8767470002895
83.952,72.73548236680176,11.216517633198237
80.98,126.43866006146686,-45.45866006146686
348.84,446.3631179335234,-97.52311793352345
9.45,71.0415496322978,-61.5915496322978
18.84,-26.5812720058168,45.4212720058168
239.98,321.19134213631673,-81.21134213631674
167.96,202.1063360556575,-34.146336055657486
104.85,76.42792575954354,28.422074240456453
484.83,537.3485479466588,-52.51854794665877
122.97,100.76200787546782,22.207992124532183
154.44,130.92016777868184,23.519832221318154
342.37,375.8994556511973,-33.52945565119728
9.552,-30.4821619215586,40.0341619215586
652.45,384.7652282562142,267.68477174378586
66.645,54.401455926273684,12.243544073726312
17.216,28.989120398762907,-11.773120398762906
11.56,-78.01897385334814,89.57897385334815
88.4,94.59896574102254,-6.198965741022533
6.48,-128.63410495177686,135.11410495177685
21.8,-44.981411327929436,66.78141132792943
251.79,288.9606557828015,-37.170655782801504
205.176,265.75542870264576,-60.57942870264577
419.4,405.8495945310758,13.550405468924168
10.304,-93.05628977682045,103.36028977682045
154.764,132.41412996000417,22.349870039995835
116.784,113.59159745980082,3.1924025401991827
75.48,50.449116460988535,25.03088353901147
39.98,-12.784741187035934,52.76474118703593
393.165,363.57435290690273,29.59064709309729
23.68,-47.0875719905755,70.7675719905755
408.006,626.8045286510174,-218.79852865101748
165.28,166.60559747539992,-1.325597475399917
334.768,381.63052028245215,-46.86252028245218
239.97,241.11639193170367,-1.1463919317036755
37.74,1.904314275416482,35.83568572458352
946.344,680.4413449447082,265.9026550552918
151.2,148.57457199742043,2.6254280025795538
4.928,43.588769673257275,-38.66076967325728
86.272,96.88970938569264,-10.617709385692635
72.588,51.678333902783606,20.909666097216387
60.672,19.51334028813062,41.158659711869376
77.031,323.22756939445026,-246.19656939445025
119.904,198.90186996432408,-78.99786996432408
263.96,257.1818146394021,6.778185360597888
363.648,306.10117729871513,57.546822701284896
9.728,-77.31865947341453,87.04665947341452
14.75,71.0847964299478,-56.3347964299478
29.8,88.41090122723085,-58.610901227230855
427.42,702.044635869085,-274.624635869085
220.752,326.5445669380367,-105.79256693803671
152.76,219.28198554998562,-66.52198554998563
7.27,-119.27719081431951,126.5471908143195
1819.86,1038.5560777706658,781.3039222293341
33.9,103.1102928626392,-69.21029286263919
31.104,148.5382443264823,-117.4342443264823
5.248,-66.49278197253125,71.74078197253125
263.88,277.0271113598151,-13.147111359815085
2453.43,1605.9529714859675,847.4770285140323
29.7,78.55804391155493,-48.85804391155493
39.96,53.11746572628408,-13.15746572628408
36.672,-26.416526737415097,63.088526737415094
13.76,-80.90181715244375,94.66181715244376
139.424,140.5238640376583,-1.0998640376583069
1979.928,1072.9968281351587,906.9311718648414
164.736,144.54336663461368,20.192633365386314
470.302,373.6354600887171,96.66653991128294
47.984,-16.019549688445068,64.00354968844508
2.502,5.570563078021678,-3.068563078021678
88.752,71.5329963388815,17.219003661118492
2.025,-103.86887448377024,105.89387448377025
70.98,172.71532183044087,-101.73532183044087
91.68,64.02756276667606,27.65243723332395
33.75,83.02966853913881,-49.27966853913881
3040.0,2018.8183771443673,1021.1816228556327
91.2,64.42760931478028,26.77239068521972
452.94,498.9621355935932,-46.02213559359319
52.2,303.0620689927291,-250.86206899272912
15.936,36.05147487024328,-20.115474870243283
27.46,-55.47681884984149,82.9368188498415
55.424,21.52303108135152,33.90096891864848
244.006,327.03397875621135,-83.02797875621135
159.984,195.2507636760788,-35.266763676078796
1024.716,702.6249468432367,322.0910531567632
3.68,-88.98638436702709,92.66638436702709
121.376,128.1628895204799,-6.786889520479889
95.976,79.66230509173965,16.313694908260345
255.968,235.31094073295185,20.65705926704814
872.94,1023.0261448481385,-150.08614484813847
41.54,-27.147005982872997,68.68700598287299
12.96,-74.16202110897643,87.12202110897644
6.848,-64.04484528522767,70.89284528522766
8.67,-34.200512871237606,42.87051287123761
6.688,54.020706343255824,-47.33270634325582
17.28,143.21498437450373,-125.93498437450373
17.712,-13.43565197602743,31.14765197602743
28.91,191.26123358346217,-162.35123358346218
52.136,213.57954717162715,-161.44354717162716
31.968,41.699168786484506,-9.731168786484506
25.92,35.155724853148286,-9.235724853148284
40.46,193.95305032347073,-153.49305032347073
33.87,4.219589362342049,29.65041063765795
9.728,-60.9235837786382,70.6515837786382
3.424,-122.3295176005031,125.7535176005031
177.0,189.76143734315497,-12.761437343154967
3.76,-104.96975990559963,108.72975990559964
1212.848,799.6160445881886,413.2319554118113
89.97,66.40143367208202,23.568566327917978
42.6,11.412934371122674,31.187065628877328
5.04,-67.146173416696,72.18617341669601
62.96,79.75074563878616,-16.790745638786156
5.88,-125.04197382827306,130.92197382827305
977.292,740.2022643349028,237.08973566509724
9.64,-59.27345531136416,68.91345531136416
40.05,11.920714058601789,28.12928594139821
10.192,181.4881363550785,-171.2961363550785
16.784,-68.96025541732752,85.74425541732751
13.12,84.0722848453338,-70.95228484533379
18.16,71.58412156690451,-53.42412156690452
16.056,-10.699514876602962,26.755514876602962
223.056,394.3662227200448,-171.31022272004478
540.048,568.6222413144304,-28.574241314430424
33.52,-21.780240837931842,55.300240837931845
9.94,-71.3253828641748,81.2653828641748
6.72,10.293393396983447,-3.5733933969834473
1004.976,639.5623229054415,365.41367709455847
17.88,-7.944280972686556,25.824280972686555
396.0,412.68310741298205,-16.683107412982054
34.5,-7.592348589266976,42.092348589266976
8.36,-86.81179624507922,95.17179624507922
385.6,429.6166997307605,-44.01669973076048
35.82,293.25144070923216,-257.43144070923216
200.064,206.81451821125574,-6.750518211255752
21.38,144.57975364579056,-123.19975364579057
6.744,97.18563161280804,-90.44163161280804
63.686,96.74871121190972,-33.06271121190972
1669.6,1476.0846204492261,193.5153795507738
83.84,63.67259244982256,20.167407550177444
13.272,-16.734333080578836,30.006333080578834
21.336,173.7561916358586,-152.4201916358586
16.52,81.44285405876667,-64.92285405876667
206.112,256.52342892292154,-50.411428922921544
19.92,82.37682414953838,-62.45682414953838
198.272,330.6141181727394,-132.3421181727394
247.104,256.12813252654405,-9.024132526544037
86.304,179.7740369421458,-93.47003694214581
4.16,-66.20211615357948,70.36211615357948
11.648,-62.42303258982406,74.07103258982406
26.18,192.37488373241467,-166.19488373241467
7.3,-85.35166674578818,92.65166674578818
74.352,52.10333084203694,22.248669157963064
10.744,-95.77116756182795,106.51516756182795
8.376,-27.78837240525354,36.16437240525354
212.88,259.1066208917814,-46.22662089178141
203.983,259.64968742067254,-55.66668742067253
40.74,24.08025828039422,16.659741719605783
11.67,-17.76169543352421,29.43169543352421
39.99,-5.552991108668493,45.542991108668495
16.28,-66.78662952727268,83.06662952727268
782.94,912.7909094883132,-129.85090948831316
242.48,320.2861472909085,-77.80614729090851
8.32,69.95842806425821,-61.638428064258214
10.464,130.51495599237296,-120.05095599237296
82.896,60.53945133638399,22.35654866361601
34.24,42.6606780431207,-8.420678043120695
1573.488,1020.0505026279761,553.4374973720239
335.52,347.84124405412786,-12.321244054127874
23.912,26.225344716249765,-2.313344716249766
27.056,-21.46527473304377,48.52127473304377
559.992,1797.5382655586172,-1237.5462655586173
9.324,238.09692552033175,-228.77292552033174
111.96,112.74993159489077,-0.7899315948907741
21.56,177.22985531308836,-155.66985531308836
124.75,170.74729952571442,-45.997299525714425
5.28,-23.51434079655064,28.794340796550642
91.96,103.6654764722357,-11.705476472235702
9.344,-136.71080979096973,146.05480979096973
79.36,138.2584623903897,-58.898462390389696
171.96,217.4764065949082,-45.516406594908204
35.352,294.9085972114426,-259.55659721144264
18.9,124.72155544622865,-105.82155544622864
2.78,-134.71523928514966,137.49523928514967
1044.63,685.5502202137958,359.0797797862043
11.352,-22.704671871082155,34.05667187108216
354.9,316.0434433828573,38.8565566171427
453.576,505.0032137175252,-51.427213717525206
21.48,-6.5938958002780055,28.073895800278006
8.784,89.08814896905142,-80.30414896905141
122.97,101.78116275354569,21.188837246454312
12.84,-24.535527828611293,37.3755278286113
603.92,458.07958775508723,145.84041224491273
21.84,-21.21239153162651,43.05239153162651
29.99,-45.687227881579474,75.67722788157947
381.44,562.262043542229,-180.82204354222898
40.68,28.192044043322312,12.487955956677688
763.28,589.1278263603673,174.15217363963268
23.952,-43.660550473518015,67.61255047351801
4.98,-138.60885101757026,143.58885101757025
170.88,171.82633821545642,-0.9463382154564215
307.98,453.09832881676425,-145.11832881676423
382.806,389.3971464354497,-6.59114643544973
41.96,-12.219003922723232,54.17900392272323
1217.568,2113.3853776869432,-895.8173776869432
47.04,18.524345269175228,28.51565473082477
6.16,-90.85751121904923,97.01751121904923
979.95,821.3399771554294,158.6100228445706
143.7,138.94573079256497,4.754269207435016
10.65,-32.851415324256095,43.501415324256094
247.8,240.8743046784582,6.925695321541809
10.96,36.12678765532178,-25.166787655321777
33.488,202.70016542406142,-169.21216542406142
8.04,74.07568243650462,-66.03568243650463
201.568,211.7546305042929,-10.186630504292879
13.44,-33.37426079493093,46.81426079493093
359.058,363.38371967616536,-4.325719676165363
47.992,6.243760112912696,41.7482398870873
547.3,691.4936539989603,-144.19365399896037
16.896,36.806246321289336,-19.910246321289335
6.672,-107.6152443990402,114.28724439904019
99.136,111.4110016736447,-12.27500167364471
15.992,-18.333055954110705,34.32505595411071
211.96,277.6793476905243,-65.7193476905243
6.672,-19.699916425248603,26.371916425248603
155.94,222.65132292840985,-66.71132292840986
39.96,95.1659500368919,-55.2059500368919
5.46,-30.791329284554422,36.25132928455442
73.2,123.15472111391318,-49.95472111391318
5.84,-130.63741282492856,136.47741282492856
22.72,27.920471193880303,-5.200471193880304
9.336,-30.276010446831833,39.61201044683183
290.666,419.112971605653,-128.446971605653
201.584,261.4390736920434,-59.85507369204339
83.984,57.72181272843636,26.262187271563633
1000.02,756.7170639457717,243.30293605422833
83.976,76.71210407534159,7.263895924658414
3.75,-134.61091236225298,138.36091236225298
41.4,52.217059626817445,-10.817059626817446
29.79,-3.589541590687304,33.3795415906873
59.48,22.32124861330294,37.158751386697055
6.69,-124.61424496792142,131.30424496792142
198.46,282.1367629722515,-83.67676297225151
786.48,696.5517264177497,89.92827358225031
23.168,-40.52819142335102,63.69619142335102
50.0,11.151564284930146,38.848435715069854
675.96,560.3631475014791,115.59685249852089
1265.85,1576.0948441339242,-310.2448441339243
523.25,479.9092499571924,43.3407500428076
517.5,471.71399573020994,45.786004269790055
17.92,91.56731605311461,-73.64731605311461
41.256,175.71034277965805,-134.45434277965805
1006.056,1124.8483025268742,-118.79230252687421
10.688,-84.83863888120482,95.52663888120482
10.368,-82.30071924633194,92.66871924633193
25.12,-45.04148485625274,70.16148485625274
58.112,5.495400123135596,52.616599876864406
15.552,-7.314368995300356,22.866368995300355
669.08,494.80619082419923,174.2738091758008
438.336,386.2227183317111,52.11328166828889
19.44,-15.376538718066058,34.816538718066056
9.64,-81.4117011908138,91.0517011908138
12.7,-69.50333090250024,82.20333090250024
41.37,13.288405930706176,28.08159406929382
12.624,-93.52270176630327,106.14670176630327
1247.64,1492.0861694321004,-244.4461694321003
3149.93,2218.2101921166222,931.7198078833776
209.7,295.5093190857551,-85.80931908575513
35.36,-23.53552157659101,58.89552157659101
3.168,-63.94962433960677,67.11762433960678
121.104,200.1977358747563,-79.09373587475629
45.894,35.462773481569684,10.431226518430314
109.92,105.66317998276077,4.256820017239235
13.36,-73.47287455902347,86.83287455902347
169.68,235.65606996835913,-65.97606996835913
132.52,143.23820382328995,-10.71820382328994
2.96,-87.21962812397123,90.17962812397123
8.448,-75.6398073776088,84.08780737760881
95.94,82.05207933948532,13.88792066051468
34.79,194.08193361890199,-159.291933618902
160.776,154.23219619087376,6.543803809126246
88.752,87.11466937465934,1.6373306253406525
13.904,-50.49005677259629,64.39405677259629
677.58,495.06741655270446,182.51258344729558
13.896,17.321680341651927,-3.425680341651926
41.92,105.99371914424455,-64.07371914424455
297.576,307.84469081809357,-10.268690818093546
4.344,-23.195507881052208,27.53950788105221
94.992,85.71850096342405,9.273499036575956
74.352,58.06277950445542,16.289220495544583
14.04,-7.907345734383171,21.94734573438317
1018.104,765.9983590480491,252.10564095195093
16.68,-7.887472480574843,24.567472480574843
58.58,12.542321010356773,46.037678989643226
167.968,178.51103863463095,-10.54303863463096
196.62,271.70584069597885,-75.08584069597885
21.936,-17.945795992337708,39.88179599233771
6.588,43.93546057951448,-37.34746057951448
104.28,92.56948508006803,11.710514919931967
17.94,-18.685591907509206,36.625591907509204
64.784,98.1284273270303,-33.34442732703029
32.382,13.453286642555668,18.92871335744433
42.368,-1.3047707645505398,43.67277076455054
399.54,224.78850873728788,174.75149126271214
18.97,-88.27997825799548,107.24997825799548
14.82,-23.98585547787593,38.80585547787593
99.28,88.93607159800854,10.343928401991462
1.188,-47.78815723828484,48.97615723828484
7.518,-39.15432571897759,46.67232571897759
10.368,-73.54314823896016,83.91114823896015
310.88,450.8836107545749,-140.00361075457488
853.092,546.4539287927732,306.63807120722674
33.45,86.56794863058485,-53.11794863058485
10.4,67.69606554876873,-57.29606554876873
21.88,91.43402039671946,-69.55402039671947
13.616,-55.78344648964389,69.39944648964389
63.96,76.23272170026712,-12.27272170026712
14.46,-26.720349800036274,41.180349800036275
104.98,98.39120290134565,6.588797098654354
106.96,103.41649056909841,3.5435094309015795
21.56,183.6500111682592,-162.0900111682592
515.88,453.1212901655715,62.75870983442849
11.808,-73.56699657197623,85.37499657197623
1931.04,1121.9463472118532,809.0936527881468
9.96,-107.9019763079391,117.8619763079391
12.35,35.1717492737871,-22.8217492737871
9.702,-9.637150523896025,19.339150523896024
11.61,-23.709330603002172,35.31933060300217
43.86,152.9619135179223,-109.10191351792231
148.48,172.6095065852437,-24.129506585243718
7.42,-77.10827712736432,84.52827712736432
71.992,116.4029012746687,-44.41090127466869
19.9,84.98773115687436,-65.08773115687436
1702.12,1136.6471604322167,565.4728395677832
14.304,140.1623618798178,-125.8583618798178
765.625,374.0459883976762,391.5790116023238
307.666,438.45169259931504,-130.78569259931504
7.712,-78.4942734928361,86.2062734928361
242.9,261.26601808333703,-18.366018083337025
454.9,389.39943113622076,65.50056886377922
35.92,51.6815819120593,-15.761581912059299
39.76,248.95459579397766,-209.19459579397767
47.744,62.209661884551906,-14.465661884551906
159.984,193.87346024998624,-33.88946024998623
255.968,251.09610929049927,4.871890709500718
359.058,363.0405700013721,-3.982570001372096
434.352,472.7188826518279,-38.36688265182795
3.552,-74.8638433579963,78.41584335799631
88.832,103.64110654352726,-14.809106543527264
1048.35,766.7355591808303,281.61444081916966
100.0,107.96811925996212,-7.968119259962123
7.83,-34.67539003781053,42.50539003781053
96.256,285.82539879758383,-189.56939879758383
10.688,-66.92096199122284,77.60896199122284
338.04,348.04352334487476,-10.003523344874736
154.24,162.58618824025757,-8.346188240257561
34.848,-21.81035302098394,56.65835302098394
22.0,94.44309591228784,-72.44309591228784
4.368,-21.28261251365643,25.650612513656434
31.44,-2.1973080372522418,33.63730803725224
17.9,-61.441948360640936,79.34194836064094
129.45,168.0022895343575,-38.5522895343575
20.88,232.06426613728877,-211.18426613728877
20.736,43.616982673629764,-22.880982673629763
7.168,-58.616938312103,65.78493831210301
11.168,-42.814542102826636,53.982542102826635
442.4,391.05487035212377,51.345129647876206
13.36,-68.7927855631849,82.1527855631849
11.232,267.77255925569966,-256.5405592556997
10.272,-53.46799195039307,63.73999195039307
10.368,-60.54141963023244,70.90941963023243
6.24,-10.054525833624893,16.294525833624895
206.962,277.5813918323852,-70.61939183238519
9.46,-85.7996501484638,95.2596501484638
559.62,528.2520638243955,31.36793617560454
109.92,97.4121955131825,12.507804486817506
8.56,-91.87336116601136,100.43336116601137
360.712,539.7939915580127,-179.08199155801276
1718.4,1145.713581778713,572.6864182212871
41.568,192.74671008054247,-151.1787100805425
46.864,4.8688356432039654,41.99516435679603
19.536,-4.1065758013292,23.6425758013292
411.332,371.73585585400406,39.596144145995936
28.752,135.2353335515777,-106.4833335515777
293.199,295.6111842149303,-2.412184214930278
35.06,-20.285963495464785,55.34596349546479
4.13,-128.78348054129765,132.91348054129764
109.8,339.56257159570464,-229.76257159570463
9.82,-69.18000323324736,79.00000323324736
7.644,67.60424726936594,-59.960247269365944
51.465,131.41501329484822,-79.95001329484822
6.976,32.127376917854235,-25.151376917854236
12.222,243.50809124210173,-231.28609124210172
97.984,82.80407620008805,15.179923799911947
62.4,152.74517834548124,-90.34517834548123
20.86,-59.34380646574368,80.20380646574368
497.61,515.2722222193252,-17.662222219325145
5.34,-76.09005050210703,81.43005050210704
3.15,-136.24838622337052,139.39838622337052
368.91,471.86967846552443,-102.9596784655244
14.7,74.32866371165164,-59.62866371165164
59.97,44.89700346092377,15.072996539076229
83.36,155.89527467115818,-72.53527467115818
6.58,-85.43925140697684,92.01925140697684
122.94,107.73980490315739,15.200195096842606
219.84,242.32032408507212,-22.480324085072112
98.16,190.0126738416277,-91.8526738416277
33.04,247.78191068090928,-214.74191068090929
86.97,78.66750678752533,8.302493212474673
134.97,135.661608434943,-0.6916084349429923
699.98,1164.3654243918459,-464.38542439184585
139.95,179.47277443202506,-39.522774432025074
48.94,34.96306362376663,13.976936376233368
2807.84,1652.166067748641,1155.6739322513592
46.64,62.330965461432015,-15.690965461432015
60.416,32.86525312992512,27.550746870074875
107.94,94.44353899897442,13.49646100102558
63.84,259.45748235592896,-195.61748235592896
347.97,390.7063035093108,-42.7363035093108
37.008,140.28394411995419,-103.27594411995418
215.65,236.31131220491102,-20.661312204911013
11.168,24.04928961722885,-12.881289617228852
53.952,31.52871509474926,22.42328490525074
4.18,-119.51314107813732,123.69314107813733
5.607,-79.40030423233111,85.00730423233111
4663.736,2059.551587619322,2604.1844123806777
79.984,55.94411832553715,24.039881674462848
2575.944,1506.5341979922316,1069.4098020077683
45.36,186.22769214285904,-140.86769214285903
254.24,312.2728235350655,-58.03282353506552
69.93,213.26206276870926,-143.33206276870925
16.156,218.9682658472393,-202.8122658472393
54.816,31.019988470311773,23.79601152968823
1441.3,966.165836167565,475.134163832435
77.6,137.0479480192239,-59.4479480192239
4.656,-74.03598820956267,78.69198820956268
170.136,161.7084949003313,8.427505099668707
7.38,-82.30753977871586,89.68753977871586
9.26,-73.09783914498712,82.35783914498712
9.96,-81.08584270229949,91.0458427022995
75.6,75.88218116876033,-0.2821811687603315
29.32,-1.203746166461542,30.523746166461542
92.064,194.80094122388232,-102.73694122388233
6.976,15.762213022684364,-8.786213022684365
62.958,40.10474762248327,22.853252377516725
5.184,-131.97892997523059,137.16292997523058
31.32,385.5116704392426,-354.1916704392426
11.84,39.02207321947685,-27.18207321947685
22.784,-47.470773039986625,70.25477303998662
1127.976,1281.2683653306435,-153.2923653306434
38.88,135.9928706195833,-97.1128706195833
779.796,1186.1911123507948,-406.39511235079476
1439.92,962.591525649247,477.328474350753
262.11,764.380134948248,-502.270134948248
207.0,215.27320209625577,-8.273202096255773
1439.982,1505.3322601319476,-65.3502601319476
36.288,199.6332552449578,-163.3452552449578
21.4,76.39164139887475,-54.991641398874755
1245.86,896.661911204051,349.19808879594893
17.544,-14.713529482373588,32.257529482373585
44.128,60.102442110126276,-15.974442110126276
62.92,81.41451213432424,-18.49451213432424
78.304,51.71458888331631,26.589411116683692
140.81,344.5926721713165,-203.7826721713165
40.096,54.2790781531462,-14.183078153146205
40.784,13.719886049313345,27.064113950686654
90.57,89.49621845623642,1.0737815437635732
40.08,135.7273326677946,-95.6473326677946
37.68,-33.97949570614128,71.65949570614129
362.352,371.94229107240767,-9.590291072407695
7.184,-102.59228767945615,109.77628767945615
34.76,-17.924055800134283,52.68405580013428
831.2,680.0899894633462,151.11001053665382
26.4,87.24120739186469,-60.84120739186469
106.75,238.03475929084402,-131.28475929084402
97.82,88.19638343631846,9.623616563681537
141.4,177.61185785984821,-36.21185785984821
14.52,-32.36340358075063,46.883403580750624
127.92,162.9342942922649,-35.01429429226489
34.24,97.9649136509504,-63.72491365095039
137.62,140.20491889720074,-2.584918897200737
100.49,194.12088990794746,-93.63088990794746
257.568,348.96436659449705,-91.39636659449707
119.96,124.56363635062758,-4.603636350627582
49.632,68.86433538200595,-19.23233538200595
727.45,422.83883528453157,304.6111647154685
24.96,-2.419429185112449,27.37942918511245
370.782,364.25797049924927,6.524029500750714
196.45,219.8369382847004,-23.38693828470042
31.104,152.57894248810976,-121.47494248810976
78.256,65.75788536255004,12.498114637449959
6.48,-116.11784090829838,122.59784090829838
99.2,147.9946984785845,-48.79469847858449
801.568,1287.753133298324,-486.185133298324
272.848,800.0899790791266,-527.2419790791266
70.98,122.32682697360906,-51.346826973609055
16.224,-90.55123303982032,106.77523303982032
176.784,465.3736376722684,-288.5896376722684
470.376,519.8642199736743,-49.48821997367429
393.568,342.6957298826121,50.87227011738787
302.376,319.2235616905532,-16.84756169055322
68.742,323.4236544791313,-254.68165447913128
29.34,-45.45886150824663,74.79886150824663
383.607,377.848314116118,5.758685883882038
563.4,514.0796944731717,49.32030552682829
217.056,307.07578069430656,-90.01978069430655
6.0,-76.28912038736962,82.28912038736962
31.56,-1.2101313719913378,32.77013137199134
7.104,-118.69659723025507,125.80059723025506
398.352,305.34234171091293,93.00965828908704
121.792,126.30244079763338,-4.510440797633379
409.59,401.7604834128506,7.829516587149385
10.56,-78.92020057418358,89.48020057418358
3.38,-133.49624602689642,136.8762460268964
7.824,-152.52709273253708,160.3510927325371
24.784,-44.89988063195756,69.68388063195755
34.65,2.7501537357568395,31.89984626424316
487.984,790.4957932231384,-302.51179322313845
1793.98,3213.667524428795,-1419.6875244287949
29.808,-31.812572742314387,61.62057274231439
505.176,359.26382526259295,145.91217473740704
174.0585,160.49796274804885,13.56053725195116
191.88,245.79370439851346,-53.91370439851346
14.78,-68.12850352273722,82.90850352273722
5.184,-127.19833839005673,132.38233839005673
478.48,739.8562649626898,-261.3762649626898
28.4,-41.66790502835852,70.06790502835852
909.12,611.0289673626581,298.09103263734187
2.952,-53.015095589775,55.967095589775
27.018,164.07648862073393,-137.05848862073393
136.92,132.850948561711,4.069051438288994
18.96,-51.985005602114825,70.94500560211483
99.39,81.65321436198928,17.736785638010716
273.896,334.5114282884888,-60.61542828848877
597.132,660.9985747492971,-63.866574749297115
149.95,171.64389471437016,-21.693894714370174
4.608,-88.7509890148408,93.3589890148408
15.528,-31.41961762919027,46.94761762919027
11.952,-29.940909662854665,41.89290966285466
11.65,79.78737212358624,-68.13737212358623
299.9,444.7575477009375,-144.85754770093752
895.92,772.6077197624809,123.31228023751908
462.564,723.2586637769879,-260.69466377698785
15.008,-51.12845807476742,66.13645807476742
863.64,645.636416178909,218.00358382109096
47.616,23.9293646696417,23.6866353303583
92.94,69.4337644071386,23.5062355928614
199.98,264.04537121761314,-64.06537121761315
177.48,174.34381897728395,3.1361810227160447
88.768,59.32386940416609,29.44413059583391
6.48,-123.78756113683767,130.26756113683766
46.51,31.148122736099594,15.361877263900404
659.976,730.6839435335866,-70.70794353358656
271.992,788.945891986545,-516.9538919865449
145.74,134.85070032746876,10.889299672531251
15.4,64.79401741266724,-49.394017412667246
244.55,272.41166444890746,-27.861664448907447
166.16,317.6075515166274,-151.44755151662739
14.73,-22.021013548064957,36.75101354806496
19.968,-33.11248951381526,53.080489513815266
33.488,193.85611204371207,-160.36811204371207
8.736,52.56460280393344,-43.828602803933435
662.88,730.2394010969557,-67.35940109695571
47.36,52.3491144619411,-4.989114461941099
27.44,-42.59148697712885,70.03148697712885
3.24,340.6214223460306,-337.3814223460306
95.968,109.03711562599847,-13.069115625998464
10.368,-66.0545936399269,76.4225936399269
23.1,-48.32445156021254,71.42445156021253
11.54,-66.97476371817743,78.51476371817742
254.526,707.6794371711358,-453.15343717113575
12.98,-98.9547437028375,111.93474370283751
26.432,231.6071040437123,-205.1751040437123
197.97,205.61094325339332,-7.640943253393317
18.9,125.56189415394078,-106.66189415394078
1282.41,1012.2676321247701,270.14236787523
4.92,-35.89729669730082,40.81729669730082
238.0,327.30807273659434,-89.30807273659434
167.97,164.6858803037078,3.2841196962922083
17.12,25.81897244240804,-8.698972442408039
16.2,-24.60502196133143,40.805021961331434
33.99,2.883580372829101,31.1064196271709
296.85,291.3643186690465,5.4856813309535255
112.8,193.6606760589973,-80.8606760589973
13.71,-27.051739514618703,40.761739514618704
24.9,82.25481698127442,-57.35481698127442
286.29,298.484574490624,-12.194574490624007
24.18,-45.31588194738515,69.49588194738516
281.97,312.99413991672895,-31.024139916728927
69.5,129.6955243990833,-60.1955243990833
166.44,180.17958237444986,-13.739582374449867
291.96,302.8423189962341,-10.882318996234119
6.408,-27.6561423023702,34.0641423023702
408.744,392.6499548228014,16.09404517719861
5.104,91.67557417561466,-86.57157417561466
2.896,-80.23225195374835,83.12825195374835
35.016,14.849898354403422,20.166101645596576
275.97,278.1243573639331,-2.154357363933059
1394.95,1135.9797741820048,258.97022581799524
545.88,448.5435048965628,97.33649510343719
5.248,-64.41145310871502,69.65945310871503
933.536,831.9808267960739,101.55517320392607
42.976,48.88590042608257,-5.909900426082572
3.76,-94.62630939149972,98.38630939149972
479.96,477.3109559362233,2.649044063776671
320.88,331.07885295707797,-10.198852957077975
23.88,-22.485147827236688,46.36514782723668
26.76,31.41579806313598,-4.655798063135979
1439.976,1297.5564317333933,142.4195682666068
17.22,-19.214003090931556,36.434003090931554
1024.38,751.6942276935916,272.68577230640847
26.22,-10.144810486996903,36.3648104869969
17.34,-20.81010166989904,38.150101669899044
4.956,60.4125455148403,-55.4565455148403
71.04,175.4014062144238,-104.36140621442378
5.344,-62.96014581992972,68.30414581992972
11.304,5.791047996943007,5.512952003056993
294.62,103.22124075706415,191.39875924293585
8.752,51.05892947999405,-42.30692947999405
15.0,22.362100118542457,-7.3621001185424575
161.61,415.14413364788265,-253.53413364788264
144.95,179.27542611950958,-34.325426119509586
199.95,214.89429150371916,-14.944291503719171
41.86,197.77126027367126,-155.91126027367125
95.94,78.4185998377477,17.52140016225229
304.45,301.68801395661717,2.7619860433828194
11.364,45.89249582027014,-34.52849582027014
29.68,193.6669877819072,-163.9869877819072
47.53,206.28808909066652,-158.75808909066652
183.372,212.76105497583376,-29.389054975833744
4.224,-15.190435764499398,19.414435764499398
333.056,499.7131520016703,-166.65715200167034
24.896,48.17150840639488,-23.275508406394877
159.984,195.43106891679759,-35.447068916797576
46.344,25.809244154349017,20.534755845650984
350.98,1065.5120469813878,-714.5320469813878
13.08,-77.56806745491758,90.64806745491758
900.08,810.9270248002501,89.1529751997499
17.568,-64.29386943387817,81.86186943387817
14.62,-71.49819004772439,86.1181900477244
33.36,47.34496108898088,-13.984961088980882
40.14,142.9964775497392,-102.85647754973921
1606.23,1047.6486232761035,558.5813767238965
17.04,-21.126860648429783,38.16686064842978
49.53,19.925710012814307,29.604289987185695
872.32,839.6857882496784,32.6342117503217
239.12,247.31903665384834,-8.199036653848339
141.96,169.06456422382098,-27.104564223820972
33.024,-41.92242341561564,74.94642341561564
67.136,65.85750551729893,1.2784944827010634
14.73,-24.757158215492154,39.48715821549216
104.9,156.3994991537229,-51.499499153722894
61.04,70.62169048496958,-9.581690484969577
10.95,-21.042163405538304,31.992163405538303
9.392,-69.73368734724795,79.12568734724795
9.328,-94.77290279644808,104.10090279644808
8.26,-76.72051841558869,84.98051841558869
269.97,292.1045829245195,-22.134582924519464
29.04,-3.6645210587626025,32.7045210587626
14.62,-63.769582971439604,78.38958297143961
11.952,-22.409300443207258,34.361300443207256
4.536,211.04260446826697,-206.50660446826697
9.156,-44.689507386762216,53.845507386762215
75.36,121.71116200615256,-46.35116200615256
57.504,156.28749694524072,-98.78349694524073
38.864,203.49852452730352,-164.6345245273035
15.552,-11.223058628254421,26.77505862825442
162.64,203.93594275353053,-41.29594275353054
597.0,730.1055760394447,-133.1055760394447
55.48,47.55305445500335,7.926945544996649
289.8,327.31504704678264,-37.51504704678263
2.502,2.5593845326693554,-0.057384532669355615
6.48,54.803454608413176,-48.32345460841317
341.488,358.5249404431945,-17.03694044319451
11.12,77.18755752236507,-66.06755752236506
25.344,139.85125978228825,-114.50725978228826
17.31,-13.995936450951604,31.305936450951602
199.95,220.04949565796733,-20.09949565796734
1586.69,1080.1756198487888,506.5143801512113
84.99,144.87032072367242,-59.880320723672426
411.8,631.0593185718601,-219.2593185718601
11.34,-58.15358932074491,69.49358932074492
80.3,134.48825065393748,-54.18825065393749
15.968,-61.40342207306685,77.37142207306685
64.74,511.60710416134566,-446.86710416134565
19.296,-16.08507338922277,35.38107338922277
405.64,375.02630598768724,30.61369401231275
146.352,139.00983859913208,7.342161400867923
251.91,392.3611264932315,-140.4511264932315
12.39,-20.12862098508117,32.51862098508117
199.96,200.7278534836223,-0.7678534836223037
710.832,741.7223044964786,-30.89030449647862
1.941,-100.51369782647066,102.45469782647066
283.92,264.47075634873727,19.449243651262748
7.312,-63.54365781850902,70.85565781850902
59.97,30.592251099945543,29.377748900054456
761.544,563.5916642069058,197.95233579309422
58.2,32.78269959204158,25.41730040795842
39.9,85.40399309177815,-45.50399309177815
90.86,216.0943666448518,-125.23436664485179
94.85,133.9612599382849,-39.11125993828492
106.232,235.54792970853873,-129.31592970853873
111.984,110.70716520865699,1.2768347913430063
7.712,-70.69013035819535,78.40213035819535
37.44,138.4239061957269,-100.98390619572689
23.68,-40.221104783089686,63.901104783089686
122.12,133.77771029332575,-11.65771029332575
18.45,82.27445404366767,-63.82445404366767
324.9,311.803546304212,13.096453695788
146.73,152.70422135443755,-5.97422135443756
3.96,-77.15770295132575,81.11770295132574
5.76,-79.54694296539242,85.30694296539242
26.55,-11.700867242201411,38.25086724220141
310.443,310.7633392169703,-0.32033921697029655
479.9,430.41781260983726,49.48218739016272
12.88,-88.15513851560945,101.03513851560945
13.12,98.9554275654732,-85.8354275654732
511.84,517.0928676551595,-5.252867655159491
91.96,102.44574483228689,-10.485744832286898
8.34,-24.922255659406574,33.26225565940658
37.68,21.894006856766055,15.785993143233945
279.944,339.5382343011088,-59.59423430110877
636.408,678.7619326062216,-42.35393260622163
83.168,92.6338471008678,-9.46584710086779
259.136,233.03838687596067,26.097613124039356
221.92,233.72408706017154,-11.804087060171554
26.0,-49.79833753933849,75.79833753933849
15.552,-18.034053563396128,33.58605356339613
0.876,-64.57155701457486,65.44755701457487
19.98,-86.20243511475087,106.18243511475087
398.352,446.53457452735097,-48.182574527350994
5.04,-30.875657356723877,35.91565735672388
17.45,69.6487671119869,-52.198767111986896
323.136,298.0518689810683,25.084131018931714
29.7,-4.577916871348862,34.277916871348864
1295.84,1160.2884134582205,135.55158654177944
46.84,-8.93459533423652,55.77459533423652
425.833,1303.8523345903513,-878.0193345903513
209.67,581.8387081563401,-372.16870815634013
159.88,270.8147497972798,-110.93474979727978
5.28,-130.77220899072927,136.05220899072927
895.92,777.4413640461535,118.47863595384649
2.808,-4.5458537813731255,7.353853781373125
215.976,205.84018159885522,10.135818401144775
241.96,335.8421916853638,-93.88219168536378
27.72,283.42904155066776,-255.70904155066776
104.68,156.25696570087075,-51.576965700870744
62.958,216.96653708539543,-154.00853708539543
86.376,79.26646608177612,7.109533918223889
64.944,53.65309791946652,11.290902080533485
20.736,41.55683231552439,-20.820832315524388
33.28,50.544629409443814,-17.264629409443813
38.52,298.99017245173854,-260.47017245173856
139.86,257.60733199809465,-117.74733199809464
19.65,-7.3328717976157805,26.98287179761578
152.991,139.32547388740795,13.665526112592062
10.584,206.64738061362164,-196.06338061362163
94.92,115.49160720936948,-20.571607209369475
14.76,124.52104040548784,-109.76104040548783
3.656,102.49203344906141,-98.8360334490614
146.82,145.8771481742524,0.9428518257475957
149.544,351.8868733688355,-202.34287336883548
17.14,-52.462137976536496,69.6021379765365
991.764,982.2278120886524,9.53618791134761
30.48,143.07909501090876,-112.59909501090875
23.988,-29.211362402795658,53.19936240279566
16.688,153.77667815489417,-137.08867815489418
422.058,448.8433705632008,-26.785370563200786
38.088,85.87600415418797,-47.788004154187966
254.352,272.34971069261906,-17.99771069261905
43.31,11.97585219675966,31.33414780324034
84.95,141.2243428617835,-56.274342861783495
233.058,235.1127904366267,-2.0547904366267176
111.79,244.00704357583004,-132.21704357583002
14.94,-19.004335728231126,33.944335728231124
14.16,-63.990804099659044,78.15080409965904
22.608,15.09105240156373,7.516947598436271
21.48,124.63900391104016,-103.15900391104016
501.81,533.7386952426368,-31.92869524263682
161.94,152.3015437256281,9.63845627437189
17.856,38.77766827890582,-20.92166827890582
8.808,36.50021764072312,-27.692217640723122
79.384,125.56507298101224,-46.181072981012235
34.58,-24.609886920857434,59.18988692085743
314.55,359.62810727526926,-45.07810727526925
191.976,199.1070350310565,-7.131035031056513
8.288,-66.56103698133961,74.84903698133961
139.92,170.1177514168619,-30.197751416861905
15.872,-71.18408642827376,87.05608642827376
6.286,248.84688981353497,-242.56088981353497
14.016,-15.412293236758615,29.428293236758613
71.976,59.847432119542646,12.128567880457354
107.982,97.0154122213255,10.966587778674494
305.312,445.0306770787472,-139.7186770787472
19.752,-23.93980502946829,43.691805029468284
9.264,41.89868629440912,-32.63468629440912
61.792,84.51745043747337,-22.72545043747337
45.68,3.003912101264177,42.67608789873582
60.12,317.0008118663013,-256.8808118663013
41.72,108.15561957215505,-66.43561957215505
71.6,273.6811686303945,-202.0811686303945
85.232,219.87224318256858,-134.64024318256858
44.4,11.403918234850607,32.99608176514939
442.764,418.7945432143583,23.969456785641682
3999.95,3179.7011707189854,820.2488292810144
199.95,217.39797235670358,-17.447972356703588
63.68,250.62345708741373,-186.94345708741372
54.896,-3.680170392162154,58.576170392162155
29.0,-49.914996422175136,78.91499642217514
70.08,127.52531874759961,-57.445318747599615
121.3,124.18471259331841,-2.8847125933184117
1454.49,953.2956699387202,501.19433006127986
60.81,35.91778720203183,24.89221279796817
153.552,160.05697469254096,-6.504974692540969
65.34,54.16162970495293,11.178370295047074
123.92,143.20376092432707,-19.28376092432707
35.1,17.997102435033867,17.102897564966135
44.75,110.48310389578023,-65.73310389578023
4.704,-66.14191365216539,70.84591365216538
14.67,-11.471844052661481,26.141844052661483
15.552,-14.102018810892787,29.654018810892786
5.232,-118.40711624922687,123.63911624922687
22.2,126.43091406573876,-104.23091406573876
881.93,675.7482517993773,206.18174820062268
6.096,-69.83792120123849,75.93392120123849
191.82,216.4577288875755,-24.63772888757552
20.104,-54.00410742313056,74.10810742313056
67.56,51.4633605191068,16.096639480893202
29.932,238.54394889623245,-208.61194889623246
38.272,51.0662642172631,-12.794264217263098
16.52,31.52433092020874,-15.00433092020874
832.93,653.1455986878691,179.78440131213085
43.8,336.83239324469264,-293.0323932446926
167.292,226.38077274769466,-59.08877274769466
27.42,-41.399438794790285,68.81943879479029
1.44,-157.82355792701333,159.26355792701332
61.776,486.5499090816684,-424.77390908166836
241.96,329.3761044453297,-87.4161044453297
108.608,107.6006922947438,1.0073077052562098
2.816,-87.37015740248353,90.18615740248353
9.984,17.733683419639647,-7.749683419639647
14.98,-86.70635380764679,101.6863538076468
1145.6,1020.2976724642407,125.30232753575922
485.94,711.2415907011396,-225.30159070113956
37.376,241.94504580730586,-204.56904580730586
70.686,108.93607472532949,-38.25007472532948
54.816,38.25747998330553,16.558520016694473
72.294,128.717689195533,-56.423689195533015
2.896,-75.9385860749062,78.8345860749062
124.792,291.3795649110566,-166.5875649110566
330.588,957.671632500767,-627.083632500767
673.568,1135.9877685394445,-462.4197685394445
52.98,9.509421484385484,43.47057851561451
526.45,445.5340525628719,80.91594743712812
228.92,231.97981304589666,-3.059813045896675
319.968,312.57320401455877,7.394795985441249
205.03,299.7501711407974,-94.72017114079742
190.86,238.76381493793951,-47.9038149379395
24.32,230.97258092962147,-206.65258092962148
44.4,117.20474232958236,-72.80474232958235
44.4,21.757703461395067,22.64229653860493
1016.792,3403.8880930023406,-2387.0960930023407
38.136,184.55780668738362,-146.42180668738362
494.982,503.1570072448966,-8.175007244896562
56.56,10.091647417633794,46.46835258236621
5.56,-78.21185342244326,83.77185342244326
9.02,-75.9270562357467,84.9470562357467
8.62,-113.12715824041311,121.74715824041311
659.976,725.825178864538,-65.84917886453798
13.36,-79.67170466293646,93.03170466293646
41.72,88.2304821161963,-46.5104821161963
11.52,61.18202462791896,-49.66202462791897
541.44,476.1455457864886,65.29445421351147
19.44,-24.51716599357701,43.95716599357701
143.7,135.49914693082496,8.200853069175025
43.26,9.24507214686173,34.01492785313827
43.56,-17.320307916158754,60.880307916158756
437.85,497.3731641105678,-59.52316411056779
109.48,106.40033700595359,3.0796629940464157
1212.96,790.5829416783552,422.3770583216449
18.54,-72.61116630087372,91.15116630087371
5.0,-139.0090039919712,144.0090039919712
371.97,401.5625851295056,-29.59258512950555
166.24,433.04356158880387,-266.80356158880386
359.97,393.20792356468655,-33.237923564686525
499.98,788.9058342011319,-288.9258342011319
5.28,-137.16776511944545,142.44776511944545
8.26,-93.52854743584385,101.78854743584385
7.968,-76.7859947829038,84.7539947829038
12.96,-65.47189857988292,78.43189857988293
6.48,-119.13694405412161,125.61694405412162
6.984,-116.1022637114495,123.08626371144949
47.96,106.0322917822698,-58.072291782269794
199.74,266.0541199801826,-66.31411998018257
435.26,418.09834772033196,17.161652279668033
1119.984,1927.5067537791288,-807.5227537791288
143.432,355.0283640264979,-211.59636402649792
122.352,110.89189991402031,11.46010008597969
306.2,295.5696596219145,10.630340378085464
85.98,158.33559321372968,-72.35559321372968
223.96,230.9072476527615,-6.94724765276149
97.568,94.07321258366801,3.494787416331988
614.272,497.3232812035858,116.94871879641425
199.98,272.94249715681394,-72.96249715681395
48.16,181.95899225587573,-133.79899225587573
23.92,-54.55089678782406,78.47089678782406
60.69,199.25591908101205,-138.56591908101205
14.352,-21.906131196064962,36.258131196064966
35.04,-14.387099603008892,49.42709960300889
17.48,90.58332167447202,-73.10332167447201
16.4,67.9858851817553,-51.585885181755295
892.98,1452.9977736632384,-560.0177736632384
287.97,308.8917536579993,-20.92175365799926
595.38,551.3971974571393,43.98280254286067
12.96,-76.81558717598205,89.77558717598205
4.95,-120.53379439715377,125.48379439715377
181.95,183.51741328610342,-1.567413286103431
13.52,26.60472499417824,-13.084724994178242
259.7,280.95296812839024,-21.25296812839025
42.95,14.828010407286001,28.121989592714
1399.93,1059.1062478553558,340.82375214464423
503.96,491.7383255478844,12.221674452115565
12.72,-27.304725652264096,40.024725652264095
11.52,17.58397300690035,-6.063973006900351
316.0,294.7927713737338,21.207228626266215
723.92,689.6503339628839,34.26966603711605
106.32,60.41363189057006,45.906368109429934
141.372,150.7957722066626,-9.42377220666259
27.216,-9.472864979575434,36.688864979575435
390.75,389.60672779271204,1.1432722072879642
280.792,807.8563275067322,-527.0643275067323
68.448,68.32813443096984,0.11986556903015355
88.04,123.2434167020765,-35.203416702076495
15.872,-97.55211627438484,113.42411627438484
215.592,189.13982230676515,26.45217769323486
14.62,-63.42181700519063,78.04181700519064
416.32,660.2379622452862,-243.91796224528622
43.0,104.46257112487069,-61.46257112487069
182.94,191.2197880010574,-8.279788001057398
60.83,212.93341002285115,-152.10341002285116
389.97,453.2829045193739,-63.31290451937389
194.32,207.06813532918773,-12.748135329187733
265.93,334.1076313020769,-68.17763130207692
94.74,79.31270413437915,15.427295865620849
60.64,73.2404071546016,-12.600407154601598
76.3,122.69143788337851,-46.391437883378515
364.8,587.5970378780444,-222.79703787804436
79.872,60.971892955866,18.900107044134003
46.384,29.072157932766686,17.311842067233314
12.96,-67.15171498238033,80.11171498238033
14.352,-29.931954268121217,44.28395426812122
547.136,479.598311447033,67.53768855296698
41.96,-15.779150629531841,57.73915062953184
41.7,86.69148675799283,-44.99148675799283
277.4,289.43745820531444,-12.037458205314465
5.78,-133.41540173634098,139.19540173634098
69.216,179.611513088239,-110.39551308823901
10.86,-43.36058921870449,54.22058921870449
426.79,409.15183081771283,17.638169182287186
25.92,36.5130676640199,-10.593067664019898
45.92,56.5718227964328,-10.651822796432796
10.72,-55.31829792299618,66.03829792299618
41.86,200.81527541507944,-158.95527541507943
63.2,116.67887933942893,-53.47887933942893
113.97,101.36683379437704,12.603166205622955
123.552,107.2571138382375,16.294886161762506
490.32,518.2872638561919,-27.96726385619189
70.08,130.20365345610526,-60.12365345610526
1.272,-2.579111866765288,3.8511118667652884
557.585,464.19610495869415,93.38889504130589
9.024,111.43961011574561,-102.41561011574561
69.456,17.52725511593485,51.92874488406515
10.86,-89.74068094883319,100.60068094883319
79.47,48.66892172737175,30.801078272628246
10.08,106.16487653680247,-96.08487653680247
1552.831,992.8006404602543,560.0303595397456
137.24,166.0833517518845,-28.843351751884484
36.51,-24.24818032773851,60.75818032773851
239.976,256.6695254513495,-16.6935254513495
1579.746,795.3330284870311,784.412971512969
1071.576,757.0534807456364,314.5225192543636
613.908,635.89791647308,-21.98991647308003
34.86,197.87504224838176,-163.01504224838175
155.04,174.92324928543144,-19.883249285431447
13.71,113.09243587892979,-99.38243587892978
127.88,148.40172434348528,-20.52172434348529
160.32,207.11956327936286,-46.79956327936287
46.0,62.53797513274253,-16.53797513274253
120.712,278.0795318094988,-157.36753180949881
23.12,22.529831932631396,0.5901680673686052
532.704,429.8753357796302,102.82866422036977
4.912,-64.46655255107999,69.37855255107999
252.0,257.4594061329517,-5.459406132951699
60.288,257.18871237862936,-196.90071237862935
2.632,-142.6660209485674,145.2980209485674
23.688,278.7458521292956,-255.0578521292956
253.372,333.8202208184532,-80.4482208184532
5.67,-18.572185456301668,24.24218545630167
76.776,98.72920374281739,-21.953203742817394
9.184,-62.2777135178369,71.4617135178369
32.75,88.683276085437,-55.933276085437
7.216,-71.02477198131669,78.24077198131668
49.568,1.3472933527284567,48.22070664727154
54.712,212.49587754814388,-157.7838775481439
176.04,169.57473539108128,6.465264608918716
16.02,262.41651242889156,-246.39651242889155
185.92,175.44330681094198,10.476693189058011
211.168,195.15789490997417,16.01010509002583
479.984,731.4006182761004,-251.41661827610045
7.86,-120.57026561739917,128.4302656173992
24.448,-54.43994321524542,78.88794321524543
6.48,-119.41279433571117,125.89279433571117
41.86,197.8834519406596,-156.02345194065958
1619.91,932.365188196106,687.544811803894
113.92,129.93033432278867,-16.010334322788665
39.68,-19.299050860854777,58.97905086085478
37.6,-11.544779093258057,49.14477909325806
59.9,21.95707246577126,37.94292753422874
37.0,99.15542047922463,-62.15542047922463
5.76,-97.00866858480549,102.7686685848055
16.68,128.15419543937492,-111.47419543937491
628.81,491.6934677728576,137.11653222714233
56.45,115.50160904719473,-59.05160904719473
94.2,177.5569333124024,-83.3569333124024
28.4,45.36432912920145,-16.964329129201452
956.6648,584.6284041455131,372.03639585448695
1115.91,764.8376600641029,351.07233993589716
128.744,236.77655150440683,-108.03255150440683
79.92,360.282965512886,-280.362965512886
24.2,73.1422054608579,-48.94220546085789
359.976,408.211890143373,-48.23589014337301
211.84,331.3378674954513,-119.49786749545129
5.68,-72.89462757835895,78.57462757835896
7.52,63.23159142551049,-55.71159142551049
11.96,-74.77796943419139,86.7379694341914
629.064,689.6001651912188,-60.536165191218856
754.45,622.2829872775364,132.1670127224636
301.96,445.3062407288053,-143.3462407288053
595.0,510.1243718432977,84.8756281567023
79.872,61.142771751456394,18.729228248543606
2396.4,1220.827223995092,1175.572776004908
63.56,24.97426581388345,38.585734186116554
99.99,198.3494643623767,-98.3594643623767
230.376,222.51943381343244,7.856566186567562
9.664,-75.03907141378681,84.70307141378682
158.928,268.8152581157224,-109.88725811572237
13.023,-55.08331192345531,68.10631192345531
273.06,370.43775946991605,-97.37775946991604
39.312,478.28553279784364,-438.97353279784363
1.344,95.80753859159427,-94.46353859159427
8.272,97.10995207910833,-88.83795207910832
12.544,222.9710500878432,-210.42705008784318
58.48,250.01971948410005,-191.53971948410006
7.4,-66.40921021826625,73.80921021826626
366.786,389.4918451222834,-22.705845122283392
54.368,78.45010868533882,-24.082108685338817
33.96,-28.787097788111396,62.7470977881114
826.11,1008.8057468765685,-182.69574687656848
545.85,531.1808108908082,14.669189109191848
145.98,159.6803614586088,-13.700361458608796
35.808,47.90489328818512,-12.096893288185122
7.904,-72.86209679217995,80.76609679217995
345.0,336.40772467958413,8.592275320415865
174.286,218.27734343359566,-43.99134343359566
662.84,644.1802580263078,18.659741973692235
95.1,146.17683032127638,-51.07683032127639
26.88,140.61187720040016,-113.73187720040016
257.98,373.54175417470196,-115.56175417470195
17.48,-65.17721173062523,82.65721173062524
492.835,418.18768031633726,74.64731968366272
269.49,281.2561174684852,-11.766117468485163
29.12,88.22476995893066,-59.10476995893066
18.75,80.54958003453635,-61.79958003453635
119.7,202.09176596915017,-82.39176596915017
9.144,-28.12525259338554,37.26925259338554
57.06,33.88211338732094,23.17788661267906
71.6,260.20232754085555,-188.60232754085555
107.44,283.781000157378,-176.341000157378
7.31,-122.7452507474145,130.0552507474145
59.1,160.65511903834863,-101.55511903834864
46.53,22.85300844814219,23.67699155185781
97.84,90.6462679931899,7.193732006810109
29.97,4.337257918913338,25.63274208108666
98.352,83.82718913684403,14.524810863155977
83.92,131.49913367869476,-47.57913367869476
14.624,-61.76926646332595,76.39326646332594
136.99,337.09907593092566,-200.10907593092566
3.15,-131.27740949909457,134.42740949909458
9.11,-108.3416212845998,117.4516212845998
571.44,560.743893481655,10.696106518345005
32.4,93.97269134266298,-61.572691342662985
16.91,-75.31854076598597,92.22854076598597
14.272,242.253824268357,-227.981824268357
451.136,397.9459710449271,53.19002895507293
64.864,86.98061412364132,-22.116614123641313
217.584,276.2464946173345,-58.66249461733452
82.95,120.4450107532075,-37.495010753207495
87.71,213.36846394636245,-125.65846394636246
1101.48,1085.019928151592,16.460071848408006
1322.352,1420.0935336817972,-97.74153368179714
5.46,-22.245026799151674,27.705026799151675
11.184,-86.51440847605181,97.69840847605181
153.584,185.18938090223287,-31.605380902232866
1003.62,712.1821493180047,291.4378506819953
35.168,64.73071461993595,-29.562714619935953
1137.75,943.4343616186005,194.31563838139948
99.68,154.7882118739526,-55.1082118739526
5.56,-63.25791888349545,68.81791888349545
85.52,52.00503776331266,33.51496223668734
9.84,-32.18819364386786,42.028193643867866
20.04,-28.880104651485,48.920104651485
631.96,653.5466269952099,-21.586626995209826
23.92,35.71727303536886,-11.79727303536886
90.24,178.6747049307255,-88.43470493072552
4548.81,2810.0941455908896,1738.7158544091108
300.93,269.62606390392875,31.303936096071254
719.96,580.7768328763461,139.1831671236539
647.84,523.1594595763098,124.68054042369022
64.17,44.69082715677314,19.479172843226863
124.46,135.15564835262626,-10.695648352626264
9.584,-112.44918091725685,122.03318091725686
37.608,-3.654535054093685,41.26253505409368
12.224,-78.532398728918,90.756398728918
2.304,73.92699620065264,-71.62299620065264
9.36,88.56846282033507,-79.20846282033507
7.38,-80.1442188055587,87.52421880555869
53.72,65.47337761076665,-11.753377610766648
8187.65,5703.170707953599,2484.4792920464006
77.92,254.965074991841,-177.04507499184098
32.784,121.62588719394284,-88.84188719394285
196.776,192.69216631140807,4.0838336885919375
479.94,410.1598894825811,69.7801105174189
1117.92,993.2997177514912,124.62028224850883
106.5,181.32752306813063,-74.82752306813063
45.66,120.93099714437881,-75.27099714437881
95.968,102.9831509666003,-7.015150966600302
47.992,3.5629599550177318,44.429040044982266
264.32,375.321357261668,-111.00135726166803
604.656,589.715582993316,14.940417006683901
129.93,126.29735253370563,3.6326474662943724
20.16,185.15410897407946,-164.99410897407947
29.46,141.19151068351425,-111.73151068351424
868.59,1034.7314714572706,-166.14147145727054
12.96,-66.77397605571491,79.73397605571492
5.5,-114.78333036054846,120.28333036054846
121.6,131.8444581655708,-10.24445816557082
42.048,302.3577113926058,-260.3097113926058
25.488,-35.51890384772264,61.00690384772264
6.9,49.63210849935194,-42.732108499351945
9.648,200.54506983200167,-190.89706983200168
7.968,-74.94265846837857,82.91065846837857
10.368,-70.23027804651952,80.59827804651951
114.2,156.82999818369012,-42.62999818369012
17.96,13.412806372091836,4.547193627908165
12.67,176.8939733742825,-164.2239733742825
339.96,338.3902096733184,1.5697903266815842
1801.632,1029.4876112529505,772.1443887470496
46.32,45.5344829512278,0.7855170487721992
181.986,218.47871376590842,-36.492713765908434
431.976,359.06682902264106,72.90917097735894
155.37,387.4768570676374,-232.1068570676374
1348.704,809.1317361798274,539.5722638201726
700.152,776.0911971680305,-75.93919716803043
111.888,236.72119673846123,-124.83319673846123
143.952,149.9254396169565,-5.973439616956512
173.94,175.87377526957494,-1.9337752695749373
14.76,24.057406985840316,-9.297406985840317
205.92,192.86036834592892,13.059631654071069
102.833,209.18534261493028,-106.35234261493028
2.304,-125.55563658154892,127.85963658154893
1879.96,1416.1470073082803,463.8129926917197
313.024,393.0185935903378,-79.99459359033779
5.04,-81.88695783540811,86.92695783540812
821.88,662.0040973510751,159.87590264892492
21.96,-59.01943090574014,80.97943090574014
25.92,40.27579167713179,-14.35579167713179
705.544,546.5971305059873,158.94686949401273
50.0,11.075972378471306,38.924027621528694
51.712,280.26310453928227,-228.55110453928228
6.992,-68.57229504359475,75.56429504359475
1406.86,922.2156067788115,484.64439322118835
15.75,85.09056987263102,-69.34056987263102
323.1,489.9950169937265,-166.89501699372647
9.216,33.91883989079088,-24.702839890790877
10.368,-60.030619112657405,70.3986191126574
15.02,-80.9052315513211,95.92523155132109
33.82,-23.473775084536328,57.29377508453633
71.0,73.40306036704897,-2.4030603670489654
25.12,86.24073741134157,-61.120737411341565
2665.62,1373.1084953405993,1292.5115046594005
478.08,477.9677119651344,0.11228803486557126
164.388,192.126468825453,-27.738468825452998
13.248,27.74209549383818,-14.494095493838179
2.912,-86.14156543739364,89.05356543739364
1399.944,877.2914922516348,522.6525077483651
526.45,441.03444831778734,85.41555168221271
16.23,-20.236367362666215,36.46636736266622
319.9,331.43100559460845,-11.531005594608473
11.36,-106.96194633232085,118.32194633232085
675.12,824.3050205170231,-149.18502051702308
62.82,47.71633068358096,15.103669316419037
489.92,451.24993105553995,38.67006894446007
19.44,-11.752687191706855,31.192687191706856
16.68,-60.641802007850856,77.32180200785086
155.35,546.999151667064,-391.64915166706396
12.42,-14.729196761551748,27.14919676155175
187.98,250.1926966860558,-62.21269668605581
6.608,-70.23998140993535,76.84798140993536
248.57,326.8784704631121,-78.30847046311209
22.23,-58.24849796553303,80.47849796553304
5.98,-123.3916781087919,129.37167810879188
246.168,249.58266069519618,-3.4146606951961758
14.136,-33.948774145179186,48.08477414517918
601.47,561.866142006517,39.603857993483075
79.1,57.43305073045963,21.666949269540368
327.84,414.3856849633364,-86.54568496333644
180.96,230.7909518727629,-49.83095187276288
914.97,1118.5176984984394,-203.54769849843933
587.97,672.67549126233,-84.70549126232993
530.34,829.6095560846913,-299.2695560846913
14.94,-31.222856028656906,46.162856028656904
121.94,135.4124681307528,-13.472468130752816
122.71,250.2645799460547,-127.55457994605472
14.94,-61.574545691143385,76.51454569114338
1349.85,1605.5079285801437,-255.6579285801438
136.784,326.5678998226724,-189.78389982267242
61.12,67.88830121679189,-6.76830121679189
1.167,-93.7464842725974,94.9134842725974
16.99,-84.07177687109811,101.0617768710981
24.672,13.58066738964385,11.091332610356151
2.52,-124.27548778389996,126.79548778389996
1218.735,869.5169086271584,349.2180913728415
5.904,-70.26719290669098,76.17119290669098
15.696,-6.337960083759526,22.033960083759524
6.096,14.489721990694761,-8.393721990694761
41.568,-7.430399043408443,48.99839904340844
230.28,241.62202995382177,-11.342029953821765
18.288,132.25681288848477,-113.96881288848478
5.78,-91.49021325838885,97.27021325838885
121.68,523.4988067817002,-401.8188067817002
4.17,-22.213111516231038,26.38311151623104
67.04,87.43327524042593,-20.393275240425922
37.32,13.929542980074075,23.390457019925925
18.45,84.1886205349092,-65.7386205349092
25.92,34.06306046538157,-8.143060465381566
11199.968,10845.065468260282,354.90253173971905
2399.6,1467.6443465920893,931.9556534079106
63.9,112.41510269823539,-48.51510269823539
52.99,45.337931179565885,7.652068820434117
60.864,73.07395490135741,-12.209954901357413
652.995,216.99268867328033,436.0023113267197
11.22,365.20078756521025,-353.9807875652102
14.94,-15.09013676623863,30.030136766238627
39.96,-9.024889383399568,48.98488938339957
42.624,5.104835821336792,37.51916417866321
220.96,624.8673375091001,-403.9073375091001
4.928,-73.61970034991441,78.54770034991441
7.23,108.7086018553955,-101.4786018553955
323.1,476.89546668135904,-153.79546668135902
19.04,35.58883989827859,-16.548839898278594
13.128,-16.69958301650081,29.82758301650081
64.14,50.80021324466861,13.339786755331389
858.24,800.0707318372415,58.1692681627585
29.99,-33.509309069786696,63.49930906978669
186.048,236.4730120248107,-50.42501202481071
36.792,-10.356177491046083,47.148177491046084
18.624,234.22507167754975,-215.60107167754975
57.69,36.703310254663165,20.986689745336832
42.81,16.00078629663244,26.80921370336756
12.96,-66.47881808917828,79.43881808917828
821.88,667.7852760451747,154.09472395482533
104.85,96.05677217356492,8.793227826435071
424.9575,368.99918114063985,55.95831885936013
10.776,-29.244850879563728,40.020850879563724
11.784,-22.318663019234236,34.102663019234235
164.88,177.52112283182873,-12.641122831828739
1292.94,1461.8462804496066,-168.90628044960658
25.584,-40.41873345611157,66.00273345611157
261.74,384.5800217205633,-122.8400217205633
14.4,81.4995639046765,-67.0995639046765
10.86,-31.54172869491049,42.40172869491049
883.84,797.5639314326685,86.27606856733155
1979.89,1176.8404526432896,803.0495473567105
79.96,59.79093931475313,20.169060685246862
8.76,-90.7973144366922,99.55731443669221
3.984,-136.4141248936687,140.39812489366872
370.62,353.07619150432424,17.543808495675762
2.742,-49.319545052271906,52.0615450522719
79.512,52.05519992545442,27.456800074545583
28.352,-81.35961095124026,109.71161095124026
40.784,6.71550039344902,34.06849960655098
105.96,117.4926574873798,-11.532657487379808
166.44,171.65943918611424,-5.2194391861142435
785.88,643.1305848713857,142.74941512861426
26.2,-47.951349424911314,74.15134942491132
1325.85,1046.6764217489263,279.17357825107365
166.44,160.04381578076413,6.396184219235863
8.76,91.09915027053626,-82.33915027053625
43.584,18.09143892522161,25.492561074778394
11.088,202.6157818159263,-191.52778181592632
25.164,-23.670867115610235,48.83486711561024
14.4,64.80497199223942,-50.40497199223942
619.95,524.9365842486576,95.01341575134245
89.52,97.63328696621716,-8.11328696621716
350.973,406.85155037477307,-55.878550374773056
164.99,428.955937643957,-263.965937643957
312.552,425.98122671511123,-113.42922671511121
95.952,85.845104203539,10.106895796461004
3.204,-39.672789098854764,42.876789098854765
3.98,130.7047402664448,-126.72474026644478
15.7,66.84477690678932,-51.14477690678932
5.248,12.553308759188667,-7.305308759188667
5.346,9.380813892613332,-4.034813892613332
15.48,-19.56303660284584,35.043036602845845
108.576,92.79070970418911,15.785290295810881
109.9,167.25015886753,-57.350158867529984
15.384,-86.30969278611178,101.69369278611178
30.352,-40.7729842634958,71.1249842634958
821.3,714.0025607467309,107.29743925326909
22638.48,12171.9479031655,10466.5320968345
21.376,31.671647427078824,-10.295647427078823
8.016,-23.197580780527687,31.213580780527685
30.768,-34.64203909854314,65.41003909854314
18.936,-46.09210143245059,65.0281014324506
122.352,114.37269433772371,7.979305662276289
116.28,107.29836251948541,8.981637480514593
132.6,202.37373420159383,-69.77373420159384
16.68,-54.54513871807967,71.22513871807968
19.44,-13.0358784123232,32.4758784123232
192.16,206.8205432065804,-14.6605432065804
227.36,312.140108492282,-84.78010849228201
1919.976,2204.116691175801,-284.14069117580084
12.828,-34.566609907103384,47.39460990710339
45.888,60.599799606487295,-14.711799606487297
60.12,310.5760964871017,-250.45609648710172
302.376,332.2526051389143,-29.87660513891433
13.9,83.89176609626543,-69.99176609626542
129.98,149.52827492150573,-19.548274921505737
71.98,36.8976371463948,35.082362853605204
377.97,434.88793364918456,-56.91793364918453
124.36,129.0138879477447,-4.653887947744707
23.976,22.528628713742364,1.447371286257635
8.376,-27.266480636528286,35.64248063652828
58.24,117.48426241785819,-59.24426241785819
81.2,132.55327903471493,-51.35327903471493
14.45,74.00419319159073,-59.55419319159073
95.648,80.50279072880858,15.145209271191419
359.97,308.6908309219716,51.27916907802842
350.352,295.77945965582103,54.57254034417895
1.641,-91.44553038461822,93.08653038461823
629.958,518.0114194569271,111.94658054307286
6.63,-18.852794310730133,25.48279431073013
799.96,815.8246061964421,-15.864606196442082
107.53,244.57689164908993,-137.04689164908993
73.98,42.53031127580289,31.449688724197117
5.58,-123.19323151300841,128.77323151300843
49.12,26.29747550844354,22.822524491556457
377.97,421.2102815678252,-43.24028156782515
42.28,193.82007700314966,-151.54007700314966
299.97,323.72956603594093,-23.759566035940907
89.98,68.72846376111761,21.251536238882395
477.24,413.67162120950775,63.56837879049226
25.98,-53.72138154748586,79.70138154748587
46.72,71.9358420018832,-25.215842001883203
35.34,-26.583357276699644,61.92335727669965
257.64,294.71546902495675,-37.07546902495676
125.976,113.16384974414132,12.812150255858683
79.992,133.28971248792755,-53.29771248792754
700.056,725.847767582843,-25.79176758284291
27.168,61.6508495475382,-34.4828495475382
8.226,10.467903233248308,-2.2419032332483066
585.552,668.96948885677,-83.41748885676998
423.28,550.1548642957322,-126.87486429573221
225.296,304.0418325981052,-78.74583259810521
5.56,-88.13101025719652,93.69101025719652
323.37,366.18982959726645,-42.81982959726645
783.96,627.6486253832164,156.3113746167836
1447.65,1192.7986191451744,254.85138085482572
11.96,-75.7404111588869,87.70041115888691
239.97,254.76387783030714,-14.793877830307139
76.92,81.44956584100919,-4.5295658410091875
481.32,460.45679787711333,20.863202122886662
48.4,105.82101281797372,-57.421012817973725
0.99,-154.42527925570653,155.41527925570654
101.84,136.19448418812135,-34.35448418812135
10.332,19.47708023441578,-9.14508023441578
31.155,126.81640067600097,-95.66140067600097
8.928,-54.925658349223795,63.85365834922379
34.384,-18.78263388194273,53.16663388194273
1924.16,1147.4378410831646,776.7221589168355
32.192,48.545795319455465,-16.353795319455465
50.12,206.59642767781997,-156.47642767781997
47.976,31.678361306916713,16.297638693083286
54.5,122.52564865492695,-68.02564865492695
19.104,-32.24529639506477,51.34929639506477
49.44,17.272421986159543,32.167578013840455
10.368,-65.84931836524697,76.21731836524697
154.44,145.18260033850333,9.257399661496663
60.984,211.11725326705846,-150.13325326705845
195.466,242.89561342432876,-47.42961342432875
23.68,237.4580683633328,-213.7780683633328
2.376,-35.89430196356943,38.27030196356943
59.2,59.84451113309319,-0.6445111330931894
22.0,343.31405377224155,-321.31405377224155
257.98,370.25111030088806,-112.27111030088804
23.988,-9.923331187726035,33.911331187726034
23.976,72.23038714080394,-48.25438714080394
601.536,523.1093393329479,78.42666066705203
7.9,-84.45062763409032,92.35062763409033
58.36,136.39394226819422,-78.03394226819422
16.464,195.8044030585138,-179.3404030585138
39.96,128.09976248985822,-88.13976248985821
25.96,-50.600985319090114,76.56098531909012
36.27,2.7815153773397014,33.4884846226603
6.48,-131.6123019584527,138.09230195845268
1075.088,834.8187508525014,240.2692491474986
438.368,402.89281146164285,35.475188538357145
18.088,177.57428048227666,-159.48628048227667
308.499,313.4375781233657,-4.938578123365687
13.36,29.31089503610133,-15.950895036101329
39.96,-22.20547296304835,62.16547296304835
145.85,182.57492278770792,-36.724922787707925
783.96,624.7370040841228,159.22299591587728
7.88,-112.92205677663173,120.80205677663173
41.37,15.313531372339867,26.05646862766013
12.84,-27.816381073435423,40.656381073435426
25.68,133.92699929095807,-108.24699929095806
47.516,11.770587612192685,35.74541238780731
9.42,-53.00333628801695,62.423336288016955
12.96,-61.24081573037711,74.20081573037712
704.9,583.8944152951677,121.00558470483224
561.568,884.6490889769864,-323.0810889769864
179.82,371.7202305192802,-191.90023051928023
185.58,255.58468686073024,-70.00468686073023
214.11,227.04099989849578,-12.93099989849577
999.96,947.9451795911597,52.014820408840365
653.55,749.0103116287947,-95.46031162879478
114.6,157.41674837421806,-42.816748374218065
60.74,69.82504643306038,-9.085046433060377
124.36,134.39064240542052,-10.030642405420522
1088.76,842.1144680877361,246.6455319122639
6.72,57.495651787095085,-50.775651787095086
298.776,297.3377576501575,1.4382423498424828
302.376,319.3001470738259,-16.924147073825907
8.928,-68.83397072536286,77.76197072536286
47.584,2.4300855869794304,45.15391441302057
33.792,254.9310912566939,-221.1390912566939
300.5328,417.5479513834496,-117.01515138344956
2.724,-5.633207460396079,8.35720746039608
3.264,-78.18281305806522,81.44681305806522
108.336,191.3954888672131,-83.05948886721309
55.92,113.29898854216276,-57.37898854216276
78.304,46.94117213920799,31.36282786079201
443.92,359.1927785480284,84.72722145197162
155.976,161.56667192589543,-5.590671925895435
15.47,174.68653341665436,-159.21653341665436
7.16,-92.2834702594223,99.4434702594223
10.89,-109.38056392224371,120.27056392224371
19.44,-22.50144872594069,41.94144872594069
121.6,152.27875999262506,-30.67875999262506
695.7,1076.7698106466105,-381.06981064661045
120.33,276.12438843816994,-155.79438843816996
1139.92,1086.6803935521104,53.23960644788963
229.544,311.90578560649556,-82.36178560649554
143.728,163.90071394493702,-20.172713944937016
36.048,21.24555709029005,14.802442909709953
845.488,595.3280358951009,250.15996410489913
50.94,17.524274257058778,33.41572574294122
762.594,465.52659933971836,297.0674006602817
56.28,158.23989899343565,-101.95989899343564
2690.97,3423.5829668988763,-732.6129668988765
7.434,168.5842744146844,-161.1502744146844
64.784,83.43362476762377,-18.649624767623763
28.16,37.74979872293329,-9.589798722933292
14.98,-92.32505551341615,107.30505551341615
20.32,31.76091072013378,-11.440910720133779
40.29,5.736408470691686,34.553591529308314
20.23,192.2312922835997,-172.00129228359972
1603.136,1402.7894989336594,200.34650106634058
225.296,305.1484552401753,-79.85245524017529
67.8,76.7440717960103,-8.944071796010306
377.97,420.2847807245537,-42.31478072455366
1628.82,1020.6078426022107,608.2121573977893
286.93,347.67226644911875,-60.742266449118745
20.736,32.79724453497647,-12.06124453497647
31.44,-12.079711645246789,43.51971164524679
83.79,205.89984432339816,-122.10984432339815
59.52,23.603808592083396,35.91619140791661
31.92,25.829909379384844,6.0900906206151575
14.72,91.71308279837012,-76.99308279837012
38.976,20.14732779003316,18.82867220996684
17.088,-51.08979061492869,68.17779061492868
74.352,54.46461390296304,19.887386097036966
314.352,320.0586520492541,-5.706652049254103
4.26,-134.32797971975106,138.58797971975105
811.28,589.2484288141791,222.0315711858209
6.03,-37.212575121076725,43.242575121076726
153.568,174.1716586135692,-20.603658613569195
1013.488,687.0995096348262,326.3884903651739
52.34,3.713278549284496,48.62672145071551
4.66,-79.39422946970262,84.05422946970262
254.97,278.29013887760857,-23.32013887760857
25.44,131.186222798548,-105.74622279854799
27.93,-1.5239910525626783,29.453991052562678
8.85,142.4612781476951,-133.61127814769512
6.96,21.365540082815187,-14.405540082815186
17.456,-63.44663893949678,80.90263893949678
307.92,275.2001155054836,32.71988449451641
6.63,-38.17732906842457,44.80732906842457
12.96,-86.07662862802067,99.03662862802068
32.4,76.17341738535288,-43.77341738535288
23.85,89.8148032401939,-65.9648032401939
51.96,5.934795463813543,46.02520453618646
17.94,-18.997327827466734,36.93732782746673
11.56,-61.9696446210703,73.5296446210703
26.4,92.04054606848672,-65.64054606848671
69.08,421.67317543328704,-352.59317543328706
35.88,12.96203076052052,22.917969239479483
49.65,108.24688437578106,-58.596884375781066
959.968,872.6459131797,87.3220868203
408.422,615.3467407917525,-206.92474079175247
479.984,749.8996026104427,-269.9156026104427
12.6,27.00867148615066,-14.408671486150661
184.66,283.220472932122,-98.560472932122
23.12,79.02587377463942,-55.90587377463942
37.464,191.87667337397352,-154.41267337397352
539.658,577.0579850595577,-37.39998505955771
310.12,476.04425442947036,-165.92425442947035
8.56,-79.6944043310773,88.2544043310773
52.4,105.70690159453056,-53.306901594530565
14.94,-23.290762519802,38.230762519802
11.22,-2.717020595134727,13.937020595134728
387.136,356.6268852051228,30.509114794877235
41.4,67.12408928605169,-25.724089286051687
35.0,55.48056549572311,-20.480565495723113
39.552,9.72155105157185,29.83044894842815
135.72,124.43877148362367,11.28122851637633
12.56,-75.33651176487592,87.89651176487592
263.96,260.83536957291085,3.12463042708913
5.952,-113.9836722567286,119.9356722567286
15.8,87.05631065381567,-71.25631065381567
14.368,-60.81829818567712,75.18629818567712
70.448,219.59452375248384,-149.14652375248386
129.3,130.68134339396238,-1.3813433939623678
3.882,36.37880171859297,-32.49680171859297
6.08,-155.7919691468503,161.87196914685032
19.9,-77.44515351662949,97.3451535166295
70.71,107.36547094290631,-36.65547094290632
18.84,-21.226814508105463,40.066814508105466
8.64,-29.173031477152335,37.813031477152336
1633.188,964.7868836027362,668.4011163972639
19.76,32.80882063308832,-13.048820633088315
6.608,-95.74865920508296,102.35665920508296
7.28,-92.02644385055214,99.30644385055214
144.784,345.2478507404396,-200.46385074043963
156.792,410.517311005553,-253.72531100555298
431.976,477.39286948170934,-45.41686948170934
35.89,-8.16438789070844,44.05438789070844
47.208,208.20001992254083,-160.99201992254083
248.08,339.6190780259824,-91.53907802598238
189.7,232.44964579017028,-42.74964579017029
59.808,41.953180694403954,17.854819305596045
90.99,183.23809160845894,-92.24809160845895
1526.56,1071.4410689502956,455.1189310497043
368.97,403.2501037135348,-34.2801037135348
305.01,418.6973930187917,-113.68739301879168
18.7,-77.3095688942633,96.0095688942633
38.29,184.27447362821658,-145.9844736282166
26.25,-9.491580892223737,35.74158089222374
64.96,556.1438499634639,-491.18384996346396
43.7,92.6628289952198,-48.962828995219795
41.6,37.47189009751128,4.128109902488724
23.12,67.9554571462204,-44.83545714622039
113.888,99.7792608593038,14.108739140696201
113.568,102.26651939243266,11.301480607567342
7.92,-83.1225999963126,91.0425999963126
671.984,1052.1865968758307,-380.20259687583064
39.99,3.0300251612104603,36.95997483878954
191.646,199.46373263768237,-7.817732637682383
2.313,-90.67759286970568,92.99059286970568
19.936,31.271635564370627,-11.335635564370627
45.92,55.83753962591936,-9.91753962591936
20.34,-8.152403415206209,28.49240341520621
39.28,254.17376324579664,-214.89376324579663
81.568,56.5997178660034,24.968282133996595
97.184,81.38634891359516,15.79765108640484
24.32,80.5448870911664,-56.2248870911664
18.96,-61.902566494540224,80.86256649454023
32.952,170.94065204184426,-137.98865204184426
30.016,51.89033120675549,-21.874331206755492
499.584,546.7362753907988,-47.15227539079882
31.104,137.73425862358,-106.63025862357999
13.272,269.0285605587203,-255.7565605587203
28.272,-35.92968536859803,64.20168536859802
259.136,229.49237773516438,29.643622264835642
10.8,76.03688118779064,-65.23688118779064
244.006,326.4428425366548,-82.43684253665478
15.936,35.170257160701794,-19.234257160701794
188.552,276.50828231829064,-87.95628231829065
22.58,-47.08340660369868,69.66340660369868
545.94,466.4742860819165,79.46571391808357
20.736,39.54688603068553,-18.810886030685527
43.296,2.3140131108602873,40.98198688913971
123.136,146.01684392431002,-22.880843924310028
11.264,36.87205935258271,-25.60805935258271
53.424,44.032537833492825,9.391462166507175
275.49,769.3653987934789,-493.8753987934789
24.96,44.530286528301986,-19.570286528301985
19.36,-60.2182907607762,79.5782907607762
1267.65,812.6228997585185,455.02710024148155
12.99,-94.8043921698279,107.7943921698279
18.56,23.72654718784338,-5.166547187843381
449.15,376.2502067830237,72.89979321697626
31.248,184.3978183955919,-153.14981839559192
61.44,42.66169222843905,18.778307771560947
895.92,910.6528146989717,-14.732814698971765
55.36,65.04035894720187,-9.680358947201867
55.92,118.72165762022837,-62.80165762022837
24.896,12.4533342222594,12.4426657777406
3.984,-114.55747896634853,118.54147896634852
95.968,105.5485693128237,-9.580569312823698
206.991,187.5168290434499,19.474170956550125
44.416,4.462462600868548,39.95353739913145
9.006,-28.80667623733507,37.81267623733507
19.0,81.56805029221005,-62.568050292210046
33.376,50.29581157858297,-16.919811578582973
207.48,575.8471076629215,-368.3671076629215
91.68,80.34650739349195,11.33349260650806
904.9,766.1433862413446,138.75661375865536
34.272,6.633908256718087,27.63809174328191
191.82,195.73640015698015,-3.91640015698016
243.88,258.38010907240437,-14.50010907240437
12.03,110.21606382762161,-98.18606382762161
2549.985,616.6753926552474,1933.3096073447527
21.594,-22.57828531015184,44.17228531015184
8.964,159.24185022312986,-150.27785022312986
20.736,29.128659039274453,-8.392659039274452
344.22,482.6318840924421,-138.41188409244205
727.296,497.84480723982665,229.4511927601734
22.608,21.616107540394978,0.9918924596050225
666.4,502.9820928625144,163.4179071374856
5.04,-6.00713363055138,11.047133630551379
92.94,85.87606277001646,7.063937229983537
66.69,56.707890888946395,9.982109111053603
91.68,149.55053705006662,-57.870537050066616
327.7328,483.4340896385006,-155.7012896385006
52.272,400.232223995755,-347.96022399575503
17.94,-15.146327702492954,33.08632770249295
254.352,265.1077743643573,-10.75577436435728
8.288,-79.60432600946115,87.89232600946114
504.9,453.0037311312292,51.89626886877079
403.168,376.0104014979336,27.157598502066435
194.32,202.6857285168162,-8.365728516816205
25.99,-48.118995321278135,74.10899532127813
195.136,199.51381929878744,-4.377819298787443
20.736,39.72972066757825,-18.99372066757825
53.7,152.1040917169605,-98.40409171696051
36.26,188.53830854544663,-152.27830854544663
56.3,10.414549308504547,45.88545069149545
32.4,87.64434470447691,-55.24434470447691
29.16,-35.56442707445967,64.72442707445967
171.288,162.74271187273553,8.545288127264485
16.72,87.48492129440069,-70.7649212944007
12.96,-85.68264623822324,98.64264623822325
22.18,-65.68384881445286,87.86384881445287
2054.272,1180.1724731452512,874.0995268547488
1022.97,690.1234827374515,332.84651726254856
13.9,79.21581388604523,-65.31581388604522
26.38,-89.49088934632528,115.87088934632527
43.176,210.94611420389583,-167.77011420389584
411.8,619.9248332355561,-208.12483323555608
360.0,344.47118895442327,15.528811045576731
41.96,-9.916985101658838,51.87698510165884
227.84,230.5074621230292,-2.667462123029196
37.94,-29.23597231981489,67.17597231981489
517.9,827.5137136757231,-309.61371367572315
5.28,-89.06978941913576,94.34978941913576
2799.96,2266.4486827816536,533.5113172183464
8.96,-78.53239938018623,87.49239938018624
31.5,336.56546336591987,-305.06546336591987
30.56,-35.78093067752411,66.34093067752411
24.368,-28.545965987636464,52.91396598763646
119.976,112.70828687569838,7.267713124301622
26.88,240.88538331191148,-214.0053833119115
83.97,60.65591384581194,23.31408615418806
104.97,87.44810174760141,17.521898252398586
90.8,271.67836818503565,-180.87836818503564
140.736,300.0940964862323,-159.35809648623228
214.95,241.57945748313477,-26.629457483134786
45.36,195.68687115719626,-150.32687115719625
288.24,325.17955861412906,-36.939558614129055
663.936,613.508006408062,50.42799359193805
2934.33,1875.4456594605967,1058.8843405394032
124.41,121.76678228587912,2.6432177141208797
57.75,113.37441334317623,-55.62441334317623
114.46,100.05033189060964,14.409668109390353
120.666,124.01097034279042,-3.3449703427904183
342.864,373.4037713624566,-30.539771362456634
16.74,124.04296887067062,-107.30296887067063
981.372,1533.8049910536756,-552.4329910536757
31.84,240.78206114684326,-208.94206114684326
12.96,-89.90733020257358,102.86733020257358
43.176,-2.979432456362929,46.15543245636293
58.34,10.471257531626634,47.86874246837337
539.97,620.6952288826458,-80.72522888264575
3.928,-124.81801383454558,128.74601383454558
252.784,157.40827901014768,95.37572098985231
127.984,139.22981412462218,-11.245814124622186
3.984,-40.73381528953564,44.71781528953564
12.992,35.95585658037908,-22.963856580379076
61.0,111.2635787272934,-50.26357872729341
671.93,559.1839821646116,112.74601783538833
447.86,451.3063268821579,-3.446326882157905
479.95,427.5784383853652,52.3715616146348
166.44,166.00931156817,0.43068843182999217
31.68,41.60081343428624,-9.920813434286238
10.368,-81.88163812748166,92.24963812748166
12.032,194.4586153465325,-182.4266153465325
5.768,8.183807537733628,-2.4158075377336283
33.12,49.38870863599641,-16.26870863599641
220.2656,213.19805612053096,7.067543879469042
10.776,-33.86624270026073,44.642242700260724
242.352,252.35085077572467,-9.998850775724662
695.16,540.0277923035202,155.13220769647978
220.98,635.3551800033271,-414.37518000332705
12.957,219.17517889281157,-206.21817889281158
25.68,142.60499744756794,-116.92499744756793
15.712,37.574421691734415,-21.862421691734415
298.464,296.5370070278552,1.9269929721447738
21.93,-9.404322915494276,31.334322915494276
242.94,250.99573409062805,-8.05573409062805
7.64,-117.42897755673607,125.06897755673607
51.84,251.2431344011543,-199.4031344011543
265.17,772.4883721229804,-507.3183721229804
837.6,949.0591304412367,-111.45913044123665
135.9,190.63954929607985,-54.73954929607984
34.68,152.49420686061853,-117.81420686061853
532.704,435.7837363109502,96.92026368904976
43.1,115.76572914236203,-72.66572914236204
15.88,58.40072233041474,-42.520722330414735
1123.92,765.0370164201493,358.8829835798508
249.584,332.1522519790833,-82.5682519790833
48.672,16.0073846906771,32.6646153093229
60.768,6.504122956778929,54.26387704322107
78.6,126.16699772833931,-47.56699772833932
3.768,-54.77236548395558,58.54036548395558
1036.624,1670.557048382458,-633.9330483824581
563.808,493.4050481345398,70.40295186546018
258.528,351.7817788973791,-93.2537788973791
49.12,63.59736847424233,-14.477368474242333
44.46,-18.231064408509837,62.69106440850984
241.568,321.9430871557179,-80.37508715571786
395.0,347.3769742716365,47.62302572836347
627.168,564.0346836181524,63.133316381847635
13.28,-71.00738860844376,84.28738860844376
12.672,-27.42157491304488,40.093574913044876
30.56,145.1342917092004,-114.5742917092004
77.952,68.70571206399768,9.246287936002318
67.992,99.56011793867242,-31.568117938672415
12.224,-66.48467120959458,78.70867120959458
44.784,0.04508138597338984,44.73891861402661
22.848,30.418386958167503,-7.570386958167504
206.43,217.4064266029725,-10.97642660297248
210.392,218.77112237463962,-8.379122374639621
119.96,154.2534623771012,-34.29346237710119
10.608,134.24370935217507,-123.63570935217507
347.802,345.4944708780897,2.3075291219103065
963.136,875.3958017161207,87.7401982838793
88.776,72.83696419879016,15.93903580120984
32.4,91.2834927003496,-58.8834927003496
32.4,79.58381720062926,-47.18381720062926
31.05,11.513748611874462,19.53625138812554
2025.36,1475.0297233905867,550.3302766094132
1799.994,2055.4743182738753,-255.48031827387535
101.988,93.98996591834339,7.998034081656613
262.864,328.2438274128135,-65.37982741281354
735.98,1258.9010271922575,-522.9210271922575
93.024,65.29326800126432,27.730731998735678
284.364,391.6030378674227,-107.23903786742272
26.0,-41.5765116593368,67.5765116593368
67.64,119.61057618244581,-51.97057618244581
119.976,100.69662396540207,19.27937603459793
5.18,145.284343598443,-140.104343598443
15.56,-99.16488755446062,114.72488755446062
78.35,127.28625549430603,-48.93625549430604
59.52,36.92430556937279,22.595694430627212
38.52,293.1586045052193,-254.63860450521926
239.984,330.9786538097037,-90.99465380970369
19.35,-18.59534391154898,37.94534391154898
67.0,115.2701320708909,-48.270132070890895
390.272,397.52962145100537,-7.257621451005377
62.192,511.8112136207603,-449.6192136207603
23.88,134.4050713536442,-110.5250713536442
3.168,-15.767714139623422,18.93571413962342
528.43,433.73164111024107,94.69835888975888
13.392,-12.507503634192062,25.89950363419206
181.86,280.19519316044716,-98.33519316044715
180.588,187.82411840507712,-7.2361184050771215
47.984,-3.559360827297951,51.54336082729795
18.76,-66.07828211745891,84.83828211745892
20.94,-4.517156935320145,25.457156935320146
58.68,22.614848677436157,36.06515132256384
254.9,269.86598360157336,-14.965983601573356
9.64,-91.58766360209779,101.22766360209779
826.62,1007.7127774032164,-181.09277740321636
1633.14,1047.8242928741963,585.3157071258038
544.38,619.0074071796182,-74.62740717961822
26.046,50.355373140677784,-24.309373140677785
74.352,21.09293351531892,53.259066484681085
69.93,209.07640680401028,-139.14640680401027
3.75,-135.65846695410073,139.40846695410073
20.928,31.564217315418546,-10.636217315418545
12.672,-0.022269908094585844,12.694269908094586
65.99,92.07536611452792,-26.08536611452793
6.37,244.9306630958622,-238.5606630958622
3.648,38.74912904919461,-35.101129049194604
31.104,137.52821403546068,-106.42421403546068
23.34,4.309345397335846,19.030654602664153
29.97,0.5934013283797412,29.376598671620258
3.366,-8.020804105186471,11.38680410518647
95.968,116.48045534845619,-20.512455348456186
18.704,196.6072293203813,-177.90322932038129
149.232,142.71853762384922,6.513462376150784
15.936,26.772671103289895,-10.836671103289895
601.536,505.99747721907227,95.53852278092768
10.99,-105.40654913205253,116.39654913205253
39.88,-13.790156223143867,53.67015622314387
62.24,256.6402944667434,-194.4002944667434
53.2,115.1579250725124,-61.957925072512396
39.84,245.795733854241,-205.955733854241
349.95,337.2631011607141,12.686898839285902
377.928,457.22691828881943,-79.29891828881944
13.392,-48.200527708161644,61.59252770816164
11.228,253.44862333826495,-242.22062333826494
207.24,471.64971392548796,-264.40971392548795
1.504,-120.48030629183472,121.98430629183473
34.848,-14.45077710817759,49.29877710817759
75.18,155.64825974744076,-80.46825974744075
149.97,142.514031744043,7.4559682559570035
931.176,1123.1572128122393,-191.98121281223928
430.88,684.5862353156214,-253.70623531562137
94.85,144.6195755198221,-49.7695755198221
51.12,64.49656702688844,-13.376567026888445
90.0,172.60825934379886,-82.60825934379886
9.408,-87.8513563954591,97.25935639545911
4.672,-122.48779453720181,127.1597945372018
318.4,473.09689523212865,-154.69689523212867
12.768,118.44774603282349,-105.67974603282349
15.36,-52.774643746802894,68.1346437468029
230.376,222.79134768290896,7.584652317091042
7.16,-121.96331565285323,129.12331565285322
375.34,1140.9955191915585,-765.6555191915586
114.9,160.74856036782103,-45.84856036782102
26.046,55.378570363883455,-29.332570363883455
2.896,-53.53238996970754,56.42838996970754
32.544,-13.262727530254324,45.80672753025432
3.984,-140.5713283660109,144.5553283660109
181.797,468.48958731826406,-286.69258731826403
44.94,13.955441768977153,30.984558231022845
45.576,10.373187843219284,35.202812156780716
318.43,282.06018424465606,36.36981575534395
122.92,254.6119895651218,-131.6919895651218
7.068,3.378633418774598,3.6893665812254017
56.45,105.10611340941819,-48.65611340941818
13.468,556.9632693779392,-543.4952693779393
219.8,238.1717080139881,-18.371708013988098
317.058,328.75793686427005,-11.699936864270057
49.08,27.840871285603725,21.239128714396273
324.9,312.32710987829864,12.572890121701334
18.24,-5.155470804343395,23.395470804343393
113.888,123.39481695067639,-9.50681695067638
105.584,109.38501028115388,-3.8010102811538786
24.85,187.73053777293217,-162.88053777293217
60.312,41.28086164128513,19.03113835871487
7.056,-36.84002156857878,43.896021568578774
27.184,-41.7931950373611,68.9771950373611
107.984,243.63656895673262,-135.65256895673264
19.296,-6.671512987869846,25.967512987869846
4.608,-91.32086285604646,95.92886285604646
79.974,72.39088512746957,7.58311487253043
2.946,-46.043103946152996,48.989103946152994
3.136,-19.547149849606058,22.683149849606057
20.736,37.11704068614449,-16.38104068614449
99.98,81.06336232192302,18.91663767807698
733.95,639.9482973805173,94.00170261948278
241.44,251.7307633594071,-10.290763359407094
10.08,14.407157884984372,-4.327157884984372
281.904,404.8610017053488,-122.95700170534883
201.432,219.3624016739418,-17.930401673941816
135.98,152.5786660595004,-16.598666059500403
44.95,12.930923692149008,32.019076307850995
2.97,-30.102167756110475,33.072167756110474
6.54,-24.768374826158606,31.308374826158605
7.92,224.19619915151748,-216.2761991515175
203.92,220.41321457502727,-16.49321457502728
3359.952,2376.4862688374524,983.4657311625479
18.24,-56.2676816223352,74.5076816223352
27.78,133.19836428168946,-105.41836428168946
22.96,183.75741939404952,-160.7974193940495
28.99,-39.03953200264141,68.0295320026414
12.96,-70.56420044088804,83.52420044088805
22.96,190.45278010640573,-167.49278010640572
4164.05,2912.3031042903467,1251.7468957096535
47.984,5.272850865389046,42.711149134610956
4.624,-114.91302003013493,119.53702003013493
15.24,-8.704723602834065,23.944723602834067
63.924,231.7816620759313,-167.8576620759313
6.56,-73.81414072412599,80.374140724126
13.11,-13.712347759377963,26.822347759377962
494.376,536.3421193350728,-41.96611933507279
29.2,77.83012819871215,-48.63012819871214
248.85,244.56655492294294,4.283445077057053
36.24,-28.1048971591224,64.34489715912241
11.68,-65.90233152140672,77.58233152140673
11.91,-6.540028959700749,18.45002895970075
3.48,-78.90091357938718,82.38091357938718
30.96,295.28449591005847,-264.3244959100585
1704.89,1170.4538312282098,534.4361687717903
19.194,214.63933046695865,-195.44533046695867
121.792,129.39260307175982,-7.600603071759821
1919.976,2193.800232883292,-273.8242328832921
50.997,64.47222898782002,-13.475228987820017
76.792,141.16704684532488,-64.37504684532487
539.964,413.4496707225958,126.51432927740427
60.312,52.20951237565146,8.10248762434854
1.944,13.17006124899649,-11.22606124899649
12.984,-13.270904693391685,26.254904693391687
217.584,298.8332584502541,-81.2492584502541
328.776,355.91515027499963,-27.139150274999622
2.286,45.022794825058554,-42.73679482505855
47.984,-4.159910342124249,52.14391034212425
25.344,138.77989490544724,-113.43589490544724
232.4,252.52971671078922,-20.12971671078921
86.45,224.24237630846028,-137.7923763084603
603.92,500.3040172410356,103.61598275896438
81.98,56.29546060468192,25.684539395318083
271.764,394.95552899436166,-123.19152899436165
14.376,-12.62179070256957,26.997790702569567
341.96,211.16485703204967,130.7951429679503
181.35,363.5202704043338,-182.17027040433382
8.64,-37.83865279167321,46.47865279167321
43.512,215.4310843896344,-171.9190843896344
662.88,747.3211580146321,-84.44115801463215
25.92,97.89283612875943,-71.97283612875943
68.94,53.13993892351709,15.800061076482905
128.82,128.58730323389727,0.23269676610271972
896.99,216.41960582832985,680.5703941716702
1.234,-55.245990806011605,56.47999080601161
67.56,55.89954822277832,11.660451777221681
21.72,90.4550948265678,-68.7350948265678
262.336,371.8743343385272,-109.53833433852719
148.48,177.00654554489302,-28.526545544893025
241.176,258.5108973878939,-17.334897387893932
227.976,232.79079066456757,-4.8147906645675675
52.68,22.447922099948983,30.232077900051017
2.032,-97.27837387298746,99.31037387298746
17.12,23.926973428084693,-6.806973428084692
431.968,389.7641796352109,42.203820364789124
129.92,128.5589477901824,1.3610522098175863
568.728,610.4975349966321,-41.76953499663216
117.144,320.60782018147665,-203.46382018147665
203.52,204.04192024299095,-0.5219202429909444
51.75,94.24098978667121,-42.49098978667121
122.97,114.93862575898288,8.031374241017119
244.615,701.4990561643879,-456.88405616438786
59.97,35.295664996761616,24.674335003238383
81.54,319.1370378324559,-237.5970378324559
11.68,-7.685545794972995,19.365545794972995
29.0,84.30324241754079,-55.30324241754079
50.8,111.47637220339107,-60.67637220339107
16.03,129.39519601230973,-113.36519601230972
15.712,35.534478881968425,-19.822478881968426
89.97,82.35398807904971,7.616011920950285
435.999,473.5530673520318,-37.55406735203178
83.984,59.544971119606316,24.43902888039368
359.98,546.0564874398457,-186.07648743984566
70.56,108.00506669566948,-37.44506669566948
20.88,-60.582065132551634,81.46206513255163
3.81,-139.69465168486295,143.50465168486295
73.008,276.3304051982748,-203.3224051982748
3.208,-17.64851559534236,20.85651559534236
26.176,-41.785289117738785,67.96128911773879
30.44,39.99470920084127,-9.55470920084127
35.28,7.720939462793012,27.55906053720699
19.44,-15.730733694890432,35.17073369489043
37.88,-23.602517347273306,61.48251734727331
9.552,-5.026960087835505,14.578960087835505
290.666,408.52060547110887,-117.85460547110887
10.368,-67.00466212365905,77.37266212365904
14.352,-14.90189908486991,29.25389908486991
141.96,171.9434534753268,-29.983453475326797
66.048,80.73013299424633,-14.68213299424633
1287.45,1022.115801527527,265.3341984724731
25.824,137.77025328021546,-111.94625328021546
160.96,198.87011539980267,-37.91011539980266
28.44,0.7288535607065114,27.71114643929349
364.41,333.8638150085246,30.5461849914754
39.96,58.538341396944816,-18.578341396944815
361.764,551.8792403980042,-190.11524039800418
111.672,329.87082800057806,-218.19882800057806
13.776,196.84141594772973,-183.06541594772972
10.272,-22.09424129825379,32.36624129825379
24.048,289.6334043369859,-265.5854043369859
2.896,-140.4795326826852,143.3755326826852
17.94,-15.59126104281927,33.53126104281927
384.174,380.2074704642587,3.9665295357413015
1799.75,1475.7089954924365,324.04100450756346
580.672,528.4963571914956,52.17564280850445
18.936,-47.00155188647068,65.93755188647069
222.384,294.89652005597145,-72.51252005597146
50.454,170.3145888754416,-119.86058887544158
154.764,135.19527025519437,19.568729744805637
6.848,-72.4017722584706,79.2497722584706
1091.168,976.1888374574313,114.97916254256859
219.168,293.01037150508296,-73.84237150508295
6.928,-43.74576109012901,50.673761090129005
40.032,140.36089294694443,-100.32889294694444
443.92,399.30878825721584,44.61121174278418
169.99,443.5146658797996,-273.5246658797996
25.92,25.584365551353812,0.3356344486461893
36.99,-11.675212549133903,48.665212549133905
629.1,581.0923002897171,48.007699710282964
193.95,198.60824817969228,-4.658248179692293
5.46,-23.85954834168365,29.31954834168365
22.288,188.51084009637316,-166.22284009637315
65.424,110.8062646319554,-45.382264631955394
77.88,43.91549275523971,33.964507244760284
281.372,394.4277885677102,-113.05578856771018
281.372,394.42781771923,-113.05581771922999
7.488,263.2589789103697,-255.7709789103697
22.336,40.68178025716179,-18.345780257161792
10.368,-67.98992844266604,78.35792844266604
65.79,308.99202254423017,-243.20202254423015
271.984,396.2649841367313,-124.28098413673132
11.76,27.48623297249128,-15.72623297249128
77.52,47.736485727011086,29.78351427298891
48.64,-8.686278649655833,57.32627864965583
1.81,-137.24329502850742,139.05329502850742
8.26,-87.29072989287693,95.55072989287693
43.56,103.13271089042678,-59.57271089042678
5.84,-77.14697429049102,82.98697429049102
271.764,397.0612764872435,-125.2972764872435
262.24,378.95489768045263,-116.71489768045262
182.72,324.34223869589823,-141.62223869589823
131.6,244.65362419783173,-113.05362419783174
22.72,32.80203626462321,-10.082036264623213
558.4,871.6506115385467,-313.25061153854676
15.24,22.539748272356746,-7.299748272356746
1408.1,945.7596820468283,462.3403179531716
32.896,43.015121583803875,-10.119121583803874
215.148,264.89131905603836,-49.74331905603836
30.96,136.64771874082408,-105.68771874082407
29.79,-10.47802007151995,40.26802007151995
128.9,132.00311216581122,-3.1031121658112113
60.12,291.9646421753944,-231.84464217539437
24.816,-2.341056940427279,27.157056940427278
14.976,128.82573973027843,-113.84973973027843
15.08,-14.622210792453416,29.702210792453414
24.288,11.444434628222098,12.843565371777903
16.192,-29.30252851376008,45.49452851376008
251.006,334.0093858386972,-83.0033858386972
54.192,160.58169478661944,-106.38969478661943
4.304,-134.95278759696907,139.25678759696908
108.92,579.0513603586891,-470.13136035868905
16.74,-51.16658766817113,67.90658766817113
2504.74,1609.0538744632206,895.6861255367792
84.784,76.63308513526863,8.150914864731376
29.9,93.00693716284741,-63.10693716284741
70.88,-3.980458055042618,74.86045805504261
3.76,-92.77184858943565,96.53184858943565
27.264,-45.66089986089332,72.92489986089332
56.65,112.23016287242126,-55.58016287242126
14.97,-87.88033058614769,102.85033058614769
4.02,-89.87807236127946,93.89807236127946
471.92,728.0247200919229,-256.10472009192284
58.72,54.45914537840008,4.260854621599918
5.16,-16.04461019292512,21.20461019292512
16.496,-51.09746443116478,67.59346443116478
71.976,44.76834472515907,27.20765527484093
22.512,-4.7612440672473895,27.27324406724739
3.444,-45.73935477944451,49.183354779444514
538.194,699.9833725545307,-161.7893725545307
47.984,-15.279872084310682,63.263872084310684
492.768,454.48816437443156,38.27983562556841
286.79,342.98356507776816,-56.19356507776814
5.08,-122.64431041179068,127.72431041179068
47.992,19.00450988013631,28.987490119863686
61.96,21.403763444247943,40.55623655575206
361.96,552.1909596978338,-190.23095969783384
278.82,420.57694498493856,-141.75694498493857
133.38,218.15866807258408,-84.77866807258408
47.952,22.521176781797976,25.430823218202022
16.74,-61.08476176886825,77.82476176886824
10.848,-70.40345760965761,81.2514576096576
18.544,-49.23778616924801,67.78178616924801
180.98,478.9168981043895,-297.93689810438946
99.98,82.07439705648699,17.905602943513017
34.95,85.4265583983929,-50.476558398392896
152.0,177.95341311127368,-25.953413111273676
92.52,337.0200161345899,-244.50001613458994
8.56,-75.47909684011984,84.03909684011984
45.36,195.90707952283492,-150.5470795228349
1421.664,865.4446015244984,556.2193984755016
8.96,-82.07944326434153,91.03944326434154
579.95,527.7316836274106,52.21831637258947
29.12,47.04339226242655,-17.92339226242655
1202.94,1431.549245077735,-228.60924507773484
7.92,14.857802219515406,-6.937802219515406
36.192,-14.566530310027247,50.75853031002725
147.184,161.64088773874073,-14.456887738740733
408.422,602.1966766873758,-193.77467668737575
382.116,312.21754130897943,69.89845869102055
68.6,116.07837983967033,-47.47837983967034
435.504,466.2995119273794,-30.79551192737938
11.168,-74.11816517712464,85.28616517712464
72.0,87.55628327450904,-15.556283274509042
655.9,608.457581789415,47.44241821058495
603.92,591.4215569943965,12.498443005603463
513.024,789.7518972552159,-276.7278972552159
487.92,442.4076081636233,45.51239183637671
15.24,75.63540732689353,-60.395407326893526
209.97,221.2421326736819,-11.27213267368191
62.94,31.64049232428124,31.299507675718758
25.92,289.1073994688538,-263.1873994688538
10.368,-77.31844481317603,87.68644481317602
95.736,73.80897792469955,21.927022075300457
900.08,818.4919172547756,81.58808274522448
201.584,274.9132307014247,-73.3292307014247
3.392,94.78731883934756,-91.39531883934757
193.0656,198.58597610493416,-5.520376104934172
15.552,-12.116541454489152,27.66854145448915
11.648,-59.00479911323259,70.65279911323259
418.8,610.1941773922171,-191.39417739221705
509.488,401.7097984038778,107.77820159612219
825.174,551.4465976415631,273.72740235843685
17.76,-30.413519479085153,48.17351947908516
6.912,-36.06662540555158,42.978625405551576
66.3,48.28489587543527,18.01510412456473
30.816,289.7076120105685,-258.8916120105685
44.784,-8.207064232931998,52.991064232932
569.536,521.6170762307624,47.918923769237495
796.425,397.92540673625535,398.4995932637446
12.832,-71.44395243883514,84.27595243883513
40.46,191.1564910790621,-150.6964910790621
404.94,455.02960905531927,-50.08960905531927
116.0,282.6157733775958,-166.61577337759581
657.552,524.6938877743441,132.85811222565587
599.97,720.9768436101001,-121.00684361010008
38.97,16.740041739335084,22.229958260664915
45.84,243.6297277804365,-197.7897277804365
38.24,66.72157471416563,-28.481574714165625
87.168,70.19041275612699,16.977587243873018
21.4,81.371269912039,-59.971269912039
54.9,105.68354596294034,-50.783545962940345
287.968,290.293397041881,-2.32539704188099
13.12,24.343913815875112,-11.223913815875113
10.75,72.8681070801174,-62.1181070801174
11.62,-71.26574234096825,82.88574234096825
40.74,21.818816055032357,18.921183944967645
83.25,59.76068846031603,23.489311539683968
9.45,-41.867339130863,51.317339130863004
20.65,72.78335464047723,-52.13335464047723
45.36,187.52661905184482,-142.1666190518448
5.352,-33.93149570298533,39.283495702985334
99.372,78.3049316527422,21.067068347257802
2.672,-132.53410479626928,135.20610479626927
28.672,242.6567252201571,-213.98472522015712
29.312,325.30716623777516,-295.99516623777515
105.98,231.89096443559424,-125.91096443559424
35.06,-31.967768356401393,67.0277683564014
33.94,-24.557949418374164,58.49794941837416
30.0,232.95695243080013,-202.95695243080013
45.528,11.354125277379353,34.173874722620646
844.116,586.0809383941382,258.03506160586176
812.736,592.5049280588227,220.23107194117733
7.476,-76.97494612220271,84.45094612220271
330.4,494.082710488255,-163.682710488255
604.752,477.6342565149639,127.11774348503604
45.36,193.1873954092323,-147.82739540923228
10.128,-79.69472900912933,89.82272900912933
21.792,28.42951159528525,-6.637511595285247
439.8,435.6469435227443,4.153056477255689
8.256,30.56407110406394,-22.30807110406394
25.56,117.70128047977278,-92.14128047977277
4.368,-45.56040658388247,49.92840658388247
11.52,26.887524523820048,-15.367524523820048
12.96,-83.32266096215153,96.28266096215154
3.96,-80.88842385127805,84.84842385127804
1577.94,1998.4878512538166,-420.5478512538166
15.008,72.63677680162209,-57.628776801622095
59.98,7.557649525464512,52.422350474535484
2395.2,1549.5466071700878,845.653392829912
1687.8,1695.8886321122407,-8.088632112240703
7.992,-115.73326716382621,123.72526716382622
5.184,-115.78262056532367,120.96662056532367
11.68,-71.62883406390256,83.30883406390257
104.8,370.30875778891345,-265.50875778891344
14.496,-20.63755047441623,35.13355047441623
4.784,-135.036923356952,139.820923356952
4.73,-138.99782478323982,143.7278247832398
7.89,-100.04065723747726,107.93065723747726
65.5,121.46338672607385,-55.96338672607385
2430.08,1400.2840035465392,1029.7959964534607
104.85,219.4020734512817,-114.5520734512817
3.9,-81.681222322547,85.581222322547
801.96,1336.5532659183489,-534.5932659183488
191.96,252.33405157996094,-60.374051579960934
2.61,-137.78978159714302,140.39978159714303
5.96,-81.5137915045973,87.47379150459729
1169.694,1205.6157871341989,-35.921787134198894
1665.62,2729.73876702356,-1064.11876702356
2.88,-140.21825112642432,143.09825112642432
1443.96,980.222149976077,463.737850023923
2.92,-123.99431111098602,126.91431111098602
465.18,528.1398781975438,-62.95987819754379
22.428,25.901445614458225,-3.4734456144582246
37.52,105.94696284746942,-68.42696284746941
2.624,-124.86424750743322,127.48824750743321
15.552,-13.171002630156181,28.72300263015618
64.704,177.23872644401672,-112.53472644401673
17.472,-8.346711941060448,25.81871194106045
135.516,328.7225767172538,-193.2065767172538
431.928,465.5960407637983,-33.66804076379833
12.448,-54.13020252602405,66.57820252602406
657.93,506.81429000987623,151.11570999012372
277.4,297.0036562974983,-19.603656297498333
25.16,-42.213849581820796,67.37384958182079
91.92,107.40865935952434,-15.488659359524334
29.34,-39.78484079199893,69.12484079199893
139.44,138.8667862943828,0.5732137056172064
6.912,-27.617715774814542,34.52971577481454
27.096,9.458904615936035,17.637095384063965
177.568,224.54828263538207,-46.98028263538205
58.416,20.1114539752125,38.3045460247875
16.448,-54.28058606382501,70.72858606382502
36.784,-16.630086815729783,53.41408681572978
718.116,515.7379690801221,202.37803091987792
31.776,45.20280214913828,-13.426802149138279
9.555,121.30904337030051,-111.75404337030051
487.984,775.5437210711034,-287.5597210711034
5.56,-128.9366060852592,134.4966060852592
217.85,232.1425798979692,-14.292579897969205
40.776,30.60354040199718,10.172459598002824
63.936,273.36086613798625,-209.42486613798624
142.4,181.6837196689944,-39.283719668994394
7.16,-85.02157929975715,92.18157929975715
681.408,638.6854277497443,42.722572250255666
3.52,-90.20459471769209,93.72459471769209
5.58,-128.0845722862341,133.66457228623412
36.32,-25.939987469762173,62.25998746976217
2060.744,1403.891896026862,656.8521039731381
52.272,34.830622501857306,17.441377498142693
213.136,294.14039006667167,-81.00439006667168
69.52,28.745052693124535,40.77494730687546
763.44,563.3118134062531,200.12818659374693
9.216,19.739932157408248,-10.523932157408249
41.958,211.58479992480557,-169.62679992480557
89.568,74.34976726474997,15.218232735250027
22.248,-10.031323577206877,32.27932357720688
334.88,319.0587743050967,15.821225694903319
148.288,263.7157062951633,-115.42770629516326
4.624,-123.5020807314254,128.1260807314254
178.92,270.01207134753304,-91.09207134753305
69.888,226.76546700630047,-156.87746700630046
487.984,778.7547395599615,-290.77073955996156
47.3,-6.069163737325198,53.369163737325195
4.13,-128.19656174770603,132.32656174770602
155.12,185.56957235947516,-30.449572359475155
6.48,-129.3461553292732,135.82615532927318
15.52,28.514644167070855,-12.994644167070856
2.946,-38.84936878505505,41.79536878505505
55.104,166.69420237612758,-111.59020237612758
104.88,184.0843692081903,-79.20436920819031
34.7,86.70328161108387,-52.003281611083864
33.72,33.25719952482268,0.4628004751773176
14.94,-62.254184779408206,77.1941847794082
638.73,581.9800372557652,56.749962744234836
113.568,110.90317660972187,2.66482339027813
9.096,-100.26872194466932,109.36472194466933
8.688,-30.14178257793992,38.82978257793992
30.88,49.83574839267544,-18.955748392675442
6.408,-29.3150806664396,35.7230806664396
33.8,95.42022114297038,-61.62022114297038
377.97,417.4514038392608,-39.48140383926079
258.9,447.70975279980144,-188.80975279980146
24.56,-55.78360812900473,80.34360812900474
27.888,195.36211803030847,-167.47411803030846
6.456,70.04113950608735,-63.585139506087344
52.68,34.99529492511647,17.68470507488353
13.88,107.86857593632021,-93.98857593632022
103.92,385.9602459503633,-282.04024595036327
11.52,87.58225361058362,-76.06225361058362
10.368,-60.4315442585239,70.7995442585239
39.072,28.49127860903309,10.580721390966914
8.872,-106.4452186065912,115.3172186065912
121.104,199.22954040798504,-78.12554040798504
127.372,136.92883382405603,-9.556833824056028
47.952,24.433994947289193,23.518005052710805
44.46,-11.045623906065657,55.50562390606566
15.8,28.290364322285996,-12.490364322285995
464.97,553.9606679097697,-88.99066790976963
181.96,231.61492849258207,-49.65492849258206
12.39,-25.67796439021322,38.06796439021322
84.09,60.66350744139572,23.42649255860428
79.36,87.27867828644457,-7.918678286444575
153.36,350.22488015492627,-196.86488015492625
43.68,142.68605613692375,-99.00605613692375
98.21,230.93041124089723,-132.72041124089725
9.84,-26.440290340552565,36.28029034055257
2.694,-53.94289791076926,56.636897910769264
25.344,125.81810788431198,-100.47410788431199
43.92,92.84637804868089,-48.92637804868089
59.994,36.69262269597675,23.301377304023248
439.992,1389.9705002656208,-949.9785002656208
87.96,134.1829247364044,-46.22292473640441
15.488,33.306367261253854,-17.818367261253854
232.96,326.3800959570483,-93.42009595704829
66.54,174.93870515139884,-108.39870515139883
43.26,25.245942162084248,18.01405783791575
141.96,176.0689679128568,-34.1089679128568
79.4,135.21131256103263,-55.81131256103262
163.96,180.952458306813,-16.992458306813006
37.93,1.6211149200169075,36.30888507998309
15.168,-59.84797923112387,75.01597923112388
24.78,132.2832725374601,-107.5032725374601
19.14,-28.61827935316728,47.75827935316728
899.97,1075.7872917653237,-175.81729176532372
32.4,83.72781787261215,-51.32781787261215
23.832,-4.259222186692796,28.091222186692796
6.368,-49.218684777948965,55.58668477794897
34.176,93.15069927343143,-58.974699273431426
5.544,185.21027504356357,-179.66627504356356
510.24,540.7413470431524,-30.50134704315235
204.95,220.9155983243743,-15.965598324374298
11.54,-97.09879064918505,108.63879064918504
162.6,168.92534282789552,-6.3253428278955255
45.68,-1.437699138395601,47.1176991383956
603.92,506.2441935690854,97.67580643091458
23.55,98.96285901801889,-75.41285901801889
5.04,-68.73546290080048,73.77546290080049
249.95,265.3441353886749,-15.394135388674897
33.4,91.64365156609688,-58.24365156609688
18.92,34.380436509142555,-15.460436509142554
15.42,-66.4955655154256,81.9155655154256
35.712,257.6513190183407,-221.9393190183407
551.985,320.520104501506,231.464895498494
7.056,-46.247248805349955,53.30324880534995
18.72,-49.764619746274775,68.48461974627477
360.38,546.2136490311103,-185.83364903111033
11.16,-71.4300546203408,82.5900546203408
14.94,-25.374646826847084,40.31464682684708
41.96,-9.795739028245862,51.75573902824586
636.86,490.8854883543204,145.97451164567963
499.99,1591.7472936969446,-1091.7572936969445
1259.93,897.0495809512921,362.88041904870795
65.08,71.84450311388946,-6.764503113889461
26.38,-54.214952395559294,80.59495239555929
71.97,56.764353643640334,15.205646356359665
129.98,133.50055569150072,-3.520555691500732
32.54,-51.09489256308302,83.63489256308301
10.9,-105.66176159005204,116.56176159005204
59.98,12.721991010815373,47.258008989184624
61.929,68.90757453722449,-6.978574537224489
16.52,29.2514717362219,-12.731471736221902
60.12,305.271856083089,-245.151856083089
49.536,22.987184913287592,26.54881508671241
11.85,-20.022243972646947,31.87224397264695
118.25,157.8431856560619,-39.593185656061905
368.97,409.0261182304839,-40.05611823048389
198.46,264.34445492800296,-65.88445492800295
321.92,311.90494057031924,10.015059429680775
879.984,1496.89633500681,-616.9123350068099
28.4,84.5420783093075,-56.1420783093075
230.28,231.5377157451926,-1.2577157451925984
116.28,97.39758572246046,18.88241427753954
841.568,1420.2715856818102,-578.7035856818102
354.9,314.11552132065117,40.78447867934881
42.784,193.80244939929662,-151.01844939929663
563.43,441.41166658748807,122.01833341251188
111.104,241.7958100831736,-130.6918100831736
11.68,-75.95910585120328,87.63910585120328
16.9,-60.51955361882324,77.41955361882324
24.4,-48.990951530772236,73.39095153077224
87.6,133.0735640424839,-45.4735640424839
241.96,340.42732415165597,-98.46732415165596
8.52,-26.299273125287982,34.81927312528798
1.788,37.17069486844821,-35.38269486844821
99.372,99.6416337373098,-0.2696337373098032
1.344,-135.00439893477846,136.34839893477846
119.96,165.15280238093897,-45.19280238093897
1013.832,697.7011309355997,316.13086906440026
1.984,-88.46728275817577,90.45128275817576
2003.52,1148.1098940234554,855.4101059765446
82.368,66.04108102434452,16.326918975655474
62.91,44.12618597713913,18.783814022860867
6.912,-35.004148962202635,41.916148962202634
383.976,419.30831018980075,-35.33231018980075
10.368,-78.65642871463251,89.0244287146325
335.944,351.47920836999265,-15.535208369992631
665.88,533.515011663617,132.36498833638302
71.976,47.990143978111064,23.985856021888935
37.94,-22.939181646036104,60.8791816460361
273.96,386.0828680979064,-112.1228680979064
269.982,291.25100468082974,-21.26900468082971
8.904,-20.803156598580927,29.707156598580926
720.064,614.6689925816017,105.39500741839822
41.424,-14.706673593438609,56.13067359343861
3.132,-32.97436347669304,36.10636347669304
1085.42,794.7574817814693,290.66251821853075
3.912,-121.13281497595813,125.04481497595813
62.376,45.47576105898088,16.90023894101912
29.05,92.88588985646334,-63.83588985646334
180.96,235.75552205458825,-54.79552205458825
4.419,0.13557311561658025,4.283426884383419
16.032,133.4166006567748,-117.3846006567748
29.79,4.954965318429686,24.835034681570313
57.23,61.73949728041566,-4.509497280415665
333.0,350.3656524473454,-17.365652447345383
36.44,52.1884664383349,-15.748466438334901
251.64,268.7682067822391,-17.12820678223909
523.764,499.412870783989,24.35112921601103
1359.96,1027.2840940197361,332.6759059802639
102.592,226.3694637330443,-123.77746373304431
22.704,-59.366196323920576,82.07019632392058
93.024,84.53785952230373,8.486140477696267
12.768,-61.73280225957478,74.50080225957478
35.008,54.28422417362117,-19.276224173621166
39.152,-1.1118793175257906,40.26387931752579
11.76,84.44655029882688,-72.68655029882687
5.238,-44.008911206404264,49.24691120640426
4.662,10.148673180447304,-5.486673180447304
523.92,412.4722588692175,111.44774113078245
100.792,207.45900322308535,-106.66700322308535
146.136,141.15293909101206,4.983060908987937
25.06,-51.50824735539277,76.56824735539277
19.824,129.00356842474775,-109.17956842474776
823.96,640.7915371076662,183.16846289233388
15.984,-69.41108334557725,85.39508334557725
801.96,1332.2259303930273,-530.2659303930272
59.97,39.191667042038944,20.778332957961055
1056.86,790.2524399267699,266.60756007323005
12.816,-19.61582665899141,32.43182665899141
314.352,331.14979606923134,-16.797796069231367
18.98,-53.28283821909622,72.26283821909622
18.24,138.8952214844087,-120.6552214844087
991.2,776.5502615820166,214.64973841798349
879.984,1510.757919236399,-630.7739192363989
12.96,282.92532139750665,-269.96532139750667
107.44,387.8853529928556,-280.4453529928556
1458.65,1196.8789246970825,261.77107530291755
26.64,-52.0016225769225,78.6416225769225
476.8,751.8758028456651,-275.0758028456651
87.444,61.133228917260794,26.31077108273921
76.14,58.177912287016625,17.962087712983376
19.96,-61.29293992514886,81.25293992514887
1049.97,716.1694301104209,333.80056988957915
611.058,650.6336239077859,-39.57562390778594
2.368,-89.94357730127126,92.31157730127126
19.008,-15.458224306741613,34.46622430674161
911.984,1501.0345451487685,-589.0505451487685
674.352,707.8058416450923,-33.453841645092325
134.01,350.081288887299,-216.07128888729903
170.97,186.97494703344455,-16.00494703344455
170.352,166.55047459693947,3.8015254030605377
7.184,-93.3418770571127,100.5258770571127
6.28,-68.66823171246142,74.94823171246142
480.74,731.2357463577716,-250.49574635777162
616.998,461.0205886615397,155.97741133846034
141.4,171.44373068777827,-30.043730687778265
501.81,533.3429817310746,-31.532981731074585
691.96,690.4184667875064,1.5415332124936185
34.95,77.0899568405232,-42.1399568405232
85.96,222.30250358601143,-136.34250358601145
85.3,62.320489875329486,22.97951012467051
33.568,282.83303985641055,-249.26503985641057
4.95,-130.8050666505012,135.7550666505012
26.4,93.44866997616236,-67.04866997616236
3.564,44.42215250375011,-40.85815250375011
823.96,659.5766066061227,164.38339339387733
10.272,-9.245616091439842,19.51761609143984
447.944,419.52546207204045,28.418537927959562
480.96,434.78496609475224,46.175033905247744
124.792,285.55382422522234,-160.76182422522234
40.176,17.01025639923705,23.16574360076295
10.896,-20.433407417227272,31.329407417227273
10.64,25.36573997970754,-14.72573997970754
151.96,165.41734849721797,-13.457348497217964
238.0,326.32945405779583,-88.32945405779583
155.34,218.22476862884832,-62.88476862884832
148.32,352.3742658000424,-204.0542658000424
240.784,685.3506203428847,-444.5666203428847
191.968,281.2725251726108,-89.30452517261082
11.56,-76.85000421850623,88.41000421850623
11.8,19.775470882783793,-7.975470882783792
842.352,932.6187980539175,-90.26679805391757
23.472,-40.2236265189199,63.6956265189199
86.058,227.79848125976878,-141.74048125976879
108.784,105.47518492396443,3.3088150760355717
10.272,-23.519922953292735,33.79192295329273
38.19,124.80869586206245,-86.61869586206245
49.632,53.52092324522391,-3.888923245223914
52.096,57.21611784036463,-5.120117840364635
9.568,-76.81155469949363,86.37955469949362
82.368,57.10162618393588,25.266373816064117
364.704,326.7614359037641,37.94256409623591
40.256,52.92270479290187,-12.666704792901868
4.368,-14.32895991265741,18.696959912657412
12.128,91.73668244709756,-79.60868244709756
134.85,117.86315645239006,16.986843547609936
8.56,-74.07217070529896,82.63217070529896
239.97,253.22810837997667,-13.258108379976676
356.94,541.6059331774673,-184.66593317746725
659.9,1093.5916210241446,-433.69162102414464
1684.752,1148.5995423212132,536.1524576787867
559.92,528.337805399925,31.582194600075013
279.944,335.6487907086721,-55.70479070867208
9.98,145.53609383854587,-135.55609383854588
48.9,96.51536027691895,-47.615360276918956
3.552,-28.283975423876427,31.835975423876427
15.552,-12.629505128652909,28.18150512865291
2.368,-78.1814075097086,80.5494075097086
127.984,133.4011628276503,-5.417162827650301
10.368,-73.04499903515989,83.41299903515988
47.984,15.054292819646662,32.92970718035334
270.34,627.6455438673805,-357.30554386738055
98.112,237.30183572468468,-139.18983572468468
563.808,511.01235083455606,52.79564916544393
10.428,64.53985863225671,-54.11185863225671
547.136,473.4525729140596,73.68342708594037
14.85,100.70848397175337,-85.85848397175337
41.988,3.841831395515328,38.14616860448467
7.584,-110.84770933785103,118.43170933785103
352.45,268.75188225668217,83.69811774331782
470.376,512.4307752886414,-42.054775288641395
19.44,-10.886784138229814,30.326784138229815
9.82,-64.53314307404867,74.35314307404866
801.6,478.796532674638,322.803467325362
161.568,193.00969708649268,-31.441697086492667
16.096,-62.39297785235681,78.48897785235681
7.656,62.0375224783927,-54.381522478392704
311.976,312.25147114886954,-0.27547114886954205
61.68,79.58452576341097,-17.904525763410966
63.96,77.97489496855587,-14.014894968555872
359.976,383.7340695117168,-23.758069511716826
25.344,134.10617869339808,-108.76217869339808
26.72,89.14465534985425,-62.42465534985425
30.28,-13.820036707631743,44.100036707631745
57.93,47.83013492079954,10.099865079200463
35.34,-13.464396256992814,48.80439625699282
137.24,185.16412057473212,-47.924120574732115
241.332,239.4451401846684,1.8868598153316043
5.184,-129.10333927597617,134.28733927597617
145.544,252.36949627878857,-106.82549627878856
5.472,-14.699789983002574,20.171789983002576
47.984,6.763610442515983,41.22038955748402
9.4,68.86776944787698,-59.46776944787698
74.0,116.53428651012791,-42.53428651012791
201.584,257.02830929875427,-55.44430929875426
28.752,-27.134211687103516,55.88621168710351
27.216,0.9067052660634545,26.309294733936547
197.372,259.03765847147565,-61.66565847147564
1424.9,1146.5088540064803,278.3911459935198
14.56,-62.802001868996285,77.36200186899629
3.048,-131.30523849048814,134.35323849048814
25.92,87.71090658032085,-61.79090658032085
835.17,596.5989264421671,238.57107355783285
17.34,-27.29791444655848,44.63791444655848
44.384,10.770745927634835,33.613254072365166
2.944,-122.53705980316954,125.48105980316954
6.368,-66.11561771971355,72.48361771971355
48.848,2.041654310510012,46.80634568948999
19.648,-51.79825126827927,71.44625126827927
255.108,278.373448969822,-23.26544896982199
17.248,-59.50707676486991,76.75507676486991
159.984,190.61433541114252,-30.63033541114251
12.7,-74.86320437159247,87.56320437159248
5.47,-127.08886736442196,132.55886736442196
79.36,87.99597140367587,-8.635971403675867
22.14,-9.865732418025573,32.00573241802557
11.277,23.571372967466687,-12.294372967466687
4.448,-67.76050863587557,72.20850863587557
44.76,29.221752926196586,15.538247073803412
38.28,141.18623917083596,-102.90623917083596
149.95,185.5762278489667,-35.62622784896672
12.84,-35.405490409075355,48.24549040907536
44.67,3.719586871666934,40.95041312833307
7.872,-10.104539612991175,17.976539612991175
7.872,-16.26722287435473,24.13922287435473
88.04,101.96593720864098,-13.925937208640974
40.635,210.18523133829854,-169.55023133829854
5.728,302.3909068734504,-296.66290687345037
42.24,355.7228631278185,-313.4828631278185
53.82,300.3124158009682,-246.49241580096822
79.36,88.24930538089075,-8.889305380890747
13.48,-64.1605183591762,77.6405183591762
29.8,95.62664518342831,-65.82664518342831
414.0,448.6799639101173,-34.679963910117294
41.328,197.28128826601483,-155.95328826601482
39.92,60.37487850967341,-20.454878509673406
8.94,-52.984707782669375,61.92470778266937
84.784,76.4391494242559,8.344850575744104
53.316,28.734408487571045,24.581591512428957
56.52,41.131540073469296,15.388459926530707
22.77,4.125021784350793,18.644978215649207
287.968,260.4641863401621,27.50381365983793
2799.96,2283.5717450382654,516.3882549617347
48.94,15.448123377698039,33.49187662230196
257.499,266.08564373387094,-8.586643733870915
2591.56,2423.5364887840633,168.02351121593665
41.95,102.6363414331463,-60.686341433146296
79.12,141.37418906604285,-62.25418906604284
52.96,13.701560930715459,39.25843906928454
286.344,286.68520519265553,-0.3412051926555364
63.552,39.372975971994265,24.179024028005735
41.376,17.582024420455582,23.793975579544416
172.704,227.84303656067118,-55.13903656067117
512.94,586.3693725348927,-73.42937253489265
860.93,666.2311089462274,194.6988910537725
769.95,668.2708084756467,101.67919152435331
14.98,-80.31602181508424,95.29602181508425
373.08,368.2724198458036,4.807580154196387
231.92,232.63109102921635,-0.7110910292163624
63.47,421.20368220594037,-357.73368220594034
345.0,335.635196461609,9.364803538391016
637.896,658.3324748499372,-20.436474849937213
287.91,311.33387220338545,-23.42387220338543
36.6,12.1350352299728,24.4649647700272
1.78,-141.37475797939328,143.15475797939328
25.92,39.055370427816115,-13.135370427816113
101.94,192.05672467837053,-90.11672467837053
6.848,-69.78360051793925,76.63160051793925
474.43,587.2280150145364,-112.79801501453636
8.448,-72.09085587242248,80.53885587242249
39.296,59.990865535171,-20.694865535170997
17.12,49.27470528067079,-32.15470528067078
542.94,626.0729344122723,-83.13293441227222
8.64,-36.004357194779914,44.644357194779914
193.8,224.55534676428897,-30.75534676428896
21.4,78.536717290061,-57.13671729006101
97.88,87.55173808663722,10.32826191336278
251.91,390.22632620116656,-138.31632620116656
25.86,-6.900990982866688,32.76099098286669
170.058,171.76058069343253,-1.7025806934325374
82.782,74.14034265781152,8.64165734218848
853.93,657.8945427446581,196.03545725534184
556.665,450.9160837138793,105.74891628612068
95.84,99.0601949389943,-3.2201949389942968
29.664,35.426659196945366,-5.762659196945364
9.184,173.76352659772192,-164.57952659772192
153.584,173.05084066761697,-19.466840667616964
12.864,294.5536521025019,-281.68965210250195
479.97,582.8005119561946,-102.83051195619453
232.88,237.79749575362553,-4.917495753625531
236.88,290.1378182892979,-53.257818289297916
29.9,96.54238383131224,-66.64238383131223
100.0,119.51611714628098,-19.516117146280976
18.693,15.455753272153743,3.2372467278462587
383.952,362.3802193658123,21.57178063418769
24.816,-35.05470335285668,59.87070335285668
24.9,91.30407098965634,-66.40407098965633
21.12,36.02730775323539,-14.90730775323539
767.952,657.1452481009305,110.80675189906947
14.352,-17.352287781060568,31.704287781060568
191.976,195.55818512079645,-3.582185120796453
274.77,425.15441864350305,-150.38441864350307
70.56,172.63669285151036,-102.07669285151036
204.85,229.70927164148065,-24.85927164148066
9.156,38.76608803636509,-29.61008803636509
23.992,39.88792662147716,-15.895926621477162
80.88,60.90461193807255,19.975388061927447
599.9,598.1959844450157,1.7040155549842666
276.69,297.4133026469931,-20.72330264699309
172.764,219.28220713846508,-46.51820713846507
4.224,-24.645099283940453,28.869099283940454
409.272,603.6824452740146,-194.41044527401465
55.44,415.7083628014284,-360.2683628014284
20.928,45.092898052116425,-24.164898052116424
1801.632,1036.5522650536877,765.0797349463123
67.176,114.44034467003644,-47.26434467003644
646.2,511.81147915358576,134.38852084641428
72.744,223.39877970894895,-150.65477970894895
572.16,626.8119760305781,-54.65197603057811
68.112,37.27821998130571,30.833780018694284
25.032,-4.285531775655954,29.317531775655954
39.992,0.8664990038028009,39.1255009961972
20.016,290.8322955823685,-270.81629558236847
3.104,-122.42857476726363,125.53257476726363
7.52,48.551037465297895,-41.0310374652979
10.272,-15.813094548253503,26.0850945482535
47.808,455.61564451210165,-407.80764451210166
978.84,693.5531395872453,285.2868604127548
13.14,348.98064590245303,-335.84064590245305
10.024,96.05704964771621,-86.03304964771621
156.3728,181.6839807714723,-25.311180771472294
999.98,1741.2843204582985,-741.3043204582984
821.94,660.0871402460723,161.85285975392776
220.064,224.0580769478745,-3.994076947874504
339.136,312.5819350577983,26.554064942201705
7.04,-82.40419601154736,89.44419601154736
5.04,30.820828926328886,-25.780828926328887
116.28,104.85689997441591,11.423100025584091
47.976,27.315872275202537,20.660127724797462
60.048,313.6131593246496,-253.56515932464958
5.022,-77.7707496166197,82.7927496166197
182.994,126.8374535004184,56.156546499581594
10.272,-26.361068567412303,36.6330685674123
7.857,-9.063638524174621,16.92063852417462
302.384,430.3487536432483,-127.96475364324829
20.952,-25.826260963305458,46.778260963305456
11.784,-37.233469957518764,49.01746995751876
638.82,586.4084547772061,52.41154522279396
20.7,-56.91866100801872,77.61866100801872
10.95,-25.421754304351225,36.37175430435123
14.352,-20.0176315872302,34.3696315872302
221.024,275.2382226518175,-54.21422265181752
3080.0,2163.970565688827,916.0294343111732
79.96,94.75767044304484,-14.79767044304485
587.97,687.6029063209614,-99.63290632096141
32.4,91.72162973038144,-59.32162973038144
404.9,357.04339480054546,47.85660519945452
9449.95,8097.899447817032,1352.050552182969
12.94,-74.40618595763635,87.34618595763635
2.264,-26.93106869454391,29.19506869454391
0.444,-25.241171216437806,25.685171216437805
146.176,308.8652895842306,-162.6892895842306
15.92,-79.03380859596632,94.95380859596632
159.96,188.0791756082633,-28.119175608263305
13.76,-68.60455602129582,82.36455602129583
4.312,-6.503946131202383,10.815946131202384
13.96,-58.93352889291964,72.89352889291965
27.414,22.865511995501947,4.548488004498054
73.98,46.23246055167192,27.747539448328084
160.98,425.5987874176151,-264.61878741761507
17.34,-16.4072337408395,33.747233740839505
3.28,-123.72713916009252,127.00713916009252
8.856,-24.648288260435493,33.504288260435494
158.376,155.47471438490447,2.9012856150955315
1219.96,1028.6571438077528,191.3028561922472
3.168,-84.15685531936538,87.32485531936538
19.44,-18.713485536683038,38.153485536683036
454.86,419.4531967817311,35.40680321826892
91.392,274.2509819724917,-182.85898197249168
19.04,53.1014087603246,-34.0614087603246
37.44,144.7970335951909,-107.3570335951909
37.59,8.271320257791103,29.3186797422089
26.032,-46.19260255422182,72.22460255422182
35.91,11.781233789463158,24.12876621053684
91.032,75.74058520435301,15.291414795646986
54.66,151.29739712577975,-96.63739712577976
67.344,174.94868764359376,-107.60468764359376
2624.985,2596.4789523180407,28.506047681959444
73.28,100.09554195784176,-26.81554195784176
14.48,147.58153341220395,-133.10153341220396
11.952,-57.55583777914967,69.50783777914967
15.552,-22.781500104321367,38.33350010432137
45.0,301.4699614791739,-256.4699614791739
209.97,237.53590320870808,-27.56590320870808
112.12,149.61884198354142,-37.49884198354141
1575.14,1002.5022932596855,572.6377067403146
25.06,188.6041197159218,-163.5441197159218
6.924,189.4724541783669,-182.54845417836688
37.392,14.302419347209707,23.089580652790296
79.12,133.381243564545,-54.261243564545
18.9,-17.02175285792441,35.92175285792441
57.42,302.19644492047246,-244.77644492047244
12.74,175.04390004313996,-162.30390004313995
8.82,-21.16737666322024,29.98737666322024
120.784,276.5544498359095,-155.77044983590952
322.59,363.8800284470426,-41.29002844704263
9.762,46.04639312162203,-36.28439312162203
13.72,-81.1279505244579,94.8479505244579
55.2,63.81659790684989,-8.61659790684989
259.136,240.2784343827284,18.857565617271632
29.24,92.64809233430401,-63.408092334304015
15.552,-16.688432688792773,32.24043268879277
4.896,-33.31064551658801,38.20664551658801
38.088,87.73027234915253,-49.64227234915253
2.808,8.257366063354766,-5.449366063354766
47.984,5.173153743481635,42.81084625651837
26.064,173.17285451667567,-147.10885451667568
15.696,-21.657852216625542,37.35385221662554
12.84,-26.06941297123103,38.909412971231035
539.97,622.0766834800205,-82.10668348002048
22.58,-46.50944811775116,69.08944811775116
16.52,20.860342791477933,-4.340342791477934
671.94,821.0604373407299,-149.12043734072984
169.064,248.93402712283182,-79.87002712283183
168.624,339.2403699394565,-170.61636993945652
19.44,-17.98970813261508,37.429708132615076
31.92,37.820682801380826,-5.900682801380825
433.568,627.741599644913,-194.173599644913
31.104,127.68607279768526,-96.58207279768526
54.816,20.990663896726574,33.82533610327343
48.86,202.4169030235339,-153.5569030235339
14.2,-75.95924988643924,90.15924988643924
12.96,-77.37090769100314,90.33090769100315
58.34,3.682239425914304,54.6577605740857
56.3,5.1956638358772125,51.104336164122785
629.95,558.2043881761333,71.74561182386674
122.97,118.98396632794447,3.9860336720555267
46.35,89.90308020495786,-43.55308020495786
14.976,275.8970813210203,-260.9210813210203
4.24,139.92815315370103,-135.68815315370102
319.96,329.81446748955887,-9.854467489558886
17.04,-16.208440362794818,33.24844036279482
344.91,368.4123445396665,-23.502344539666467
81.94,139.3887987188432,-57.44879871884319
98.16,174.23919030613047,-76.07919030613047
6.874,247.84158987892442,-240.96758987892443
1.996,-52.87848420249429,54.874484202494294
8.928,-55.99875046057923,64.92675046057923
9.99,-108.96431583198046,118.95431583198045
10499.97,13548.957470671367,-3048.987470671367
21.12,84.42424175180963,-63.30424175180963
696.42,1142.0972894322522,-445.6772894322522
304.776,321.58145331842593,-16.80545331842592
51.98,1.7296166142989478,50.25038338570105
24.7,79.23397493504967,-54.53397493504967
21.93,-14.702163720764702,36.6321637207647
394.816,391.46219610040225,3.3538038995977217
18.192,74.94522164848149,-56.75322164848149
7.31,-130.12320450382208,137.43320450382208
799.984,1338.368348958051,-538.384348958051
41.28,137.29362253914132,-96.01362253914132
184.66,279.9451981918112,-95.28519819181119
49.25,110.63917431152777,-61.38917431152777
10.16,-71.33980462336103,81.49980462336103
14.76,-60.22424771289798,74.98424771289798
34.08,-29.136193942039426,63.216193942039425
17.67,-19.00180258664045,36.67180258664045
1604.9,1330.8251627990185,274.0748372009816
385.686,1159.0548205620535,-773.3688205620535
15.984,-61.747658420629705,77.7316584206297
9.42,-31.722243795619534,41.142243795619535
6.56,-78.9764894922489,85.5364894922489
24.56,-51.569872863880846,76.12987286388085
128.4,117.48086158094657,10.91913841905344
62.28,85.08310936849875,-22.803109368498752
9.24,-33.587674651385896,42.8276746513859
482.664,452.10516227790026,30.558837722099724
4799.984,8107.129771269496,-3307.1457712694955
37.94,-21.019106916452756,58.959106916452754
18.288,134.74124287356153,-116.45324287356154
385.8,380.3306721552724,5.469327844727616
102.96,97.04066342366309,5.919336576336903
174.42,182.72924553286407,-8.309245532864082
1.964,-19.554878888585108,21.518878888585107
94.428,86.16112257115105,8.266877428848943
45.92,50.61943670682649,-4.699436706826489
61.584,86.58299760895966,-24.998997608959655
22.48,-74.05650170994022,96.53650170994023
332.028,333.3668594847145,-1.338859484714476
11.394,348.6533144261696,-337.25931442616957
15.552,-15.812041212274607,31.364041212274607
31.104,142.76674037684074,-111.66274037684074
6.316,-45.7552010768311,52.0712010768311
11.352,-24.302935515691615,35.65493551569162
20.808,286.7723483309187,-265.9643483309187
11.416,94.58803346548825,-83.17203346548825
9.408,197.5678336216431,-188.15983362164312
19.83,-66.49806134219943,86.32806134219943
209.7,296.2306185135426,-86.5306185135426
43.92,53.370186208763926,-9.450186208763924
20.232,-15.139928506400338,35.37192850640034
149.97,140.21886573296865,9.751134267031347
27.81,-13.088054687350223,40.898054687350225
66.3,39.45734468544424,26.842655314555756
1.64,-139.24056160460282,140.8805616046028
1049.2,877.7356474550679,171.46435254493213
20.9,83.8308145496735,-62.93081454967351
88.08,167.47793200237993,-79.39793200237993
751.92,698.0165191521697,53.903480847830224
887.103,666.2802384910931,220.82276150890686
55.944,207.485804964487,-151.54180496448697
10.688,-72.99781800409346,83.68581800409346
11.824,-66.22369295693738,78.04769295693738
63.312,-0.1504277131177787,63.462427713117776
96.784,106.55070950325035,-9.76670950325034
10.476,1.4040924541914137,9.071907545808587
9.762,-34.27107003876699,44.03307003876699
196.784,247.41364774870613,-50.629647748706134
47.98,-1.3317223907463358,49.31172239074633
13.05,66.30674506204946,-53.25674506204946
63.96,73.6380034460833,-9.678003446083302
80.48,133.47778771703906,-52.99778771703906
11.673,18.1034568773332,-6.430456877333201
863.128,555.6075677396507,307.52043226034937
3.564,38.26246415551918,-34.69846415551918
956.6648,576.573264700923,380.091535299077
12.588,42.89919961247051,-30.31119961247051
171.96,205.4773773038621,-33.517377303862105
871.4,817.0237881675489,54.37621183245108
692.472,680.6115105841917,11.860489415808274
207.76,213.9982528578014,-6.238252857801399
71.928,316.7534098709575,-244.82540987095751
25.99,-51.61364858836441,77.60364858836441
3.592,-126.97706541872867,130.56906541872868
48.632,63.00652856488318,-14.374528564883185
323.1,489.68650539428336,-166.58650539428334
9099.93,5405.975244543942,3693.9547554560586
9.96,-69.89114573909319,79.8511457390932
25.3,81.79300288869445,-56.49300288869445
11.36,-64.9008069845977,76.26080698459769
69.264,46.595099163563646,22.66890083643635
3.69,-142.42703673968526,146.11703673968526
1103.97,1365.7290882256787,-261.7590882256786
246.1328,333.2301811636901,-87.09738116369007
11.696,-61.30451054080413,73.00051054080413
439.992,1401.5623018081105,-961.5703018081106
64.784,99.55164749094911,-34.7676474909491
33.28,145.0059711558506,-111.7259711558506
14.088,-16.3793731915448,30.4673731915448
11.16,-74.29333069321865,85.45333069321865
896.328,625.9686489682542,270.35935103174575
189.0,510.86570464390434,-321.86570464390434
53.982,45.191867796725774,8.790132203274226
177.225,192.4972924935605,-15.272292493560514
129.39,120.58773928311552,8.802260716884462
54.32,69.02271287915096,-14.702712879150958
4367.896,1740.9979118822473,2626.898088117752
49.568,-3.727463243461216,53.295463243461214
161.376,222.01717734353952,-60.64117734353951
2.784,-79.52039364894154,82.30439364894154
8.72,72.14161388017374,-63.42161388017374
3.912,-120.47065646979286,124.38265646979286
59.752,209.43927320641137,-149.68727320641136
63.92,97.64893043164102,-33.72893043164102
383.96,360.66758088742927,23.292419112570713
7.752,-42.50049117119329,50.25249117119329
33.568,-48.131643585777056,81.69964358577705
666.344,523.28879795842,143.05520204158006
573.728,490.62710471838227,83.10089528161768
21.936,-16.76886077847348,38.70486077847348
19.44,-20.076221112333997,39.516221112333994
447.968,443.2799687092988,4.68803129070119
16.78,-54.16913179374592,70.94913179374592
20.96,-59.303849879667496,80.2638498796675
88.752,71.47788409777809,17.274115902221908
304.23,320.99388239692007,-16.763882396920053
167.86,218.1886997806539,-50.32869978065389
82.38,188.0319074546196,-105.65190745461962
23.976,15.270916435145864,8.705083564854135
33.29,-19.200826437319392,52.49082643731939
14.952,-30.33331323366201,45.28531323366201
323.982,318.67953748199284,5.302462518007189
2.286,-46.64330096323897,48.92930096323897
14.352,-10.74971074333007,25.10171074333007
71.976,53.11794113517021,18.858058864829786
9.21,-24.713635070923374,33.923635070923375
18.0,75.7986919127286,-57.7986919127286
42.93,295.24583885299126,-252.31583885299125
15.552,-19.954703611865625,35.506703611865625
17.92,87.72050999733233,-69.80050999733233
19.99,-66.00773297621572,85.99773297621572
22.92,92.20803768124802,-69.28803768124801
50.88,157.81685588264622,-106.93685588264623
27.312,-36.47550242334728,63.78750242334728
7.92,-116.77225033536797,124.69225033536797
14.368,-64.71580604991573,79.08380604991572
107.97,93.00718666927082,14.962813330729176
113.82,103.91341623710832,9.906583762891671
5.184,-118.60799729762675,123.79199729762675
16.28,-70.55739846332972,86.83739846332972
544.38,633.6510267221839,-89.27102672218393
19.824,115.48120508780698,-95.65720508780699
657.504,450.0174097948586,207.4865902051414
99.54,78.52096293200862,21.01903706799139
199.96,196.31261756405252,3.647382435947492
631.782,1036.7905197356258,-405.0085197356258
60.72,45.67317519894823,15.04682480105177
20.724,-21.309638789348583,42.033638789348586
415.872,397.6315742855443,18.24042571445574
16.768,-53.54865875631231,70.31665875631231
27.12,-26.339731371650714,53.45973137165072
95.84,101.55880168555359,-5.718801685553586
12.96,-79.70874859608057,92.66874859608058
19.008,268.5273533756156,-249.51935337561557
1598.058,594.6961447976702,1003.3618552023298
36.96,54.93601524857081,-17.97601524857081
10.368,-83.68760193525463,94.05560193525463
77.72,131.8044025282777,-54.08440252827771
520.464,783.3473046926194,-262.8833046926194
111.96,79.7577016504365,32.20229834956349
29.16,-2.990388741083052,32.15038874108305
131.94,121.60994575991162,10.330054240088373
25.92,36.85299613980942,-10.932996139809418
704.76,665.4842523281402,39.27574767185979
7.41,-67.8085651803649,75.21856518036489
21.5,336.8762021836624,-315.3762021836624
10.528,16.02818268338865,-5.500182683388649
20.544,125.38419239708855,-104.84019239708856
104.9,142.56354365707057,-37.66354365707056
39.68,-24.992472101155045,64.67247210115505
51.75,103.18589636781394,-51.43589636781394
11.68,-82.0468215544131,93.7268215544131
159.75,182.1037675515206,-22.353767551520605
103.968,199.56794296552243,-95.59994296552243
303.25,302.018530456412,1.2314695435879912
270.72,300.80319124236553,-30.0831912423655
1487.04,1132.3835245879154,354.65647541208455
17.48,-66.26061194440126,83.74061194440127
71.88,40.187915142663314,31.69208485733668
60.45,42.158698996045814,18.29130100395419
253.176,258.2202365576213,-5.044236557621332
2.88,136.70766627784633,-133.82766627784633
384.944,323.9142600528021,61.029739947197925
153.584,178.90971599629643,-25.325715996296424
913.43,678.6234998409539,234.8065001590461
43.92,54.76435038286422,-10.84435038286422
25.032,-8.199073563906722,33.23107356390672
46.76,196.22467912063848,-149.4646791206385
183.968,227.90512943289673,-43.93712943289674
1259.97,1493.7578087194017,-233.7878087194017
68.97,46.546029041793645,22.423970958206354
70.368,41.30838841994978,29.059611580050216
59.96,115.79754647284994,-55.837546472849944
25.984,-35.68124186928935,61.66524186928935
27.36,24.280680094311947,3.0793199056880525
361.376,534.4111939309508,-173.03519393095087
172.186,205.74656536797374,-33.56056536797374
69.008,41.49785983848528,27.510140161514713
199.9,218.2655921485357,-18.365592148535683
901.95,1069.062697534943,-167.11269753494298
971.5,805.3920757858699,166.1079242141301
11.328,-75.25984945121013,86.58784945121013
21.24,-19.153347997115134,40.39334799711513
34.8,17.04079168481212,17.759208315187877
38.976,22.504685965981253,16.471314034018746
9.08,-77.94475367825112,87.02475367825112
314.55,362.22850744276366,-47.678507442763646
4.91,-137.60938394594768,142.51938394594768
5.78,-87.9951380540449,93.7751380540449
107.94,189.88420314096265,-81.94420314096266
19.65,-17.45317598900965,37.10317598900965
617.97,716.4265057635271,-98.45650576352705
59.7,35.025403429285916,24.674596570714087
387.99,1220.7618243766483,-832.7718243766483
575.92,917.056247392014,-341.13624739201407
30.4,61.255932351471984,-30.855932351471985
478.24,489.32412959175406,-11.08412959175405
190.848,198.4151389637716,-7.567138963771583
5.484,69.91004557019392,-64.42604557019392
40.92,103.99408953865259,-63.074089538652586
15.552,-16.212316497897064,31.764316497897063
17.24,-69.76754532464156,87.00754532464155
302.94,324.9541887540506,-22.014188754050622
34.75,80.48485415861091,-45.734854158610915
113.94,185.1453311576763,-71.20533115767631
55.98,1.4191984978217533,54.56080150217824
27.18,-0.10380759595591371,27.283807595955913
1805.88,1328.5243823292121,477.355617670788
70.95,46.42040374159933,24.529596258400673
20.0,20.408322158815736,-0.40832215881573575
7.98,-29.340867380693908,37.32086738069391
24.1,80.18413767884999,-56.08413767884999
8.75,-113.55902131807034,122.30902131807034
842.94,968.5027684811699,-125.56276848116988
2.182,-66.59987587329738,68.78187587329738
27.384,192.71107727494814,-165.32707727494812
26.406,81.33907006103186,-54.93307006103186
10.368,-60.3483856755995,70.7163856755995
23.68,52.184048202137774,-28.504048202137774
109.95,243.44300421009325,-133.49300421009326
965.85,775.4353548489615,190.41464515103848
29.2,92.13611603723416,-62.93611603723416
32.4,91.35085009488171,-58.95085009488171
78.35,125.920984432556,-47.570984432556
31.68,138.28255829063824,-106.60255829063823
29.12,36.20395682221374,-7.0839568222137395
169.45,198.0851187267849,-28.635118726784924
12.56,-69.23161445604728,81.79161445604728
6.48,-127.21842772131527,133.69842772131526
186.69,193.90691740015086,-7.216917400150862
25.4,73.83365141387662,-48.433651413876625
43.96,-23.795043945051702,67.75504394505171
1279.165,1003.2229175678018,275.94208243219816
27.92,37.422404983824435,-9.502404983824434
129.568,138.327710367912,-8.759710367911993
6.368,-84.75174821825954,91.11974821825953
244.55,264.7047153388896,-20.154715338889616
1332.496,2059.8068445622166,-727.3108445622165
32.776,-32.35462004925762,65.13062004925763
147.184,153.38983202060058,-6.205832020600582
54.384,2.086723705668419,52.29727629433158
76.776,85.88293404346473,-9.106934043464733
14.352,-30.858650022075608,45.21065002207561
209.792,269.52596160743974,-59.73396160743974
3.304,-142.77611293855148,146.08011293855148
16.38,290.1898344059939,-273.8098344059939
167.96,226.92977576619774,-58.96977576619773
321.568,471.99060267582854,-150.42260267582856
12.96,-64.39889741068646,77.35889741068647
128.058,121.35643143602488,6.7015685639751155
63.686,83.66954819248599,-19.98354819248599
239.976,253.4135833168134,-13.437583316813402
344.22,458.64796430245224,-114.42796430245221
15.552,-21.12122922458775,36.67322922458775
21.248,35.16596333610437,-13.917963336104368
8.448,-73.21217954412236,81.66017954412237
333.09,355.08441307118346,-21.994413071183487
248.98,351.1152195258353,-102.13521952583531
24.9,93.01515835372538,-68.11515835372538
15.26,174.00956763534168,-158.7495676353417
43.32,-16.34140042981835,59.66140042981835
43.584,443.4897974438977,-399.9057974438977
116.28,104.32716010394279,11.952839896057213
9.296,-82.18704638304257,91.48304638304256
19.44,-21.85071827380625,41.29071827380625
314.55,358.6454768698061,-44.09547686980608
16.27,145.1127003098834,-128.84270030988338
69.12,326.5034787312509,-257.3834787312509
4.47,51.5950200747227,-47.1250200747227
418.296,440.57240441114254,-22.27640441114255
659.988,1062.992469950697,-403.00446995069683
8.128,-71.73654552660196,79.86454552660196
36.288,190.26916857530478,-153.98116857530476
909.72,627.1480107876125,282.5719892123875
917.9235,652.6170148297647,265.3064851702353
38.88,139.1934912975828,-100.3134912975828
631.176,424.8069068840018,206.36909311599823
12.96,-65.97044190726706,78.93044190726707
12.96,-80.21483521149253,93.17483521149254
23.2,75.05311598831918,-51.853115988319175
25.92,95.04247382259928,-69.12247382259928
21.312,113.0911010496186,-91.7791010496186
173.656,272.64161458788567,-98.98561458788566
361.96,557.0254080085427,-195.06540800854276
62.85,43.41523974757729,19.434760252422713
818.376,908.2757381248178,-89.89973812481787
20.34,-62.81024566449628,83.15024566449628
23.99,-52.55519592325595,76.54519592325595
171.288,165.88719370907916,5.400806290920855
37.3,-22.1552061965142,59.4552061965142
81.96,52.005822836214065,29.95417716378593
54.792,160.47874407248537,-105.68674407248537
10.784,-100.83845420542411,111.62245420542412
290.98,878.1340957887619,-587.1540957887619
36.44,55.55227668520456,-19.112276685204563
21.4,94.56226473334937,-73.16226473334936
48.664,209.88049918125262,-161.21649918125263
16.56,29.855410962419455,-13.295410962419457
1347.52,828.3462318936163,519.1737681063837
62.31,39.83620143528492,22.473798564715082
20.32,33.815703480098364,-13.495703480098364
9.432,-63.367641324038004,72.799641324038
34.86,188.85191942235838,-153.99191942235836
89.34,183.50291761306016,-94.16291761306016
269.98,399.34924688274964,-129.36924688274962
99.9,153.3221295645344,-53.4221295645344
39.08,61.46413982258605,-22.38413982258605
116.832,125.46596597359712,-8.633965973597128
2.296,-0.3256204746030562,2.621620474603056
408.006,625.5566636610095,-217.55066366100948
40.44,9.396249356763292,31.043750643236706
122.352,104.66775864634383,17.684241353656176
15.28,-78.7489235098617,94.0289235098617
11.96,-73.03149435615524,84.99149435615524
15.84,-8.859162558166645,24.699162558166645
86.376,74.20673819481499,12.169261805185016
18.24,-7.993709381399185,26.233709381399184
13.12,30.852300824182294,-17.732300824182296
105.98,107.18789958732077,-1.2078995873207674
493.92,423.4824761358261,70.4375238641739
5.936,236.66407615828257,-230.72807615828256
325.86,508.7683545084592,-182.90835450845918
383.607,424.3576460027484,-40.7506460027484
148.48,162.16382967233926,-13.683829672339272
537.544,449.9585125613296,87.58548743867038
1.928,-24.00667432437217,25.93467432437217
6.912,-27.563143904258368,34.47514390425837
7.76,-99.25871909144507,107.01871909144508
659.168,591.1206895176264,68.04731048237363
5.76,-93.02705598239163,98.78705598239164
351.216,369.8636300400858,-18.6476300400858
230.28,244.40651974873344,-14.126519748733443
12.84,-20.29581282706863,33.135812827068634
56.82,34.196599947457116,22.623400052542884
31.56,10.81809889458691,20.74190110541309
27.92,49.570206490404416,-21.650206490404415
8.559,-76.60473188175115,85.16373188175115
49.568,-21.194272217620664,70.76227221762066
127.869,117.48430389317923,10.384696106820769
271.44,302.44704503741036,-31.007045037410364
110.352,94.91738017926582,15.434619820734184
36.4,93.71388493502673,-57.31388493502673
419.136,362.26335804711016,56.872641952889865
100.704,189.65173010821263,-88.94773010821264
45.216,26.855470301476544,18.360529698523457
28.782,172.3926823970312,-143.61068239703118
24.448,42.75502755216621,-18.30702755216621
10.476,199.06106922535128,-188.58506922535128
76.14,54.213201667583235,21.926798332416766
21.24,-15.23267890183456,36.472678901834556
127.96,135.8141503905424,-7.854150390542415
479.984,748.9490392877487,-268.96503928774877
657.93,555.7466096470453,102.18339035295469
33.48,50.06422842274401,-16.58422842274401
13.9,79.19622887196147,-65.29622887196146
26.86,-35.06243063628449,61.92243063628449
9.584,-112.58547245911973,122.16947245911973
113.1,107.92373920078262,5.176260799217374
65.78,420.16325924839293,-354.38325924839296
239.7,291.6305391635783,-51.93053916357832
25.632,2.768349248679897,22.863650751320105
23.616,234.74255446180268,-211.1265544618027
8.26,-84.41072918458076,92.67072918458076
76.58,204.96332134410977,-128.3833213441098
8.8,56.05972550297611,-47.25972550297611
590.352,515.560844181042,74.79115581895803
5.58,-29.0316196393303,34.6116196393303
25.02,-16.26976979038659,41.289769790386586
452.55,397.1254354841542,55.424564515845816
17.76,-51.999011625257936,69.75901162525794
302.384,440.6884225203894,-138.30442252038938
146.352,141.0184007738826,5.3335992261174
7.9,-70.5879976385902,78.4879976385902
902.712,997.3032432637842,-94.59124326378424
53.97,33.07566814040524,20.894331859594757
33.92,239.0000402084379,-205.08004020843788
21.81,3.023057641471496,18.786942358528503
91.6,150.00370515485656,-58.40370515485657
150.98,382.54144852062313,-231.56144852062314
137.25,344.9741095293223,-207.72410952932228
11.52,19.90829735226589,-8.38829735226589
18.272,-77.49559604496244,95.76759604496243
153.728,165.50407225525328,-11.776072255253268
12.224,-70.21499511030856,82.43899511030857
167.944,265.3161004814758,-97.37210048147583
45.99,24.149620250530916,21.840379749469086
535.41,624.2111416274333,-88.80114162743337
6.096,-75.0820801383934,81.1780801383934
45.36,204.95164998874748,-159.59164998874746
47.12,238.2841189199944,-191.1641189199944
31.36,35.81542509873111,-4.455425098731112
47.616,25.481097648771765,22.134902351228234
23.48,85.1389683546854,-61.6589683546854
62.79,94.37076237552492,-31.58076237552492
28.44,300.75778148352583,-272.31778148352583
134.376,124.16300900481656,10.212990995183446
589.9,960.6434615340286,-370.7434615340286
542.94,625.3800937606679,-82.44009376066788
2879.952,2084.856321485754,795.0956785142462
90.48,59.43437803363349,31.04562196636651
77.55,123.11949109751663,-45.56949109751663
8.832,-11.885181847449303,20.717181847449304
177.536,189.64334285924178,-12.107342859241783
258.48,358.7539684580224,-100.27396845802241
14.136,-20.27752411328538,34.413524113285376
77.55,134.01922259108414,-56.46922259108415
24.88,-39.96379657497141,64.8437965749714
140.75,181.64423966612412,-40.89423966612412
36.63,14.710371834556781,21.91962816544322
17.14,-64.4811695728954,81.6211695728954
51.75,99.68112732038912,-47.93112732038912
123.96,108.05867442040994,15.90132557959005
586.398,476.80741699008763,109.5905830099124
80.98,138.73252328724857,-57.752523287248565
242.94,240.89704175095585,2.0429582490441476
123.92,119.18696066426492,4.733039335735086
12.39,-41.083461462801324,53.473461462801325
47.3,-16.82630137028059,64.12630137028059
1599.92,1171.0875716382625,428.8324283617376
11.09,-99.17349272491288,110.26349272491288
3.168,56.08260416281996,-52.91460416281996
579.136,504.64998076799486,74.4860192320051
6.368,-70.99291395638602,77.36091395638601
558.4,883.5208283825675,-325.12082838256754
145.764,171.24863993947906,-25.484639939479052
13.62,-6.939867390518884,20.559867390518882
434.646,488.90762044070345,-54.26162044070344
440.19,519.5398776137087,-79.34987761370866
64.4,130.41770315041026,-66.01770315041026
244.55,259.8174234910632,-15.267423491063198
195.76,200.8931029124326,-5.133102912432605
11.76,-74.70951229931256,86.46951229931257
166.45,197.3062502140972,-30.8562502140972
2.88,-143.04648853898925,145.92648853898925
45.248,-9.22860140327839,54.47660140327839
59.904,23.8514600122337,36.0525399877663
23.696,-42.145981253566106,65.8419812535661
7.968,-73.31884008430211,81.28684008430211
18.2,192.9593482744158,-174.7593482744158
27.552,9.892260026226268,17.659739973773732
844.116,594.3622551453622,249.75374485463783
76.752,60.54935506985953,16.202644930140465
3.0,-136.051778387912,139.051778387912
7.506,320.2709710812444,-312.7649710812444
16.56,-61.072946867827795,77.6329468678278
79.92,100.14839252016577,-20.22839252016577
69.98,46.899280802183966,23.080719197816038
11.06,407.2285933717369,-396.1685933717369
623.4648,454.68913325822973,168.77566674177024
772.68,583.21157603046,189.4684239695399
283.14,283.17274781851506,-0.03274781851507669
635.96,613.7969244422073,22.163075557792695
118.99,273.43960928337833,-154.44960928337832
272.94,291.1170054110212,-18.177005411021184
15.008,-50.500971141616446,65.50897114161644
33.088,54.34047874847556,-21.25247874847556
80.98,147.717481711024,-66.73748171102399
82.8,479.0917111801996,-396.29171118019957
21.36,-42.86576024776264,64.22576024776264
62.048,29.730389108803365,32.31761089119664
29.61,287.87348513857637,-258.26348513857636
863.928,636.549389020553,227.378610979447
241.92,232.0380541079055,9.881945892094478
163.88,168.13823824366204,-4.258238243662049
3.486,-34.47907447767784,37.96507447767784
10.584,207.69476651472064,-197.11076651472064
440.91,489.9961825471652,-49.08618254716515
5.715,118.65165693152585,-112.93665693152585
51.968,-0.3325195847141913,52.300519584714195
71.976,37.03232046717858,34.94367953282142
242.352,231.93746206297715,10.414537937022857
221.92,236.92180565779586,-15.00180565779587
8.448,-79.56021377484558,88.00821377484559
29.52,25.688501548848308,3.831498451151692
302.94,320.5924617622943,-17.65246176229431
142.36,156.84531232315976,-14.485312323159746
546.66,523.5774090884323,23.08259091156765
212.13,208.76319874912883,3.3668012508711627
5.248,-70.06789088210076,75.31589088210076
74.416,54.017154183218736,20.39884581678126
6.848,-73.95214422579102,80.80014422579102
7.996,-67.1811296094786,75.1771296094786
8.712,24.909873887840376,-16.197873887840377
65.17,199.12847325595658,-133.95847325595656
14.62,-79.6947844704157,94.3147844704157
173.24,166.409098385785,6.8309016142150085
895.92,764.0069484786691,131.91305152133089
130.71,109.76977207844311,20.940227921556897
11.68,-78.22888803581759,89.9088880358176
62.31,24.794720080050865,37.51527991994914
0.852,-97.4553342392926,98.3073342392926
36.288,204.78061544714092,-168.4926154471409
56.568,56.48862856026403,0.07937143973596505
344.704,508.5000473118391,-163.79604731183912
201.584,260.8906489728445,-59.30664897284447
521.96,833.2118297105452,-311.25182971054517
8.22,-24.880515973251704,33.1005159732517
45.36,186.85776229327507,-141.49776229327506
947.17,634.8974144616873,312.2725855383127
61.96,13.12615600351046,48.83384399648954
268.935,225.69084391906313,43.244156080936875
7.58,-118.82004264418674,126.40004264418674
14.73,-34.990065605111795,49.7200656051118
9.888,-45.16480855249188,55.052808552491875
671.544,739.155692599927,-67.61169259992698
1117.92,992.3604142145571,125.559585785443
275.952,283.1488937364445,-7.196893736444508
123.144,243.61282063414615,-120.46882063414614
15.576,-7.532930055441284,23.108930055441284
212.64,265.9607359847912,-53.32073598479121
9.87,-34.36616446986295,44.23616446986295
53.25,20.223091429652186,33.026908570347814
19.92,-20.93284402479844,40.85284402479844
658.746,757.694260322134,-98.94826032213405
8.26,-86.37057995276177,94.63057995276178
29.84,-42.73135014338527,72.57135014338527
67.98,33.825258684606524,34.15474131539348
61.06,13.308047838113225,47.75195216188678
35.544,-10.389090007926598,45.933090007926594
9.96,-67.8097918164001,77.7697918164001
9.21,-12.103287216375065,21.313287216375066
27.93,5.6208738379637,22.3091261620363
7.9,-85.21521689673546,93.11521689673546
221.16,216.3487565177643,4.81124348223571
127.96,130.0676368157067,-2.107636815706698
18.69,-32.64078860760583,51.330788607605825
25.35,-20.30943596167799,45.65943596167799
35.28,-6.6128910201287,41.8928910201287
33.4,90.01113557882536,-56.61113557882536
837.6,936.7221699801656,-99.12216998016561
40.68,34.40018171265365,6.279818287346352
209.568,281.2359539171416,-71.6679539171416
22.368,43.26129413856188,-20.89329413856188
3.882,-57.49543581185026,61.377435811850255
115.296,100.97644321907364,14.319556780926362
1.908,-35.88828543660452,37.79628543660452
43.372,240.01963664323057,-196.64763664323056
783.96,758.4869695194939,25.473030480506168
48.896,-0.3353533714744117,49.23135337147441
7.856,-76.79959239808068,84.65559239808067
5.904,-71.42160329571402,77.32560329571402
13.712,-48.27953313711009,61.991533137110096
182.94,191.94396243277652,-9.003962432776518
27.76,32.79973625626553,-5.039736256265531
25.99,-47.74576288926346,73.73576288926346
113.52,149.53877479672633,-36.01877479672633
359.88,381.6016994366421,-21.721699436642098
25.344,35.0989809206917,-9.7549809206917
11.952,-28.51046014709823,40.46246014709823
6.24,-28.070488632496335,34.31048863249634
742.336,574.3793601220827,167.95663987791727
6.464,-84.18063365243643,90.64463365243643
11.52,67.64760361862318,-56.12760361862318
222.384,295.0162442110234,-72.63224421102339
23.36,39.26683702923992,-15.906837029239924
8.67,-30.375321856621895,39.0453218566219
25.71,-3.59482091883865,29.30482091883865
100.94,225.7613797388376,-124.8213797388376
63.882,72.49675099509614,-8.614750995096138
683.144,613.739942991458,69.40405700854205
1.476,41.17944596993175,-39.70344596993175
40.712,210.90201102222795,-170.19001102222796
279.9,298.4370294921107,-18.53702949211072
13.12,86.07329898383705,-72.95329898383704
69.576,117.3150311045681,-47.73903110456811
4.224,-26.459048570496634,30.683048570496634
58.08,77.60824017301638,-19.528240173016385
52.416,301.735706933496,-249.31970693349598
54.92,109.74607062767132,-54.826070627671314
364.95,263.90052429220964,101.04947570779035
85.056,69.35869747175184,15.697302528248159
27.696,-3.8712367984376215,31.567236798437623
24.96,43.77612242197188,-18.816122421971876
43.13,7.767268293901452,35.36273170609855
5.64,-40.09161651331601,45.73161651331601
57.582,45.85348581001563,11.728514189984374
31.104,135.8843182491828,-104.7803182491828
30.192,-1.0815891398547137,31.273589139854714
43.6,100.12882430096647,-56.52882430096647
4.768,-74.35967404226744,79.12767404226744
10.38,-39.46029134790547,49.84029134790547
13.392,263.33574838903064,-249.94374838903065
39.594,10.888952182621779,28.705047817378222
91.008,326.79308143122194,-235.78508143122195
37.94,-29.8739769358624,67.8139769358624
42.8,343.35560977905493,-300.5556097790549
33.63,2.489589143110834,31.14041085688917
62.808,54.15786038315946,8.65013961684054
195.64,213.0128830609185,-17.372883060918525
239.9,345.3861356234313,-105.4861356234313
380.058,400.6333871177999,-20.57538711779989
1199.976,1103.1482123837072,96.82778761629288
48.576,34.281982390716166,14.294017609283834
17.94,-31.511879265674224,49.45187926567422
18.264,-1.1213124143373534,19.385312414337353
34.656,-7.5310267626207406,42.18702676262074
81.552,73.14723805116819,8.404761948831819
227.136,223.64511077108182,3.490889228918178
10.36,-83.35387907564177,93.71387907564177
463.248,110.92811668061108,352.3198833193889
383.952,362.9627162509855,20.989283749014476
44.856,159.3347089658198,-114.4787089658198
30.345,228.7481949017233,-198.4031949017233
127.554,120.56597259485875,6.988027405141253
77.952,64.89682054939226,13.055179450607739
14.016,12.305855416494751,1.7101445835052491
69.52,39.75310709627388,29.766892903726117
5.64,-27.055000233060582,32.69500023306058
13.776,-16.501850615439025,30.277850615439025
245.88,294.975220236264,-49.095220236264026
36.63,21.09346824078284,15.536531759217162
22.58,-37.835621161725385,60.41562116172538
12.39,-21.986921781181536,34.37692178118154
39.92,93.33862290338311,-53.41862290338311
61.96,15.031346254496157,46.928653745503844
19.936,25.231048907094646,-5.295048907094646
3.798,-56.217219878958076,60.01521987895808
27.744,130.15530186460774,-102.41130186460774
158.376,146.168038429543,12.207961570457002
27.58,-42.543458103321655,70.12345810332165
5.553,16.003134405752235,-10.450134405752234
243.92,245.78087738234717,-1.8608773823471836
14.96,36.431904786808445,-21.471904786808444
7.184,-101.55453202794092,108.73853202794092
10.512,-23.412939630398796,33.9249396303988
263.96,269.2063621024845,-5.246362102484511
71.632,420.2319120068155,-348.5999120068155
9.328,-92.90880812137584,102.23680812137584
5.88,-71.53215003525202,77.41215003525201
975.92,786.0603022376312,189.8596977623688
303.84,396.5365160296976,-92.69651602969765
485.88,419.3006997292782,66.57930027072177
12.54,-26.582653544269306,39.122653544269305
8.94,-19.863979590425515,28.803979590425513
9.24,-36.59611069128823,45.83611069128823
70.008,41.509048011115965,28.49895198888403
77.6,84.44990452752677,-6.849904527526775
464.85,488.752422859029,-23.902422859029002
10.192,186.75131126129486,-176.55931126129485
1793.98,3228.12124792659,-1434.14124792659
758.352,643.8965325965927,114.45546740340728
20.368,-71.87500500879355,92.24300500879355
49.848,21.66952125348621,28.17847874651379
239.97,260.23541491696574,-20.26541491696574
2404.704,1543.7913652149875,860.9126347850126
563.024,630.3956138650391,-67.37161386503908
344.91,375.30106066425856,-30.391060664258532
8.64,-26.0884772899592,34.7284772899592
89.988,84.52430451320106,5.46369548679894
229.544,317.59948157022245,-88.05548157022244
1.824,-80.51657353838527,82.34057353838527
18.32,180.25123138662434,-161.93123138662435
48.816,37.36959211908629,11.44640788091371
1.188,-66.45154231680635,67.63954231680636
119.8,165.87566652943883,-46.075666529438834
61.568,31.315433379751312,30.252566620248686
6.192,-14.618684921495515,20.810684921495515
2.214,-3.3263383518431056,5.540338351843106
5.32,-91.15278642361591,96.4727864236159
975.92,933.1956985143619,42.72430148563808
2249.91,1302.2013489342403,947.7086510657596
59.92,67.99380370673384,-8.073803706733841
171.2,197.94861918581523,-26.748619185815244
3.36,-84.76074904953111,88.12074904953111
114.2,161.97300937701152,-47.77300937701152
182.67,185.92201105295567,-3.2520110529556803
101.7,186.237062961854,-84.537062961854
1126.02,1253.408716559572,-127.388716559572
1263.3,945.636641298411,317.663358701589
8.82,-11.389629705334983,20.209629705334983
37.94,-11.777666390640888,49.717666390640886
4.2,-63.64418660111005,67.84418660111005
227.28,317.3760463070146,-90.09604630701457
47.9,36.360375673340286,11.539624326659712
61.96,0.7834986132459107,61.17650138675409
1117.92,1000.9324537959183,116.98754620408181
183.372,236.45777427331086,-53.08577427331085
7.968,-73.91602619140804,81.88402619140804
26.352,275.4472590413411,-249.0952590413411
481.32,461.658801633017,19.661198366983
13.98,-94.37798973612871,108.35798973612872
25.92,136.56409218824433,-110.64409218824433
91.59,72.92020573983314,18.669794260166867
674.058,728.0820306737202,-54.024030673720176
22.92,30.360975869265303,-7.440975869265301
269.9,263.8340295171015,6.065970482898479
11.808,271.44681016955747,-259.6388101695575
9.588,-43.3288118036437,52.916811803643704
18.336,-16.14988824969373,34.48588824969373
36.288,193.072279124249,-156.784279124249
111.984,112.20886095866877,-0.22486095866877065
5.97,112.48269330781659,-106.51269330781659
2.508,-46.51527518546186,49.02327518546186
35.96,-14.521414113152787,50.48141411315279
14.952,-13.717001278958833,28.66900127895883
67.144,216.7667169082938,-149.6227169082938
254.058,258.2102699036982,-4.152269903698198
173.94,169.75276808737885,4.187231912621144
231.98,322.1039151379614,-90.1239151379614
2.296,-12.545713736057223,14.841713736057223
96.08,78.15215684169993,17.927843158300064
3.62,-90.67338345596022,94.29338345596022
629.1,567.5832557825141,61.51674421748589
90.48,63.4216265576913,27.058373442308707
14.88,-68.89363774078743,83.77363774078742
91.275,179.89002952592955,-88.61502952592954
19.44,-26.371611340797017,45.811611340797015
897.15,1056.999318944651,-159.84931894465092
57.75,109.07629387567295,-51.326293875672945
14.94,-59.092347227061964,74.03234722706196
23.1,-36.64803791796862,59.748037917968624
12.536,-101.13327851375061,113.66927851375061
1.08,-53.47836130381984,54.55836130381984
4.512,-59.03430726097167,63.54630726097167
16.776,1.997438761962485,14.778561238037515
33.74,177.69519351796362,-143.9551935179636
1325.85,1045.572002604055,280.277997395945
333.999,350.8646460824084,-16.865646082408375
19.9,79.32351187398581,-59.42351187398581
1268.82,852.4741397694297,416.3458602305702
283.92,286.441708343403,-2.5217083434029632
5.68,-77.50361637509059,83.1836163750906
375.34,1137.2464771056261,-761.9064771056262
96.08,71.78489681862425,24.29510318137575
11.68,-85.34229045291863,97.02229045291864
4.36,-97.95827016468206,102.31827016468206
29.24,50.5975266310727,-21.357526631072698
117.488,238.57861714416526,-121.09061714416526
18.84,-13.646911095294854,32.48691109529486
12.42,-19.269177632456376,31.689177632456378
12.96,-71.01396688031991,83.97396688031992
69.48,98.90994448493257,-29.429944484932562
85.9,69.43772705005017,16.462272949949835
18.06,186.861996977874,-168.801996977874
79.14,58.363306584247084,20.776693415752916
37.4,-18.186281369410835,55.586281369410834
2.512,-1.4402822369484056,3.9522822369484056
18.864,261.82302822643396,-242.95902822643396
61.192,73.59448062325373,-12.40248062325373
67.84,94.8654014944866,-27.0254014944866
48.712,33.44896112059769,15.263038879402316
17.94,-9.267398169301032,27.207398169301033
242.94,249.65146739092643,-6.71146739092643
7.764,45.49945570386626,-37.73545570386626
467.04,440.78480807534766,26.255191924652365
128.85,119.5060227260467,9.3439772739533
8.4,-77.81319320834837,86.21319320834837
199.98,270.9644689888196,-70.9844689888196
110.98,246.2251572688799,-135.2451572688799
207.984,255.05657439098422,-47.072574390984215
36.112,-36.18892598199477,72.30092598199477
35.568,-33.38884798305912,68.95684798305912
88.768,54.332766603409254,34.435233396590746
12.9,-74.65037258506504,87.55037258506505
717.12,602.2729820938554,114.84701790614463
21.36,79.3522667313814,-57.992266731381406
6.688,-84.12123733904514,90.80923733904514
773.94,630.6113081525444,143.32869184745562
20.568,-10.511792955265946,31.079792955265948
4.356,24.118878308363946,-19.762878308363945
19.04,41.57837521415968,-22.53837521415968
5.22,-85.93988909553309,91.15988909553309
84.84,60.25604527978339,24.58395472021661
7.24,83.92707800572794,-76.68707800572794
14.4,72.18334141763307,-57.783341417633075
15.552,-27.361789183297105,42.913789183297105
1325.76,917.2152866910054,408.5447133089946
3.108,-52.66247388266288,55.77047388266288
6.672,-32.1441782165889,38.816178216588895
689.408,629.3344795339779,60.07352046602216
1889.99,350.72721911907934,1539.2627808809207
55.936,265.92430905109745,-209.98830905109745
18.432,252.25575334126574,-233.82375334126576
20.32,101.44676170606772,-81.12676170606773
52.064,65.78594363282764,-13.721943632827639
48.784,39.87875513253039,8.905244867469612
13.092,67.66663119428836,-54.57463119428836
109.592,236.67199208130546,-127.07999208130546
56.7,74.45660436714479,-17.75660436714479
79.99,125.97733781373017,-45.98733781373018
69.5,123.67376149748065,-54.173761497480655
191.6,205.46829088568256,-13.868290885682569
10.56,-78.90249112313109,89.46249112313109
47.79,22.318232707812967,25.47176729218703
714.3,620.9232410388877,93.37675896111227
2321.9,4217.35798130934,-1895.45798130934
17.94,-7.750044249318535,25.690044249318536
9.522,-62.01352086144516,71.53552086144516
791.964,545.781914357835,246.18208564216502
4.923,19.310736714297718,-14.387736714297718
209.979,210.0686521995783,-0.08965219957829618
33.93,31.683815237613544,2.2461847623864557
222.32,304.8883788688074,-82.56837886880743
210.564,247.62180953974553,-37.057809539745534
35.168,209.69830424059865,-174.53030424059864
1502.376,1219.6995496644581,282.67645033554186
10.11,-29.920736454915186,40.030736454915186
772.47,875.6187392148429,-103.14873921484286
20.46,-58.72063252640942,79.18063252640943
347.58,367.3867393930443,-19.806739393044325
72.64,39.70358566861955,32.93641433138045
772.47,885.5142765055224,-113.04427650552236
39.92,58.318423827654215,-18.398423827654213
33.48,-28.238808876592884,61.71880887659288
461.97,532.7181930176882,-70.74819301768821
137.62,162.44483029224966,-24.824830292249658
302.67,339.9697258829178,-37.29972588291781
239.976,247.92524807546465,-7.949248075464652
8.34,-24.117845401761997,32.457845401762
8.57,-112.50531492052824,121.07531492052823
119.616,285.7367127342029,-166.12071273420293
212.94,231.46324641447245,-18.523246414472453
26.49,-37.7215815044367,64.2115815044367
687.4,567.27836654356,120.12163345644001
653.55,753.3360273050804,-99.78602730508044
33.9,-13.660610240575807,47.560610240575805
239.96,254.64886048342555,-14.688860483425543
199.836,177.8056464051367,22.0303535948633
716.0,1170.5122721505775,-454.5122721505775
221.06,297.39872831922526,-76.33872831922525
67.71,38.739776578911005,28.97022342108899
129.92,133.9054483846421,-3.985448384642126
467.46,512.0557418122426,-44.59574181224258
61.4,107.31058430998019,-45.91058430998019
720.76,681.5845382337958,39.175461766204194
5.184,-40.55788321195928,45.741883211959276
14.7,77.15022335266121,-62.45022335266121
8.134,247.98592052226672,-239.8519205222667
79.984,56.15540519970841,23.828594800291583
18.54,-52.62432712601185,71.16432712601184
24.4,-39.15276746218069,63.55276746218069
195.64,196.07669982361222,-0.4366998236122299
398.4,369.52696216716004,28.87303783283994
7.056,-21.4489222124148,28.5049222124148
1352.3976,651.6240704665908,700.7735295334093
26.4,76.57113614892273,-50.171136148922734
41.88,144.87679216025458,-102.99679216025459
99.846,329.3905113330468,-229.54451133304678
699.98,1153.5632148238196,-453.5832148238196
584.82,522.7880022661269,62.03199773387314
43.98,-18.211506636208014,62.19150663620801
377.97,423.42030635455035,-45.45030635455032
123.96,113.42670442778854,10.533295572211458
391.98,600.1445055427612,-208.16450554276116
383.976,433.51513246151717,-49.53913246151717
1781.682,828.2365730973368,953.4454269026633
21.4,77.35572731599859,-55.955727315998594
549.99,1797.2599209128603,-1247.2699209128602
167.535,169.6315075165494,-2.0965075165493943
38.34,5.69631527666229,32.643684723337714
53.88,154.40555803023744,-100.52555803023745
299.98,446.669589639823,-146.689589639823
62.8,66.95500244181858,-4.155002441818581
13.904,-73.43782941826748,87.34182941826748
744.1,554.9238928179265,189.17610718207357
44.84,108.0214912911772,-63.181491291177196
401.59,567.8926664609371,-166.30266646093713
18.24,-13.05519354765579,31.29519354765579
359.499,374.0418283727015,-14.542828372701479
10.48,-107.38690292439037,117.86690292439037
20.736,28.527957229956428,-7.791957229956427
35.168,55.123340703006534,-19.955340703006534
64.704,48.853609839115734,15.85039016088426
105.52,113.23319600563491,-7.713196005634913
5.792,-2.6626995374417675,8.454699537441767
466.158,387.88744452580977,78.27055547419025
10.312,-87.24922985156104,97.56122985156104
2.556,7.013014969937785,-4.457014969937785
7.968,-87.83263535468768,95.80063535468769
8.784,-124.70770624398074,133.49170624398073
3.024,-11.904874305392468,14.928874305392469
51.45,32.941454900392955,18.508545099607048
14.016,114.51795415430661,-100.5019541543066
214.95,192.07443663864888,22.875563361351112
35.04,59.968242776164516,-24.928242776164517
10.776,-0.08329064822623877,10.859290648226239
4.6,-8.728776368971012,13.328776368971011
35.168,-16.688005022659127,51.856005022659126
19.152,-18.405609836343956,37.55760983634396
4.448,-77.90959075690898,82.35759075690899
5.184,-127.30532978480937,132.48932978480937
15.552,-19.866685614350217,35.41868561435022
40.032,153.8127444297736,-113.7807444297736
16.776,-11.239397571071777,28.015397571071777
186.304,189.278703855078,-2.9747038550779905
66.36,77.74521515273454,-11.385215152734546
42.048,297.3181308181079,-255.27013081810787
67.92,122.18953188777118,-54.26953188777118
52.512,160.31342018693795,-107.80142018693795
186.912,237.46213649898232,-50.55013649898231
10.048,31.611662001954755,-21.563662001954754
17.496,304.49804273463496,-287.002042734635
15.552,-15.729704284203535,31.281704284203535
10.776,-31.92272174025993,42.69872174025993
3.304,-120.07537386711874,123.37937386711874
35.48,-1.5078138467374629,36.98781384673746
34.44,9.69986398987885,24.740136010121148
629.93,588.4832144140495,41.446785585950465
79.056,323.02362633505163,-243.96762633505165
232.55,236.32111420002502,-3.7711142000250106
99.98,83.76611884537829,16.213881154621717
19.44,-20.820811104691757,40.260811104691754
12.96,-75.50960981240974,88.46960981240974
464.292,423.0250036318787,41.26699636812128
68.46,175.6992208153638,-107.2392208153638
2799.96,2858.196487020804,-58.23648702080391
601.3,988.3217274186113,-387.02172741861136
16.99,-84.35472080697082,101.34472080697081
287.97,311.44604116716073,-23.4760411671607
44.82,295.21468669948604,-250.39468669948604
101.12,280.76444478969233,-179.64444478969233
107.976,92.07042278373478,15.905577216265215
58.73,214.65085011871656,-155.92085011871657
93.344,106.97039188973304,-13.626391889733043
17.05,91.23978438205677,-74.18978438205677
8.096,-76.48606317905865,84.58206317905865
30.36,50.32141379710197,-19.96141379710197
23.34,-38.268349199466684,61.60834919946669
51.55,113.30051047782467,-61.750510477824676
119.9,126.82887806045687,-6.928878060456867
1317.492,965.7988849975786,351.69311500242134
63.84,250.95606572653082,-187.11606572653082
3.592,-140.65135043739542,144.24335043739543
86.26,55.77023760376164,30.489762396238362
139.04,138.28020469951775,0.7597953004822386
46.8,50.253407550718975,-3.4534075507189783
8.544,26.12241783675563,-17.57841783675563
842.376,953.5286792470107,-111.15267924701072
1214.85,1450.4181091473195,-235.56810914731955
67.78,22.953032425524498,44.8269675744755
39.9,98.03047558809544,-58.13047558809544
2.688,-120.31868796904087,123.00668796904087
6.6,-19.661693314527383,26.261693314527385
28.4,29.707923119853604,-1.307923119853605
212.94,216.57555499018258,-3.635554990182584
1001.584,1641.8377046033802,-640.2537046033802
569.058,559.0447547206333,10.013245279366743
14.224,-31.70186241496299,45.92586241496299
105.584,96.41934350312772,9.164656496872283
68.72,37.634822105997955,31.085177894002044
1367.84,920.4239470729653,447.41605292703457
301.96,442.0854784738217,-140.12547847382172
170.352,164.16807519733948,6.183924802660528
3.9,-78.18040478219132,82.08040478219132
12.84,-20.320541176500228,33.16054117650023
15.84,-19.5834009400819,35.423400940081905
563.94,643.1758778443773,-79.23587784437723
62.94,47.075866688374845,15.864133311625153
535.41,620.6976249418985,-85.28762494189857
3504.9,2678.77155774967,826.12844225033
144.12,138.91844234893938,5.201557651060625
314.55,356.4329683243923,-41.882968324392266
3.408,-140.75584208963596,144.16384208963595
2.072,-0.2248627135697916,2.2968627135697917
328.3992,335.27340224614613,-6.874202246146126
53.248,-9.422137054975337,62.670137054975335
4.992,-25.46572388604045,30.45772388604045
37.68,-29.74278886949719,67.4227888694972
258.576,358.10200806352395,-99.52600806352393
75.84,45.63466067793888,30.20533932206112
45.36,197.00773539235547,-151.64773539235546
45.78,10.916579488096886,34.863420511903115
40.29,6.607867658128498,33.6821323418715
38.71,181.6483386724044,-142.9383386724044
1801.632,1025.427989270053,776.204010729947
748.752,515.0981115752113,233.65388842478865
199.96,191.17469991548205,8.785300084517957
1516.2,1043.0195097701126,473.1804902298875
167.952,229.38220527585963,-61.430205275859635
45.04,0.39325332018984227,44.64674667981016
23.16,-57.64426507331177,80.80426507331177
397.6,366.8439248535026,30.756075146497437
85.96,229.04266854554294,-143.08266854554296
13.12,29.288702982705217,-16.16870298270522
45.66,17.944876116324394,27.715123883675602
158.13,171.3810367172664,-13.251036717266402
43.6,112.80047274043272,-69.20047274043273
3930.072,4112.132889156706,-182.06088915670625
2.304,-129.16289764842463,131.46689764842463
431.976,470.4990895540632,-38.523089554063176
41.72,207.79662289585121,-166.07662289585122
104.23,232.5262019384793,-128.29620193847927
70.26,49.63767260419354,20.622327395806465
9.26,-71.53889082852993,80.79889082852993
105.98,104.01218450463512,1.9678154953648885
1.24,-140.17023380965793,141.41023380965794
20.7,-54.070535160883765,74.77053516088377
28.9,89.65907394089345,-60.75907394089345
27.18,-50.08310492679766,77.26310492679767
465.18,525.761975959179,-60.58197595917903
36.63,12.12609492851584,24.503905071484162
51.45,18.319301795433148,33.130698204566855
7.83,-38.848452422972514,46.67845242297251
35.4,86.89976272337663,-51.49976272337663
29.9,79.63225406053334,-49.73225406053334
17.48,-64.52527176906074,82.00527176906074
79.14,46.173907510832805,32.966092489167195
8.4,66.85900972057561,-58.459009720575615
498.26,450.66682503894276,47.59317496105723
212.94,229.82239229966444,-16.882392299664446
706.86,582.9741439647759,123.88585603522415
114.95,150.28750542509783,-35.33750542509783
43.19,190.58683802229552,-147.39683802229553
166.44,164.0442119079155,2.3957880920845014
36.56,97.91519043944868,-61.35519043944868
186.144,249.11358369181175,-62.96958369181175
353.568,512.590896826134,-159.022896826134
81.98,54.83860709546457,27.141392904535437
14.624,-76.91550792290172,91.53950792290172
697.16,538.1995299289218,158.96047007107813
30.93,-45.18194077888393,76.11194077888393
27.496,172.7728956615656,-145.2768956615656
605.34,516.4490295062882,88.89097049371185
210.008,570.9885106978485,-360.98051069784844
54.96,23.86551411090295,31.09448588909705
164.22,169.54150240931358,-5.321502409313581
362.94,391.0471645649675,-28.10716456496749
59.98,9.059160853711774,50.92083914628822
332.94,350.98767107908793,-18.047671079087934
39.872,-24.064837307741755,63.936837307741754
13.68,-50.40036763115495,64.08036763115496
3.318,44.28234582704613,-40.96434582704613
10.44,-113.31351417566657,123.75351417566657
136.464,148.8581869467671,-12.394186946767093
333.576,348.17521009439247,-14.599210094392447
12.544,-79.54670565061247,92.09070565061246
20.768,323.30315500853226,-302.53515500853223
43.5,23.10201558261906,20.39798441738094
12.576,3.336091583649477,9.239908416350524
249.95,250.61645614894064,-0.6664561489406537
49.12,62.10038630504596,-12.980386305045961
182.91,196.65311144023462,-13.743111440234628
107.648,106.749845661986,0.8981543380139954
99.372,82.20332326433686,17.16867673566314
33.568,-17.90339935022962,51.47139935022962
10.56,-67.37087862126941,77.93087862126941
38.88,136.507922330494,-97.62792233049402
35.2,79.99958499395098,-44.79958499395097
45.528,23.03633810161182,22.49166189838818
196.776,197.03418888673514,-0.25818888673512674
2.92,-15.323953955473371,18.243953955473373
200.795,542.2437985433701,-341.4487985433701
46.688,64.86005669110045,-18.17205669110045
21.864,-8.49142818331552,30.35542818331552
11.76,-71.53231259001132,83.29231259001132
167.94,180.95817044651585,-13.018170446515853
3.89,-121.02447098010589,124.91447098010589
52.44,70.07883699745821,-17.638836997458213
32.36,35.764120859518016,-3.4041208595180166
406.6,371.08629873061705,35.51370126938298
27.92,31.109596971440396,-3.1895969714403947
399.672,359.1103603363247,40.56163966367535
3.744,45.047319455889465,-41.303319455889465
715.2,832.0312238942147,-116.83122389421465
159.8,161.79894532268327,-1.9989453226832552
44.75,95.1427556685162,-50.3927556685162
340.116,327.6450184728569,12.470981527143067
105.52,126.25969370504458,-20.739693705044587
13.48,-81.87356457209421,95.35356457209421
85.52,59.68893051896953,25.831069481030468
6.16,-87.24644037948133,93.40644037948132
36.84,-0.9706702302892154,37.81067023028922
15.84,9.42206060529702,6.41793939470298
44.4,29.581653799628157,14.818346200371842
21.24,272.3567224256351,-251.1167224256351
9.552,252.18464216269217,-242.63264216269218
89.991,74.13419035846096,15.856809641539044
163.96,172.11755858772221,-8.157558587722207
17.904,-46.50825529634585,64.41225529634585
966.7,732.0381635344752,234.66183646552486
182.112,253.34055600902002,-71.22855600902002
4.464,-123.90082929072241,128.3648292907224
51.588,50.486648520149856,1.1013514798501447
50.4,252.06257225478475,-201.66257225478475
89.568,72.68848320657298,16.879516793427015
14.89,-80.76876845155971,95.65876845155971
543.92,512.6807378154633,31.239262184536642
4.08,-97.67152991705802,101.75152991705802
18.9,-23.35197930149252,42.25197930149252
2275.5,1255.6302404519033,1019.8697595480967
1979.7,1472.5726093512653,507.1273906487347
62.1,170.6967026308589,-108.59670263085891
37.296,-12.597401343331285,49.893401343331284
8.544,-30.058942792137714,38.60294279213771
68.95,123.88978775751957,-54.93978775751957
296.37,329.9756067842559,-33.60560678425588
39.98,-7.691860187770089,47.671860187770086
191.058,176.410710388584,14.647289611416
13.04,80.26186058220719,-67.2218605822072
1525.188,213.752917735756,1311.435082264244
9.216,27.91624619160666,-18.70024619160666
28.048,-29.669408763898673,57.717408763898675
64.96,28.04812807212852,36.91187192787147
30.56,37.36163963683089,-6.801639636830888
187.056,365.3656500787399,-178.3096500787399
11.808,-69.55096669680461,81.3589666968046
9.656,-106.57977223492367,116.23577223492367
20.736,27.66731925184149,-6.93131925184149
27.36,18.521478038872374,8.838521961127626
2314.116,949.2345337563396,1364.8814662436603
34.236,70.85801670577348,-36.62201670577348
19.76,-56.45271853819554,76.21271853819555
15.96,-68.2334251931677,84.19342519316771
16.9,81.36975417037252,-64.46975417037251
25.08,134.33039389184728,-109.25039389184728
6.68,-79.89145488798795,86.57145488798795
19.44,-28.650066581690453,48.09006658169045
31.92,-22.637265424555153,54.557265424555155
33.568,-32.04826697912313,65.61626697912313
63.94,83.92912009493443,-19.989120094934435
60.6,117.05221111106312,-56.452211111063114
22.72,41.62766263158164,-18.907662631581644
10.68,25.213985811166594,-14.533985811166595
17.34,-20.63749530668906,37.977495306689065
3.38,-132.57968658541176,135.95968658541176
26.976,50.1323950599342,-23.156395059934198
307.776,358.553379939902,-50.777379939902005
244.55,248.00646641603703,-3.456466416037017
12.24,123.61921540045114,-111.37921540045114
13.98,-64.35586490136802,78.33586490136803
899.95,706.7584035097536,193.1915964902464
1.632,-128.73179671767025,130.36379671767025
267.96,275.9073681889581,-7.947368188958137
31.95,-22.26692528874014,54.21692528874014
725.84,688.9703299271613,36.869670072838744
10.896,-36.40229997567121,47.29829997567121
8.544,-86.86615788209997,95.41015788209997
32.34,-8.799128115449776,41.13912811544978
39.9,92.1766988058132,-52.276698805813204
143.856,346.1256571519323,-202.26965715193228
41.92,61.34097397678943,-19.420973976789426
329.584,492.81932443117887,-163.23532443117887
87.28,259.08122566981365,-171.80122566981365
279.456,295.38723276923633,-15.931232769236317
8.0,-79.07086869197906,87.07086869197906
27.24,85.12435272581092,-57.88435272581093
16.36,-82.51993354189017,98.87993354189017
15.78,-50.47533840906908,66.25533840906908
45.98,-5.779162793224032,51.75916279322403
198.272,321.2363155622629,-122.96431556226293
720.76,573.1982253549215,147.56177464507846
70.56,174.6650810657336,-104.1050810657336
81.96,62.431833326770175,19.52816667322982
64.864,85.25240850000637,-20.388408500006364
151.192,386.43959692822636,-235.24759692822636
88.776,77.68940528321309,11.086594716786905
11.56,29.670936691431052,-18.11093669143105
15.58,-76.67805039924701,92.25805039924701
85.056,59.77929883665274,25.276701163347255
273.96,398.16481643264524,-124.20481643264526
306.9,336.2805715973468,-29.38057159734683
15.552,-10.842047009123007,26.394047009123007
347.361,344.1062780766374,3.254721923362581
10.368,-65.49410056718966,75.86210056718966
98.16,191.7694247309339,-93.60942473093391
31.44,3.7473160582771925,27.69268394172281
348.488,379.9535608238657,-31.4655608238657
172.736,168.17616941780875,4.559830582191239
15.54,-24.248881304802353,39.78888130480235
105.552,190.04869828952656,-84.49669828952655
25.92,86.44194426417766,-60.52194426417766
15.808,202.61923975752802,-186.81123975752803
10.368,-70.9554280097791,81.3234280097791
358.2,396.26726987363554,-38.06726987363555
545.916,713.2415065992794,-167.32550659927938
40.41,275.65507622590326,-235.24507622590326
167.976,154.3486854391856,13.627314560814398
109.53,87.70278486727784,21.82721513272216
9.82,-86.64311177929562,96.46311177929562
26.352,-2.383847586528418,28.73584758652842
22.5,135.874316898522,-113.37431689852201
9.96,-75.1015637286323,85.06156372863231
213.08,307.8850032922112,-94.80500329221118
1025.88,791.7677441312317,234.11225586876844
21.98,192.90278182975953,-170.92278182975954
63.2,108.41822838391954,-45.21822838391954
39.0,451.99623342244763,-412.99623342244763
2.907,9.067640994546764,-6.160640994546764
556.665,453.19297415922074,103.47202584077922
71.98,42.64099227517613,29.339007724823873
79.98,60.1122645118553,19.867735488144703
24.672,41.494449571758196,-16.822449571758195
3.744,-126.2120715195797,129.9560715195797
445.96,393.7908955743626,52.169104425637386
36.24,-22.55634279157516,58.796342791575164
10.65,-31.291436639716494,41.94143663971649
87.92,101.15459336069875,-13.234593360698753
22.424,-68.47076972471791,90.89476972471792
90.48,69.31570318430568,21.16429681569433
42.76,6.635217492985703,36.124782507014295
10.08,175.28003153936993,-165.20003153936992
101.34,94.16186568989497,7.178134310105037
224.75,233.88096028618202,-9.130960286182017
73.176,205.6994308366277,-132.5234308366277
20.736,27.263039183233786,-6.527039183233786
39.984,-9.052336389968104,49.036336389968106
15.36,-67.94350337121728,83.30350337121727
36.288,194.11891362221354,-157.83091362221353
150.384,175.38092767154012,-24.996927671540135
280.782,280.5294974448691,0.2525025551308886
31.984,-21.980259984281247,53.96425998428125
11.232,-25.48237491859959,36.71437491859959
26.4,82.11007640645767,-55.71007640645767
3.52,-83.69170663886302,87.21170663886302
1649.95,1401.6813434058363,248.26865659416376
111.9,186.85991773894057,-74.95991773894056
599.165,481.80478632144946,117.36021367855051
46.53,8.4690043734754,38.0609956265246
31.984,-31.84450073041603,63.82850073041603
161.568,201.96532927626185,-40.39732927626184
4.064,-124.74830375985107,128.81230375985106
6.216,65.04626340450477,-58.83026340450477
8.896,29.367628443809735,-20.471628443809735
1640.7,1341.606877441213,299.09312255878694
270.0,297.4685353311527,-27.46853533115268
19.52,-61.46735299111583,80.98735299111583
9.81,103.2099940180949,-93.3999940180949
213.216,210.46641051277788,2.7495894872221243
588.784,967.5263416753467,-378.74234167534667
2.064,-129.25075681793464,131.31475681793464
6.368,-84.99553712566467,91.36353712566466
99.6,210.0384040092706,-110.43840400927061
62.296,517.7848063482646,-455.48880634826463
10.71,-13.336165886485787,24.046165886485788
20.936,-60.25632124106119,81.1923212410612
33.0,150.255421542131,-117.25542154213099
249.95,269.0760708944572,-19.1260708944572
357.93,380.75152023764326,-22.821520237643256
57.4,120.27240410809713,-62.872404108097136
331.96,518.7936124778865,-186.83361247788656
40.56,-10.353031776140824,50.913031776140826
86.2,146.56661095242453,-60.36661095242452
38.016,145.0534370509231,-107.0374370509231
8.384,-101.94119900957594,110.32519900957594
6.848,-64.31262818308028,71.16062818308028
19.6,93.63277372756647,-74.03277372756648
68.46,49.1819765167736,19.27802348322639
13.344,117.15014429008329,-103.8061442900833
1478.272,884.0583548777618,594.2136451222382
16.272,-65.67978932243659,81.95178932243658
9.24,-32.58169522063781,41.821695220637814
32.34,357.1621277745144,-324.82212777451434
56.064,58.832479903460126,-2.7684799034601255
108.72,141.68515561464187,-32.96515561464187
181.47,145.83194492865073,35.63805507134927
16.176,-11.744052166503934,27.920052166503933
122.352,110.1500092213048,12.201990778695205
585.552,643.3379332473596,-57.785933247359594
19.44,-26.957885860438864,46.39788586043886
123.92,170.61103052982344,-46.691030529823436
13.36,79.73966376010185,-66.37966376010185
78.256,54.73920626744348,23.516793732556522
102.018,239.9610156969884,-137.9430156969884
750.68,1192.3672058156876,-441.68720581568766
44.4,3.726782385148681,40.67321761485132
84.55,125.17047113188141,-40.620471131881416
17.94,-29.742757382932496,47.68275738293249
128.4,119.9734124535471,8.426587546452907
1.869,-97.46017090066744,99.32917090066744
103.192,209.78572770981577,-106.59372770981578
36.0,-26.315140842250685,62.315140842250685
239.96,247.25955831354122,-7.299558313541212
40.68,-14.862887259622312,55.54288725962231
419.136,366.40050683824666,52.73549316175337
23.472,-38.5520466183159,62.0240466183159
3.592,96.75798364740399,-93.16598364740399
23.976,-5.233574989413228,29.209574989413227
6.264,-42.41269307252173,48.676693072521736
20.808,-22.440308960809034,43.248308960809034
218.352,199.39331818469327,18.958681815306733
18.16,-54.02562133569404,72.18562133569404
7.36,-78.63093420882365,85.99093420882365
41.4,47.78767641622744,-6.387676416227443
411.332,372.17081178013336,39.16118821986663
7.656,65.5941639168866,-57.9381639168866
63.92,24.65456641831497,39.26543358168503
6.56,-75.66836342891702,82.22836342891702
7.83,-32.246070894031845,40.076070894031844
41.9,-12.512980610009436,54.412980610009434
664.146,532.9491622336619,131.19683776633804
8.96,-79.42608969767662,88.38608969767662
3.312,-120.09428747969696,123.40628747969696
20.136,-0.10138867131172447,20.237388671311724
8.856,-21.59884811782058,30.454848117820582
859.2,691.1315298559305,168.06847014406958
61.96,5.813108034816196,56.146891965183805
17.92,27.09146769793597,-9.171467697935967
145.9,184.34102306750924,-38.441023067509235
56.704,8.560778519766245,48.143221480233755
11.12,-73.914310757684,85.03431075768401
32.896,57.27992331155701,-24.383923311557012
22.776,3.815393462173006,18.960606537826994
239.97,246.8984252782543,-6.928425278254309
160.32,198.5302163175611,-38.210216317561105
128.85,117.40066834540721,11.449331654592783
1319.96,1307.4740372059923,12.485962794007719
239.96,429.2610359581938,-189.3010359581938
54.768,22.42440475654803,32.34359524345197
13.392,-12.201921294405565,25.593921294405565
23.92,94.67041349054989,-70.75041349054989
255.968,243.86909211728084,12.098907882719146
21.552,107.74566901236949,-86.1936690123695
58.24,55.269895388123814,2.970104611876188
80.28,451.10020341695486,-370.8202034169549
9.78,-78.44144495201522,88.22144495201522
1.81,-138.82443677057563,140.63443677057563
37.94,-29.030057595573,66.970057595573
79.96,129.24863046387918,-49.28863046387919
115.296,109.38271024843425,5.913289751565756
2479.96,2370.89483996505,109.06516003495017
179.94,224.54691821378628,-44.60691821378629
26.85,-23.063797012412806,49.91379701241281
323.37,351.448675276461,-28.078675276461013
59.94,14.7853411663325,45.1546588336675
64.14,23.917790911562633,40.22220908843737
11.67,-44.008546044364266,55.67854604436427
12.96,-87.49690779157845,100.45690779157846
17.43,-18.344559804294022,35.77455980429402
181.986,217.05429781895396,-35.068297818953965
1.592,-16.936627727589666,18.528627727589665
22.344,-7.975521724078135,30.319521724078136
455.97,332.35146593137847,123.61853406862156
10.44,163.1160484782265,-152.6760484782265
5.214,-40.616976049170944,45.83097604917094
67.4,121.02149333246075,-53.621493332460744
25.16,-50.17667709498801,75.336677094988
126.56,132.31878536097224,-5.75878536097224
43.68,13.514192513219768,30.16580748678023
139.93,252.75059881103357,-112.82059881103356
2.672,-118.94748494145892,121.61948494145892
16.656,157.8960843593054,-141.2400843593054
79.512,66.17285646730625,13.339143532693754
36.288,199.70657150048555,-163.41857150048554
67.9932,109.91254830233493,-41.919348302334924
10.16,-78.1465777875876,88.3065777875876
6.16,-76.40172237432694,82.56172237432693
56.3,12.584494802377321,43.715505197622676
6.48,-117.13183461597396,123.61183461597396
1325.85,1052.2073031878108,273.6426968121891
14.94,-18.91111860330261,33.85111860330261
34.54,-33.893427268095365,68.43342726809536
2999.95,2589.403516898893,410.5464831011068
64.12,64.50422662993856,-0.38422662993855283
19.456,28.14256127906515,-8.686561279065149
209.986,264.3617041255561,-54.375704125556126
29.76,82.2007017718206,-52.4407017718206
89.768,161.1524636507645,-71.3844636507645
959.984,1626.7196608917377,-666.7356608917377
15.552,-36.53092974695119,52.08292974695119
34.36,-25.67003065813151,60.03003065813151
98.376,83.31460410384966,15.061395896150344
29.94,78.74572691794538,-48.80572691794538
17.472,-11.292722100391302,28.764722100391303
36.738,4.700910840888355,32.037089159111645
179.94,221.64398907852728,-41.703989078527286
383.64,379.3069401938069,4.333059806193091
56.52,31.259620099223866,25.260379900776137
6.56,-85.15794431725408,91.71794431725408
243.92,234.54844863180415,9.371551368195838
47.52,291.01811022984884,-243.49811022984883
19.98,-78.73190115734542,98.71190115734542
8.0,74.48481756861838,-66.48481756861838
6.16,-77.84846647900122,84.00846647900121
83.56,108.18664023675342,-24.626640236753417
546.06,645.3523320210574,-99.2923320210574
269.49,282.74217166921085,-13.252171669210838
10.9,61.00688867165559,-50.10688867165559
6.096,-77.37770503315346,83.47370503315346
34.05,0.39734025423035746,33.65265974576964
352.38,530.1608377218606,-177.78083772186062
245.98,340.8178168006855,-94.83781680068549
18.94,-79.65524684807224,98.59524684807224
59.913,232.1955233850358,-172.2825233850358
391.98,601.0047070288483,-209.0247070288483
437.85,492.950372864996,-55.10037286499596
68.62,32.810553939727924,35.80944606027208
25.02,-6.8546930624841025,31.874693062484102
10.71,-23.57570089126125,34.28570089126125
55.984,12.394834654881151,43.58916534511885
14.48,74.49642661890903,-60.01642661890902
142.488,130.41824779375793,12.069752206242072
14.16,-77.71321292355674,91.87321292355674
79.92,134.42957101136858,-54.50957101136858
590.352,530.6481526488419,59.70384735115806
17.088,-44.096770552478574,61.184770552478575
98.392,203.34981715684853,-104.95781715684853
11.05,78.86715091370684,-67.81715091370684
7.78,-75.16495231627778,82.94495231627778
659.9,1097.9266691074463,-438.0266691074463
53.04,26.12160548898055,26.91839451101945
843.9,1467.1556700086155,-623.2556700086155
1496.16,934.9089128051268,561.2510871948733
117.96,123.7550221768181,-5.795022176818108
21.3,86.72062624457931,-65.42062624457931
1040.8,877.116831315607,163.68316868439297
29.34,148.83932372547633,-119.49932372547633
19.52,-42.363302925222115,61.88330292522211
443.92,399.1694316197793,44.75056838022073
499.95,475.21588128954136,24.73411871045863
3.04,-122.76015242953395,125.80015242953395
201.96,280.69807598642547,-78.73807598642546
68.64,426.7796170348006,-358.1396170348006
100.0,107.06812512166312,-7.068125121663115
359.98,530.3834624875343,-170.40346248753428
6.16,-77.70116578713555,83.86116578713555
2348.82,1314.6731527920767,1034.1468472079234
13.872,128.0726812990781,-114.20068129907811
273.552,279.1390309066544,-5.587030906654377
815.292,490.8216586097218,324.47034139027824
234.45,264.02242565062875,-29.57242565062876
1256.22,871.4195603136105,384.8004396863895
17.46,-62.541404130845876,80.00140413084588
10.528,182.90493432938115,-172.37693432938116
152.8,176.2801425720486,-23.480142572048578
82.56,124.12573395550476,-41.565733955504754
284.97,306.17521472329804,-21.205214723298013
60.84,42.53353222902729,18.306467770972716
1325.76,926.1504238463201,399.6095761536799
572.16,631.9628788001456,-59.80287880014566
28.8,301.8379425124276,-273.0379425124276
11.12,13.23279105326651,-2.112791053266511
7.04,9.953996334331578,-2.9139963343315776
17.94,-20.795514761111235,38.73551476111123
34.76,91.93342593779994,-57.17342593779994
74.45,127.9317966583385,-53.481796658338496
192.22,609.9401740149534,-417.7201740149534
19.44,-10.925794502739109,30.36579450273911
32.4,79.54551851899146,-47.14551851899146
57.9,99.2918599135387,-41.3918599135387
10.56,-68.9826490122282,79.5426490122282
1194.165,943.4653767686672,250.6996232313328
40.99,-3.8300123967669606,44.82001239676696
2.94,-130.30027894262435,133.24027894262434
45.24,78.15125892038759,-32.91125892038759
18.688,37.24350565632881,-18.55550565632881
11.648,-65.69806723779243,77.34606723779243
112.776,103.81263406270728,8.963365937292721
377.45,268.95933529103036,108.49066470896963
15.936,33.6265423849145,-17.6905423849145
28.68,16.868230511620823,11.811769488379177
21.44,-50.90276615439211,72.34276615439211
511.056,451.7606387951271,59.295361204872904
18.656,-48.50080069195678,67.15680069195679
11.088,210.5208068725608,-199.4328068725608
66.688,92.9609043907285,-26.2729043907285
99.488,85.18576336162755,14.302236638372449
14.62,-62.79190264557906,77.41190264557906
53.984,560.2979522206969,-506.3139522206969
389.97,453.91273142442606,-63.94273142442603
355.36,348.4701107206222,6.889889279377826
140.376,130.5534758847807,9.822524115219295
15.84,-52.36008376761424,68.20008376761425
8.448,-65.23443053243,73.68243053243
12.96,-59.61199994367462,72.57199994367463
57.408,174.09975550058493,-116.69175550058493
27.6,63.78142459641617,-36.18142459641617
38.976,55.72093809667035,-16.744938096670353
20.44,153.23068119801565,-132.79068119801565
109.92,114.01061699774095,-4.090616997740952
6.38,-122.36429567033292,128.74429567033292
6.48,-117.27527329191093,123.75527329191094
15.84,-23.663442180295988,39.50344218029599
1049.93,780.5304676024292,269.39953239757085
154.9,183.97394008508172,-29.073940085081716
98.352,83.33133862983414,15.020661370165868
14.32,66.43067460563157,-52.110674605631566
129.888,197.81960513017748,-67.93160513017747
48.944,187.9414045876822,-138.99740458768218
275.058,279.6679389034084,-4.60993890340842
27.36,289.6824643881275,-262.3224643881275
44.75,100.67735135162093,-55.92735135162093
134.99,326.123574953682,-191.133574953682
26.4,83.9053099165526,-57.5053099165526
542.94,622.9741613232038,-80.03416132320376
71.088,34.47228746441624,36.615712535583754
27.396,338.03848624101124,-310.6424862410112
13.456,-30.94807401317621,44.40407401317621
11.84,-104.5088271389377,116.34882713893771
35.88,138.45140495656483,-102.57140495656483
40.752,10.262541873151804,30.4894581268482
139.96,170.61157483502643,-30.651574835026423
2.624,-117.33155753273968,119.95555753273968
136.53,339.3138265534026,-202.78382655340258
263.96,773.0771546149223,-509.1171546149223
11.64,-25.371117389111078,37.01111738911108
40.176,13.360222338003041,26.81577766199696
79.44,65.1800240410596,14.259975958940402
357.93,382.25385435667044,-24.323854356670438
127.764,138.8457848962039,-11.0817848962039
2799.944,1888.6063019731541,911.3376980268458
19.44,-11.589119713945593,31.029119713945594
36.792,-18.80509157374331,55.59709157374331
5.94,-25.716516764236076,31.656516764236077
177.55,218.00362044857388,-40.45362044857387
619.95,521.4317478900929,98.51825210990717
29.16,-5.516497507801887,34.676497507801884
57.96,165.2973256397845,-107.3373256397845
29.403,-5.639265316967794,35.04226531696779
81.4,128.96537862091486,-47.565378620914856
8.72,76.29862194629186,-67.57862194629186
91.176,76.53846917143414,14.637530828565858
159.968,162.70684674329118,-2.738846743291191
12.96,-69.80906474395329,82.7690647439533
331.536,325.4017138793902,6.134286120609829
899.91,749.4703908497257,150.43960915027424
946.344,680.6731526015283,265.6708473984718
178.11,187.92666300865358,-9.816663008653563
1089.75,1307.3465993633292,-217.59659936332923
61.06,22.589406294823448,38.470593705176555
459.92,435.4289431346333,24.491056865366716
27.52,44.559768700318045,-17.039768700318046
638.82,575.7848633180341,63.03513668196592
30.69,-8.287928453906261,38.97792845390626
25.16,-53.99439073617691,79.15439073617691
13.92,-16.444969550324686,30.364969550324687
19.36,-60.84389206167316,80.20389206167316
19.3,-53.197617158223466,72.49761715822346
38.376,11.471108506720839,26.90489149327916
12.96,-83.43693768544927,96.39693768544927
26.48,-64.1337878452266,90.61378784522661
532.72,822.8079180885225,-290.08791808852243
26.72,24.849231722440663,1.8707682775593355
20.04,-29.526431611125417,49.56643161112542
795.48,555.0993080891191,240.38069191088096
21.56,173.80951935296957,-152.24951935296957
249.584,349.06313045159436,-99.47913045159436
68.112,46.40117280356526,21.710827196434735
16.56,2.177415591585259,14.38258440841474
74.95,127.92590084776407,-52.975900847764066
355.455,329.141350933,26.31364906699997
44.4,14.94570428319571,29.45429571680429
20.65,76.25200776826864,-55.60200776826864
866.4,829.9771340652803,36.42286593471965
5.56,-70.41821577694259,75.97821577694259
3.16,142.896406176568,-139.736406176568
1999.96,1645.4765333652851,354.4834666347149
46.152,29.340834112480934,16.811165887519067
32.985,5.274854691976543,27.710145308023456
481.32,459.8836182868986,21.43638171310141
6.384,-126.32836113084022,132.71236113084024
542.94,614.077253560014,-71.13725356001396
54.92,52.67911606781058,2.240883932189419
1448.82,897.9150742911418,550.9049257088582
353.88,344.6125712637952,9.267428736204806
333.576,353.3410394066832,-19.765039406683172
60.144,170.815173724656,-110.671173724656
85.2,178.9816257435548,-93.78162574355478
3.15,-137.31763255003898,140.46763255003899
22.72,33.48340689931479,-10.763406899314788
14.91,-20.77819360184185,35.688193601841846
1158.12,1111.2419947482244,46.87800525177545
599.99,1963.409673647801,-1363.419673647801
23.968,-25.1809209133487,49.148920913348704
638.288,478.77859667888174,159.50940332111827
13.208,-103.22273811118725,116.43073811118725
15.528,-24.68440131977195,40.21240131977195
104.85,218.24737711095395,-113.39737711095395
30.48,2.6758799094845926,27.804120090515408
112.648,247.75995322862263,-135.11195322862264
71.976,51.73101531173256,20.244984688267436
2.21,-141.6375854489022,143.8475854489022
15.52,18.67402818394453,-3.154028183944529
36.44,40.58796524963782,-4.147965249637821
217.764,194.3191749493235,23.444825050676513
39.072,161.71073514533168,-122.63873514533168
22.638,221.65203851328374,-199.01403851328374
95.144,240.1291151714065,-144.9851151714065
12.32,77.34994723866885,-65.02994723866885
4.419,-4.24713602323186,8.66613602323186
35.0,175.08228201336715,-140.08228201336715
72.784,105.95586059599509,-33.171860595995085
97.84,74.58732540545157,23.252674594548438
51.75,26.130319072296516,25.619680927703484
46.672,-20.699722187291854,67.37172218729185
1395.54,938.8336413047193,456.70635869528064
117.36,138.5084780634927,-21.148478063492703
18.9,-7.573952430069085,26.473952430069083
77.52,54.53870211120875,22.981297888791246
421.372,629.1074396698577,-207.73543966985773
575.968,522.1451077680351,53.82289223196483
10.368,-71.29441106173567,81.66241106173567
15.984,-64.51542434816974,80.49942434816974
10.272,-11.050978621324703,21.3229786213247
61.792,84.13869037112659,-22.346690371126584
205.9992,209.76698183030612,-3.76778183030612
12.192,-21.579058371782594,33.771058371782594
87.168,66.76311248911134,20.40488751088867
31.744,-30.572759716114206,62.316759716114206
132.224,138.76409832972786,-6.5400983297278685
105.52,82.60928836669791,22.910711633302085
91.96,74.6882185159593,17.271781484040687
1487.976,1703.9188415971532,-215.94284159715312
19.44,-24.598607903605853,44.03860790360585
11.672,-96.27640192104741,107.9484019210474
279.96,282.78285793282566,-2.822857932825684
12.912,-20.993325515843935,33.905325515843934
17.088,31.937796589485515,-14.849796589485514
93.15,324.84392798443264,-231.69392798443263
11.52,18.332304680965535,-6.812304680965536
238.62,322.6297831360839,-84.00978313608391
7.77,-112.82451602632523,120.59451602632522
285.48,268.28614821778797,17.19385178221205
19.168,32.54187446564697,-13.37387446564697
26.136,-4.945414303357666,31.081414303357665
419.4,432.3674476084568,-12.967447608456837
90.801,174.5889666362125,-83.78796663621249
181.764,225.5914289037164,-43.827428903716395
5.56,-88.48670950318046,94.04670950318047
581.96,930.5575209022035,-348.5975209022034
29.98,-38.32320760987591,68.30320760987591
519.96,513.0010091662094,6.958990833790608
6.264,-25.155467374884438,31.419467374884437
363.92,331.19864060770215,32.72135939229787
64.2,134.2834430731923,-70.0834430731923
38.52,34.10709693932199,4.412903060678012
72.6,131.90130104345076,-59.30130104345076
57.568,75.14608237468678,-17.578082374686787
83.7,151.44300117613648,-67.74300117613647
32.4,94.03209703503012,-61.63209703503012
47.98,8.857632055992099,39.1223679440079
415.968,394.6192915134418,21.348708486558223
304.9,289.1587651571401,15.741234842859853
80.96,95.46499893417831,-14.504998934178317
777.21,579.4220352457669,197.78796475423314
32.4,90.06080913380697,-57.66080913380697
225.568,305.014569955825,-79.44656995582497
36.6,7.86118367127051,28.73881632872949
715.64,1182.9377030431724,-467.2977030431724
795.51,910.1351129487155,-114.62511294871547
549.99,1799.5473709953246,-1249.5573709953246
74.76,49.82308251708969,24.936917482910317
29.22,-9.399044958468266,38.619044958468265
9.64,-69.5591656933982,79.1991656933982
33.488,205.7755963754746,-172.2875963754746
23.04,14.293835107208452,8.746164892791548
1.362,-62.600736202838334,63.962736202838336
14.76,117.80893029369236,-103.04893029369235
239.666,317.914177606365,-78.248177606365
301.96,439.2681101052917,-137.30811010529175
7.968,-70.93878989433688,78.90678989433688
109.92,98.50448770439107,11.415512295608934
19.44,-27.03266589625946,46.47266589625946
11.16,-83.05532470601474,94.21532470601474
79.47,54.68981781499406,24.78018218500594
4.56,-90.39460853747323,94.95460853747323
1133.35,931.5941572779531,201.75584272204685
4.672,-120.87183761171923,125.54383761171923
104.58,190.09057107545755,-85.51057107545755
1603.136,1417.8510615446469,185.28493845535309
1293.488,823.1790830527816,470.30891694721845
127.95,117.26516995988436,10.684830040115642
59.76,63.575246888176025,-3.815246888176027
108.08,215.7032874074223,-107.6232874074223
9.54,-46.9956217433205,56.5356217433205
11.736,-17.53543341227555,29.271433412275552
447.86,462.2904194719756,-14.430419471975597
17.94,-15.582344895040706,33.5223448950407
245.88,287.06906117798417,-41.18906117798417
192.16,209.38046613294523,-17.220466132945234
801.568,1284.2670441764385,-482.6990441764385
368.91,470.79104706988505,-101.88104706988503
885.528,583.2174645958819,302.3105354041181
28.28,-43.56501956996499,71.84501956996499
4912.59,5543.9673553393,-631.3773553393003
14.352,-24.946890432374403,39.29889043237441
179.97,182.45502172207875,-2.4850217220787556
42.76,3.208902108475513,39.551097891524485
45.68,-8.987447512011386,54.667447512011385
25.06,-58.891546991052564,83.95154699105257
38.432,-9.928893695679335,48.36089369567934
21.568,-47.49518786052272,69.06318786052272
81.576,64.72483397460701,16.851166025392985
2.78,-143.16877492395088,145.94877492395088
99.87,76.66888205394685,23.20111794605316
44.4,14.128181765198633,30.271818234801366
21.4,48.216514099447295,-26.816514099447296
71.12,82.58522387774678,-11.46522387774678
259.96,269.52508519252615,-9.565085192526169
9.78,-153.17379167768377,162.95379167768377
24.192,291.59194797226337,-267.39994797226336
31.56,12.692969110509694,18.867030889490305
59.94,19.04400284773419,40.89599715226581
45.36,11.45582834894094,33.90417165105906
26.4,71.5979695549795,-45.1979695549795
41.4,40.50324209182486,0.8967579081751396
16.95,-88.45784574520417,105.40784574520417
24.704,-55.24928223787242,79.95328223787243
59.7,32.289368050043095,27.410631949956908
14.52,-21.702205999705484,36.22220599970548
104.184,83.3084785768483,20.875521423151696
46.53,33.10629691446684,13.423703085533162
25.5,-2.8870427769738853,28.387042776973885
14.9,95.06399882592677,-80.16399882592677
87.71,229.09061870602864,-141.38061870602866
199.764,268.0821031125738,-68.3181031125738
94.6,113.01081505261959,-18.410815052619597
4228.704,2568.113671665418,1660.5903283345815
2003.92,1427.916446716027,576.0035532839731
209.97,226.69509631842288,-16.725096318422885
659.9,1100.9710734622151,-441.07107346221517
110.96,113.59419257120612,-2.6341925712061283
67.8,91.79883621232511,-23.998836212325116
313.176,425.2247355069053,-112.0487355069053
22.96,196.9468575521082,-173.9868575521082
1099.5,835.2720682363275,264.2279317636725
1215.92,848.4334995014923,367.4865004985078
7.31,-127.38095714134874,134.69095714134875
8.92,17.557387170387756,-8.637387170387756
87.21,74.58270912498392,12.627290875016072
15.552,-25.55246745608406,41.10446745608406
683.988,1033.8261310359603,-349.83813103596026
13.392,-15.315013960007946,28.707013960007945
16.776,-20.714180681934522,37.49018068193452
527.92,826.0754685981298,-298.1554685981298
25.4,85.14818984928047,-59.74818984928047
177.48,176.72917357977076,0.750826420229231
71.976,50.88103870628356,21.094961293716437
95.992,201.2142066200197,-105.22220662001969
13.216,38.85808212900997,-25.64208212900997
435.84,593.35752732577,-157.51752732577
5.88,-86.12182779182535,92.00182779182535
211.168,204.57351885438015,6.594481145619852
6.28,-120.49602514429421,126.77602514429421
95.1,142.29395682488666,-47.19395682488667
25.92,35.979040836744616,-10.059040836744614
48.84,64.10200763317084,-15.262007633170839
25.9,75.5519147483185,-49.6519147483185
42.68,43.60822579171895,-0.9282257917189511
299.97,327.2636374861038,-27.293637486103762
262.24,371.3305644753391,-109.09056447533908
234.36,276.6481939863436,-42.28819398634357
20.736,40.11527436715369,-19.379274367153688
10.5,78.7975211357359,-68.2975211357359
23.968,-35.72076750335327,59.688767503353276
521.96,402.57576318506585,119.38423681493418
676.55,528.3672246979196,148.18277530208036
154.9,180.1502242767333,-25.25022427673329
30.56,28.794991915829996,1.7650080841700024
770.352,855.1934644488593,-84.84146444885937
21.12,27.273166663194843,-6.153166663194842
575.928,512.7514156883585,63.17658431164148
7.78,-82.44811624762497,90.22811624762497
123.92,128.63924064744242,-4.719240647442419
17.22,-13.7967724809007,31.0167724809007
226.56,271.67329867708463,-45.11329867708463
107.88,93.25089096356692,14.629109036433078
81.98,46.90591729128937,35.074082708710634
104.85,215.28475885251146,-110.43475885251146
8.704,-84.36182730085284,93.06582730085285
19.92,23.22254218957255,-3.3025421895725486
43.02,11.378486428872066,31.641513571127938
240.784,687.7081037621983,-446.92410376219834
414.96,664.1938264658654,-249.23382646586543
387.72,329.5729815840182,58.14701841598185
360.38,547.3529171906061,-186.97291719060615
13.56,-74.87454916800993,88.43454916800994
552.0,523.8164408941519,28.183559105848076
429.9,398.43481618770284,31.46518381229714
32.06,-31.825403540466596,63.8854035404666
161.96,207.1290091555145,-45.16900915551449
19.86,-44.884916703149656,64.74491670314966
12.96,-61.395578008003895,74.3555780080039
20.544,137.0395431106083,-116.4955431106083
185.58,253.61920819095985,-68.03920819095984
77.56,50.175415142980455,27.384584857019547
87.92,104.03359133845493,-16.113591338454924
245.94,294.54204295868635,-48.602042958686354
8.6,-114.82018738354168,123.42018738354167
504.9,462.410480896953,42.48951910304697
2357.488,1622.7890439590692,734.6989560409306
369.544,368.3462414663411,1.1977585336588845
184.752,177.4095021509845,7.342497849015501
64.96,115.07701638829894,-50.11701638829895
13.52,-65.55791713728308,79.07791713728308
458.43,343.86984850379076,114.56015149620924
387.136,354.84540025736123,32.29059974263879
328.59,302.04697630269993,26.543023697300043
338.352,354.14655749837425,-15.794557498374274
25.92,31.1223162082631,-5.202316208263099
91.36,99.18874982164425,-7.8287498216442515
87.96,76.08038999634687,11.879610003653127
5.214,-43.71814402940072,48.93214402940072
12.294,-65.09768181235063,77.39168181235063
19.76,26.45190341575858,-6.691903415758578
109.764,114.46272992049353,-4.698729920493534
128.85,121.63050051757568,7.219499482424311
127.95,111.99759815209336,15.952401847906643
68.52,47.71810753353452,20.801892466465475
74.94,59.616137335771555,15.323862664228443
2548.56,1662.671503409145,885.8884965908549
271.44,307.6764934597031,-36.23649345970313
287.88,306.4428055847352,-18.5628055847352
14.9,61.192149057164215,-46.29214905716422
4158.912,2096.9356395720247,2061.9763604279756
91.96,73.83321278594735,18.12678721405264
33.11,186.86738002428729,-153.75738002428727
19.44,-19.874442248265723,39.31444224826572
55.48,46.292464509773936,9.187535490226061
91.92,143.7819774583436,-51.86197745834359
17.34,-71.07301468042374,88.41301468042374
71.98,28.98256211930061,42.997437880699394
7.08,-23.782704631639717,30.862704631639716
69.98,39.67484218106847,30.305157818931534
646.272,530.5950324951406,115.67696750485948
10.368,-72.1998015168549,82.5678015168549
8.4,99.01892222230617,-90.61892222230617
71.96,133.30693019040268,-61.34693019040269
18.48,-58.57188681786306,77.05188681786306
9.84,-37.701786562916595,47.5417865629166
239.24,669.7737404796422,-430.53374047964223
21.12,44.9189203453152,-23.7989203453152
54.9,106.11386045481049,-51.213860454810494
15.24,-20.200430163732108,35.44043016373211
19.568,46.87960958769463,-27.31160958769463
310.392,172.317451768316,138.074548231684
42.6,11.047311358045135,31.552688641954866
113.94,191.97859717866686,-78.03859717866686
129.92,133.01503851232565,-3.095038512325658
5.28,-42.09662090608708,47.37662090608708
859.2,955.71278615124,-96.51278615124
506.28,593.9804684689826,-87.70046846898265
14.368,-69.37672053140682,83.74472053140681
314.352,324.7142171515436,-10.362217151543632
27.888,190.6468020135735,-162.7588020135735
238.152,256.67975802698675,-18.52775802698676
692.94,810.2163761743335,-117.27637617433345
16.146,319.00033468949096,-302.85433468949094
1345.485,634.575270560255,710.9097294397449
173.488,276.3293685199701,-102.8413685199701
57.75,123.04884451847147,-65.29884451847147
272.4,286.7544496982307,-14.354449698230724
11.952,-19.178747926204778,31.130747926204776
28.0,48.333324859000186,-20.333324859000186
12.201,219.71716150416773,-207.51616150416774
2.068,-62.52780107026183,64.59580107026183
83.84,268.1324898894627,-184.2924898894627
11.36,-104.56880691810125,115.92880691810124
36.4,96.28864419941897,-59.88864419941897
27.968,-25.2331200747592,53.2011200747592
142.04,156.11962032102156,-14.079620321021565
14.67,-16.791638165997483,31.461638165997485
1199.96,960.9681048109397,238.9918951890603
12.6,-24.288053589257288,36.88805358925729
17.94,-19.152605320150315,37.09260532015031
23.904,127.88138474477887,-103.97738474477887
88.96,279.5743768833843,-190.6143768833843
518.272,422.36794360564204,95.90405639435801
6.98,-128.05025617534216,135.03025617534215
343.2,1030.2240058250823,-687.0240058250822
17.544,-12.927142216535003,30.471142216535004
152.688,185.4814817320987,-32.79348173209871
3.488,-69.07759942858434,72.56559942858433
5.888,-58.186049280729094,64.0740492807291
153.552,148.72583101416967,4.826168985830321
270.62,377.92981457772794,-107.30981457772793
468.9,454.30395109576125,14.596048904238728
72.48,40.000084252147644,32.47991574785236
10.95,-24.106204020348514,35.05620402034852
191.82,202.21036595346777,-10.390365953467779
151.056,342.3064698631392,-191.25046986313922
25.16,112.93104295816329,-87.77104295816329
6.216,200.24127387511362,-194.0252738751136
23.616,305.0246975345565,-281.4086975345565
24.032,-25.026794420862416,49.05879442086241
2.088,-125.28354811918553,127.37154811918552
4.488,199.12719890525568,-194.63919890525568
29.22,-13.559668243120768,42.77966824312077
6.48,-128.9118450017802,135.39184500178018
1.188,-46.90499350637015,48.09299350637015
272.646,292.84071708701345,-20.19471708701343
212.8,304.28322955140266,-91.48322955140264
38.52,299.38284544005114,-260.86284544005116
72.64,42.311053144037714,30.328946855962286
45.4,62.91581183997505,-17.51581183997505
13.76,-66.70355289659256,80.46355289659256
80.991,146.6084337213099,-65.6174337213099
11.784,-24.23061144718099,36.01461144718099
4.36,-81.3082358215056,85.6682358215056
2888.127,1494.8690084723821,1393.2579915276178
1299.66,2228.079377263046,-928.4193772630458
2254.41,1729.9372503234417,524.4727496765581
104.85,95.99420159016631,8.855798409833682
59.97,40.083478941543945,19.886521058456054
314.532,430.9015696376275,-116.36956963762754
13.632,27.572179562220526,-13.940179562220527
19.432,44.143379530462425,-24.711379530462427
65.44,127.24170018248788,-61.80170018248788
6.0,-84.77254011728314,90.77254011728314
1.908,37.618030345129455,-35.710030345129454
1474.802,891.7158845652721,583.0861154347278
110.096,109.90256588136208,0.19343411863792426
16.752,134.6619292807884,-117.9099292807884
1537.074,866.3698412815207,670.7041587184793
449.372,680.9135529799871,-231.5415529799871
41.904,140.53667489261943,-98.63267489261943
2279.96,2157.9283646865056,122.03163531349446
14.94,-21.01034124777061,35.95034124777061
191.976,203.18228562501508,-11.206285625015084
23.832,3.60390825808895,20.22809174191105
409.216,436.9818189325408,-27.76581893254081
72.588,79.78254502728123,-7.194545027281237
61.568,21.498192762579492,40.069807237420505
20.96,44.011357401393525,-23.051357401393524
44.75,90.24218820920714,-45.49218820920714
11.96,-81.10223609225955,93.06223609225955
3.912,-137.94767165500912,141.85967165500912
327.996,336.65264640453915,-8.656646404539174
49.408,51.649748047695766,-2.241748047695765
53.25,37.946436369742514,15.303563630257486
3.76,-101.70280337008467,105.46280337008467
767.214,795.9356935907196,-28.721693590719497
163.96,201.7399952961789,-37.779995296178896
161.28,190.33491655104285,-29.05491655104285
192.8,186.1607228656544,6.639277134345605
27.696,10.610372708687464,17.085627291312537
73.164,214.10093522574948,-140.9369352257495
32.064,136.37223949250279,-104.30823949250279
205.666,265.85688223564307,-60.19088223564307
115.44,95.4819101521366,19.95808984786339
274.8,290.1583544521318,-15.358354452131778
195.64,185.81152632323142,9.828473676768567
257.98,363.7739680734362,-105.79396807343619
119.04,195.06665577524018,-76.02665577524017
20.07,-16.147806468212593,36.21780646821259
11.76,33.03202464764854,-21.272024647648543
11.76,28.846688687942105,-17.086688687942107
40.736,-18.573607951632766,59.30960795163276
201.584,261.1263915637487,-59.54239156374871
340.704,310.0820281252277,30.621971874772328
354.9,331.6289701133228,23.271029886677184
1198.33,765.8605049944225,432.4694950055774
87.92,94.4755747953352,-6.555574795335204
51.968,3.5009562316201936,48.46704376837981
51.336,27.82397101304491,23.512028986955087
332.704,995.5122805421062,-662.8082805421061
42.408,15.575121542801526,26.832878457198476
81.54,62.57438619468212,18.965613805317886
167.28,499.532827482435,-332.252827482435
772.68,708.1349185872408,64.54508141275915
323.976,334.37928510082224,-10.403285100822245
11.808,14.598276167498625,-2.790276167498625
26.16,-7.87324583111581,34.033245831115806
33.57,114.61083316742224,-81.04083316742225
4.992,-44.316014737517435,49.30801473751743
20.016,-16.63597536593238,36.65197536593238
170.24,208.26593299530646,-38.02593299530645
117.456,115.68718629729142,1.7688137027085844
22.96,-58.648007716701386,81.6080077167014
13.36,-63.60426798223875,76.96426798223875
34.248,10.191319372879889,24.05668062712011
3.52,-75.73429341057545,79.25429341057544
26.7,86.60022995667737,-59.900229956677364
21.2,-52.22657309285955,73.42657309285956
838.38,1408.225541667016,-569.8455416670159
1690.04,1602.8874636732123,87.15253632678764
85.96,233.02204589201006,-147.06204589201008
121.96,139.70874131326627,-17.74874131326628
23.92,43.80332603140482,-19.88332603140482
63.96,33.11531617459309,30.84468382540691
629.95,565.7566085735034,64.19339142649665
113.73,110.84094109403327,2.889058905966735
14.6,-63.86069157903967,78.46069157903966
887.84,626.1709720236659,261.6690279763342
403.92,357.47670033902386,46.44329966097615
106.8,387.2632239960328,-280.4632239960328
70.95,49.22588817259634,21.72411182740366
34.944,142.68476672113798,-107.74076672113797
119.04,196.97776446012995,-77.93776446012994
383.84,353.57244152877774,30.26755847122223
799.56,663.7500128992442,135.80998710075573
31.44,3.3221143966470663,28.117885603352935
25.92,94.6238594268832,-68.7038594268832
6.33,147.89342904328532,-141.5634290432853
75.88,134.55166894181866,-58.671668941818666
329.988,466.14424262646935,-136.15624262646935
71.376,68.54094403405611,2.8350559659438943
63.77,207.0816012455639,-143.31160124556388
50.97,23.805646030415346,27.164353969584653
96.08,80.14648376994046,15.933516230059539
1439.968,1398.069067236886,41.89893276311409
43.56,24.05827789580394,19.501722104196062
563.92,460.9368761080909,102.98312389190903
235.152,333.63741861025346,-98.48541861025348
7.712,-76.45999791530198,84.17199791530199
51.016,210.60253697867142,-159.58653697867143
25.248,14.482939835937714,10.765060164062287
56.686,72.9380151917112,-16.2520151917112
51.168,15.24894618402459,35.91905381597541
2793.528,1674.653697067156,1118.8743029328439
1000.02,771.8154227881157,228.20457721188427
65.94,59.95059917785875,5.989400822141249
18.24,-45.9156778405154,64.1556778405154
76.12,50.83844022044241,25.281559779557597
7.64,-124.33932397880517,131.97932397880516
68.16,55.90204708042552,12.257952919574478
62.24,232.2148360864569,-169.9748360864569
29.97,10.26914433371303,19.70085566628697
125.7,209.37817013832841,-83.67817013832841
191.98,254.51798693284422,-62.537986932844234
20.86,198.13192890859432,-177.2719289085943
56.7,299.7516122931954,-243.05161229319543
72.704,95.47489902482607,-22.77089902482608
12.264,198.3906476473917,-186.12664764739168
218.352,217.87380623065906,0.4781937693409475
66.294,128.63872565241968,-62.34472565241968
291.168,275.9184152099135,15.249584790086487
88.776,75.48034995191506,13.295650048084937
110.376,122.03479867844817,-11.658798678448164
55.176,34.75017696705959,20.425823032940414
30.32,31.696716726913564,-1.376716726913564
177.568,226.63396481744712,-49.06596481744711
19.44,-18.530497098327942,37.97049709832794
71.28,413.0962231836438,-341.81622318364384
1471.96,1224.0762454347519,247.88375456524818
79.96,140.46653787039577,-60.506537870395775
57.576,41.059035087562734,16.516964912437267
26.336,46.54703348875273,-20.211033488752733
166.5,167.25510000411236,-0.7551000041123643
360.38,549.5799901640368,-189.19999016403676
11.744,-109.58383282357181,121.32783282357181
247.44,363.3391185313594,-115.89911853135942
18.24,-14.491528118426459,32.73152811842645
25.35,4.32729937613567,21.02270062386433
119.04,215.54084106147798,-96.50084106147797
22.14,2.697560048450214,19.442439951549787
13.98,-53.51810346834259,67.49810346834259
43.41,0.48293512285658835,42.92706487714341
6.24,-38.72551701683233,44.96551701683233
465.16,740.5231621911772,-275.3631621911772
7.98,-122.11163623597668,130.09163623597667
2.394,-35.21896936307189,37.61296936307189
58.32,288.2413801475859,-229.92138014758592
200.97,197.75102196074067,3.2189780392593264
21.36,231.17562188512898,-209.81562188512896
9.856,29.976309988600633,-20.12030998860063
3.444,-97.00609917698989,100.4500991769899
384.592,547.6743335258925,-163.08233352589252
22.92,-14.20548263515252,37.12548263515252
11.36,16.193009106730187,-4.833009106730188
14.592,-9.261929919369322,23.85392991936932
41.4,53.94229005326952,-12.542290053269518
442.372,190.12565934206555,252.24634065793447
34.5,-5.295234153169304,39.795234153169304
28.85,80.65457307618385,-51.80457307618385
3.488,-73.45430618248861,76.94230618248861
143.856,355.52920140867104,-211.67320140867105
311.98,460.32691207678363,-148.3469120767836
22.45,63.48745798637697,-41.037457986376964
39.992,3.2752042235233603,36.71679577647664
1159.056,733.6311217017595,425.4248782982405
179.9,201.4523984076593,-21.552398407659297
116.312,231.57024238668555,-115.25824238668555
12.42,-12.994307222418684,25.414307222418685
428.4,490.2521516047426,-61.85215160474263
24.75,96.11196588983557,-71.36196588983557
87.71,232.14450903860325,-144.43450903860327
69.52,44.160972333710106,25.35902766628989
20.784,-27.034048297834033,47.81804829783403
12.816,-11.756763554873487,24.57276355487349
5.904,-79.32295504909644,85.22695504909643
63.824,42.861271421205174,20.962728578794824
141.552,143.74426864480483,-2.192268644804841
304.9,314.7951886457813,-9.895188645781332
563.24,469.40138448985726,93.83861551014274
661.176,973.5037844113364,-312.3277844113363
239.976,261.25905752306016,-21.283057523060165
502.488,515.943027841231,-13.455027841231015
196.704,247.23012084557604,-50.52612084557603
915.136,823.4652263331355,91.67077366686442
327.76,391.9334185591747,-64.1734185591747
701.96,1155.5031556372817,-453.54315563728164
88.776,68.10826112839254,20.667738871607455
64.14,43.63812275280338,20.501877247196617
33.552,-26.717910543128028,60.26991054312803
1737.18,1280.671680886259,456.508319113741
704.25,582.8228639233412,121.42713607665883
141.76,155.2738637805253,-13.513863780525298
36.36,9.708992093543884,26.651007906456115
25.83,-7.770817530666363,33.60081753066636
24.588,47.04588745007982,-22.457887450079816
13.984,-69.75973615225098,83.74373615225097
195.96,220.55956633646838,-24.59956633646837
74.352,54.26575570118666,20.08624429881334
6.68,-131.1734064803111,137.8534064803111
17.584,205.50489886673427,-187.92089886673426
104.784,223.37883436687844,-118.59483436687843
47.952,22.995018755019828,24.95698124498017
650.352,679.214511558598,-28.862511558598044
629.184,569.6506530605545,59.53334693944544
15.176,-91.08841067056665,106.26441067056665
127.95,121.8104125976829,6.139587402317105
579.51,641.162849292343,-61.652849292343035
14.99,-103.35021451360649,118.34021451360648
151.92,162.05847620494797,-10.138476204947978
196.62,272.60130719010886,-75.98130719010885
144.12,148.7506740691024,-4.630674069102383
15.96,-62.89263872914148,78.85263872914149
39.96,99.2565070838773,-59.296507083877295
34.08,133.58707575153903,-99.50707575153903
10.368,-76.36506077622266,86.73306077622266
7.752,-24.813972444192814,32.565972444192816
15.28,-73.69302279656335,88.97302279656336
65.97,45.01096540592357,20.959034594076428
33.4,87.33995099761478,-53.93995099761478
210.84,226.41813131875415,-15.578131318754146
13.98,-88.1960057877427,102.17600578774271
272.94,292.9619423350737,-20.021942335073675
19.05,77.81708477006009,-58.767084770060094
247.716,254.95734871327977,-7.241348713279763
66.58,31.567683392495837,35.01231660750416
43.92,22.546316419293362,21.37368358070664
14.73,-15.829831962659455,30.559831962659455
29.7,81.12411798957373,-51.42411798957373
49.12,60.07115965521666,-10.951159655216664
18.28,85.97396843088927,-67.69396843088927
47.04,65.78945720945148,-18.749457209451485
339.96,321.4690201265371,18.49097987346289
87.8,97.39841699101703,-9.598416991017032
221.382,292.6582124854267,-71.2762124854267
5199.96,4882.386029240381,317.57397075961944
156.512,154.46891640253398,2.0430835974660226
119.85,92.91684931324949,26.93315068675051
30.44,-57.260632757758,87.700632757758
69.28,17.42059717508141,51.85940282491859
587.97,670.8210619833688,-82.85106198336882
24.55,79.53993102777122,-54.98993102777122
12.176,-108.46573525488498,120.64173525488498
37.32,4.71878908173926,32.60121091826074
35.06,-31.52839915089885,66.58839915089885
108.4,158.4521668361217,-50.0521668361217
361.376,534.5004194550716,-173.12441945507157
2.412,-84.12162794272126,86.53362794272127
8.39,-105.06787970031974,113.45787970031974
337.98,521.9033898263224,-183.92338982632236
83.92,149.19216236823127,-65.27216236823126
19.68,86.70495249800683,-67.02495249800683
25.92,42.93510679714154,-17.01510679714154
6.48,-116.97874559289471,123.45874559289472
86.352,187.56755034614685,-101.21555034614684
56.3,9.102156728212776,47.19784327178722
51.016,218.77543076798997,-167.75943076798998
150.8,192.2586764632615,-41.4586764632615
1039.992,3413.626689336791,-2373.634689336791
51.84,259.9149392440927,-208.0749392440927
41.22,-6.117348990722121,47.33734899072212
240.37,671.4244022984421,-431.05440229844214
119.02,114.69053808560761,4.3294619143923825
133.12,166.95835599894372,-33.83835599894371
38.08,131.35566927020886,-93.27566927020887
113.568,114.41615632060143,-0.8481563206014329
83.92,95.01594710072777,-11.09594710072777
6.63,-34.36386385433798,40.99386385433798
371.97,403.89463584510554,-31.924635845105513
561.584,897.495610627254,-335.91161062725405
99.92,158.1836464901562,-58.263646490156205
4.928,-83.50457309989338,88.43257309989338
14.76,-63.55314344347698,78.31314344347699
99.99,197.86231824069,-97.87231824069
286.15,284.9694130399373,1.1805869600626693
49.792,260.82217717656204,-211.03017717656203
299.975,251.3397782686393,48.63522173136073
158.376,166.7615760124918,-8.385576012491782
32.784,87.17633986113651,-54.39233986113651
47.984,-17.903423640878827,65.88742364087884
62.592,253.19849419639854,-190.60649419639856
4.276,-66.39161446227195,70.66761446227194
10.56,-72.13808547195549,82.6980854719555
229.94,312.0704055406061,-82.13040554060609
311.15,326.95900580587477,-15.80900580587479
12.96,-67.75990302449259,80.7199030244926
14.62,-61.00255748212885,75.62255748212885
5.76,-82.25675976923026,88.01675976923026
21.48,134.15794423241573,-112.67794423241573
396.92,418.79175538705204,-21.87175538705202
17.15,-77.98520084243614,95.13520084243615
23.12,-42.383619766330185,65.50361976633019
5.248,-64.9047587063094,70.1527587063094
824.95,713.2472912733292,111.70270872667083
24.64,234.2353692724564,-209.59536927245642
227.88,270.2823242084214,-42.40232420842142
241.96,333.79898122021655,-91.83898122021654
3.89,-140.54549474637065,144.43549474637064
8.01,-36.5812887746647,44.5912887746647
177.48,189.9498389979326,-12.469838997932612
569.568,892.9391199284986,-323.3711199284986
149.73,270.06945573705025,-120.33945573705026
899.43,674.8442260331068,224.58577396689316
46.2,101.99829722800655,-55.79829722800655
47.952,16.713177667779746,31.238822332220252
7.992,-113.49042514314283,121.48242514314283
76.864,42.374022220100414,34.48997777989959
102.93,86.1022761427198,16.827723857280205
98.16,181.82286454567043,-83.66286454567043
11.52,106.62505739756739,-95.10505739756739
83.88,137.72317401365308,-53.84317401365308
108.576,119.51441235708785,-10.938412357087856
5.984,-52.31144553029276,58.29544553029276
21.96,-39.16488582230795,61.12488582230795
368.97,422.6710335618193,-53.70103356181926
12.39,-9.28930329898617,21.67930329898617
332.94,361.79354040572935,-28.853540405729348
111.93,249.08487429751358,-137.15487429751357
454.272,405.2789169696073,48.99308303039271
19.44,-16.71171794825659,36.15171794825659
8399.976,7497.668681666624,902.3073183333763
6.294,-74.91054544612757,81.20454544612757
10.368,-64.1691289444093,74.53712894440929
122.382,119.9466050858116,2.4353949141884073
25.984,-30.421884653817642,56.405884653817644
945.036,573.231261528666,371.80473847133396
14.301,217.0392872184034,-202.7382872184034
410.352,427.60519720497814,-17.253197204978164
23.52,81.41982088210875,-57.899820882108756
180.96,199.32807329264097,-18.368073292640958
35.0,38.59478158066099,-3.5947815806609924
477.15,399.41044935368495,77.73955064631502
302.376,312.1496706970079,-9.773670697007901
974.988,823.8303855973148,151.15761440268523
589.41,469.04206917803845,120.36793082196152
34.7,100.421873990221,-65.721873990221
99.87,90.19730523709359,9.672694762906417
37.94,-19.90900945913313,57.84900945913313
24.9,91.17092348813662,-66.27092348813662
82.26,71.23502395709397,11.024976042906033
7.104,117.99435568896001,-110.89035568896001
103.5,146.0628200981073,-42.562820098107295
2.464,-135.53007706206654,137.99407706206654
8.72,-107.44252370795016,116.16252370795016
10.76,-75.14728430903574,85.90728430903575
45.68,-9.887666932124148,55.56766693212415
6.7,-115.91593757071246,122.61593757071246
158.376,149.03832361381137,9.337676386188633
3.44,-70.78597268160297,74.22597268160297
56.56,5.791464332527539,50.76853566747246
36.96,190.85059150600046,-153.89059150600045
135.99,336.12020110852063,-200.13020110852062
15.96,186.37469637823756,-170.41469637823755
3.76,-93.90262797459377,97.66262797459378
14.7,62.6682008141579,-47.968200814157896
37.2,86.65972367952304,-49.45972367952304
89.97,60.74039314020433,29.229606859795666
261.96,356.4983644402628,-94.5383644402628
74.0,111.67375848765255,-37.67375848765255
13.28,-67.37721140454073,80.65721140454073
84.96,191.87205510871172,-106.91205510871173
68.46,205.8931010039846,-137.43310100398463
2079.4,1687.3496521585641,392.05034784143595
629.95,561.8811593731681,68.06884062683196
72.42,177.92295767425117,-105.50295767425116
131.98,145.70706077308887,-13.72706077308888
114.52,235.87233316550532,-121.35233316550533
100.24,380.80439650888593,-280.5643965088859
871.8,984.0249292657036,-112.22492926570362
61.96,95.94345803806164,-33.983458038061634
4.554,3.9077590783608684,0.6462409216391318
5.2,-74.93648566345814,80.13648566345815
205.992,556.2661751604342,-350.2741751604342
15.552,-21.37277653243177,36.92477653243177
503.96,427.6746623964061,76.28533760359386
24.472,192.20715232138764,-167.73515232138763
241.568,329.90741053964075,-88.33941053964074
110.4,104.31375979557038,6.086240204429629
384.768,542.6424066778778,-157.87440667787786
78.66,174.85830517117074,-96.19830517117074
45.36,53.93641454018052,-8.576414540180522
962.08,890.9539350677203,71.12606493227975
12.843,21.218332255190035,-8.375332255190035
295.456,649.9467949024943,-354.49079490249426
32.4,96.75127913177676,-64.35127913177675
103.936,125.50769525593682,-21.571695255936817
289.568,413.26634930132286,-123.69834930132288
39.72,106.15022650221772,-66.43022650221772
244.768,239.06384033705808,5.704159662941919
24.0,-31.6668465702503,55.6668465702503
15.552,-15.549479608975162,31.10147960897516
26.176,-30.836388028011925,57.01238802801193
20.94,-5.327480161025505,26.267480161025507
135.09,345.61304416373514,-210.52304416373514
279.86,636.4553289665225,-356.5953289665225
90.06,180.80415073321592,-90.74415073321592
539.964,408.8285985995526,131.13540140044745
50.232,214.27345667018267,-164.04145667018267
19.242,21.52109677115891,-2.2790967711589083
1247.64,1493.8878904089536,-246.24789040895348
5.304,-25.18125810587958,30.48525810587958
19.136,36.35577796527127,-17.219777965271273
332.832,306.1129096307493,26.719090369250694
279.9,307.2667742107078,-27.36677421070783
50.352,26.510686925503478,23.84131307449652
34.02,7.90529864623727,26.114701353762733
23.88,130.35642835470753,-106.47642835470754
11.52,14.293545585834181,-2.7735455858341815
286.93,344.5558941550928,-57.625894155092794
206.384,264.28530132419064,-57.901301324190655
218.352,219.91757477505894,-1.5655747750589342
529.9,465.5689303564011,64.33106964359888
99.3,371.7061425945451,-272.4061425945451
108.96,101.0809940947438,7.879005905256193
2.688,-133.72987167889414,136.41787167889413
5443.96,5485.813931289502,-41.853931289501816
302.67,327.2966343881451,-24.626634388145078
56.07,200.60747921651569,-144.5374792165157
10.08,-65.90789185014637,75.98789185014637
59.994,82.97563298827845,-22.98163298827845
5.715,118.52525657042952,-112.81025657042952
9.42,119.90188363704237,-110.48188363704237
1999.96,2025.6931805283152,-25.733180528315188
216.4,232.549660614942,-16.149660614942007
6.936,-22.089134040771114,29.025134040771114
4.428,41.30821208936072,-36.880212089360725
8.8,75.31766374737731,-66.51766374737731
142.8,355.7250305019577,-212.92503050195768
399.95,388.00440857879903,11.945591421200959
2152.776,2637.631612697427,-484.8556126974272
4007.84,1678.5008018966125,2329.3391981033874
328.59,312.07629126010056,16.513708739899414
98.352,91.4334552086491,6.918544791350911
158.99,411.08106903573184,-252.09106903573183
291.1,295.73513622876817,-4.635136228768147
73.68,171.8451073843105,-98.16510738431049
139.92,163.56343238385853,-23.64343238385854
107.88,97.3284377801333,10.551562219866696
33.29,-23.85397081465294,57.14397081465294
58.17,132.72683513920106,-74.55683513920106
5.04,-79.0235525639423,84.06355256394231
24.784,-53.85524449033369,78.63924449033368
634.116,429.453297322445,204.662702677555
17.472,-21.575351325798238,39.04735132579824
155.88,220.02880830200183,-64.14880830200184
327.564,308.10347145486617,19.460528545133855
13.36,-80.97933163318066,94.33933163318066
158.9,184.0174954557856,-25.117495455785587
319.968,306.1545096988466,13.813490301153422
505.32,546.7592493289912,-41.43924932899125
3.808,-131.89819023954328,135.70619023954328
8.682,-49.319239139098045,58.00123913909805
24.424,-67.02144011321684,91.44544011321685
1522.638,914.9252385166511,607.7127614833488
419.9,414.85910530705974,5.040894692940242
3.15,-140.2609222905196,143.4109222905196
33.62,173.96111701730797,-140.34111701730797
16.14,-24.13027431460614,40.27027431460614
194.25,246.42867105818573,-52.17867105818573
8.64,-23.441156263857238,32.08115626385724
872.32,839.9735542445851,32.34644575541495
243.992,141.3659020602379,102.6260979397621
7.12,69.86635966848326,-62.74635966848326
2.688,-83.33342859506206,86.02142859506206
317.058,329.5365744589203,-12.47857445892032
149.352,151.4135236757577,-2.061523675757684
227.976,240.36524862343958,-12.389248623439585
11.96,-61.97892604217327,73.93892604217328
563.4,529.9068569253733,33.49314307462669
319.92,412.4860977115479,-92.56609771154791
1049.44,817.1403231274752,232.29967687252486
170.352,160.12866318788429,10.223336812115718
173.94,242.52070686688262,-68.58070686688262
1007.944,707.0409424176152,300.9030575823848
6.68,-117.9003637244407,124.5803637244407
8.34,-23.624475792382327,31.964475792382327
101.94,99.2659462716781,2.674053728321894
179.97,194.8163721130618,-14.84637211306179
101.94,201.9103089982027,-99.97030899820271
271.96,281.30336773620957,-9.343367736209586
8.8,83.3775089144508,-74.5775089144508
19.68,143.28192319137816,-123.60192319137815
302.94,343.9031867146689,-40.96318671466889
14.94,-15.329765229665554,30.269765229665552
231.72,324.6328463649693,-92.91284636496928
9.912,-36.30205998681299,46.21405998681299
34.65,6.679326215643641,27.970673784356357
19.8,90.24703970198016,-70.44703970198016
33.568,-35.48705964526107,69.05505964526107
125.93,247.44218327778435,-121.51218327778435
11.76,104.93515444904278,-93.17515444904278
5.344,-132.81655077180085,138.16055077180084
1.365,-103.92412895940038,105.28912895940037
62.016,18.4934992525325,43.5225007474675
60.72,38.87222713243409,21.847772867565908
146.82,147.1161907823398,-0.29619078233980645
239.84,352.4902303901674,-112.65023039016742
15.66,127.95365427415027,-112.29365427415027
146.352,125.02034571541321,21.33165428458679
5.94,-17.397932827921295,23.337932827921296
45.36,197.12630288720038,-151.76630288720037
211.168,207.96792760478502,3.2000723952149883
484.704,379.63148355023554,105.07251644976446
371.976,422.4373375305631,-50.46133753056313
89.82,169.5424587925511,-79.7224587925511
19.296,-27.848142811137677,47.14414281113768
191.96,259.9892180034417,-68.02921800344168
21.3,-12.516594835987917,33.816594835987914
469.95,433.83002642584324,36.119973574156745
209.88,221.61995544959177,-11.739955449591776
239.666,318.3430828655469,-78.67708286554688
22.5,121.65346708632,-99.15346708632
219.84,222.74757133103185,-2.9075713310318463
32.4,87.22328640016076,-54.82328640016076
209.94,259.14478728025097,-49.20478728025097
4164.05,2909.051201776342,1254.998798223658
212.94,224.3068350082774,-11.366835008277405
41.88,141.66713988391575,-99.78713988391576
58.48,245.87724220675705,-187.39724220675706
102.438,227.2593125389335,-124.8213125389335
199.304,203.43464477716452,-4.13064477716452
6999.96,6721.718825040378,278.2411749596222
12.96,-61.69940646618829,74.6594064661883
279.86,651.8669993958321,-372.00699939583205
7.38,114.7149829573641,-107.3349829573641
698.352,789.8086132315598,-91.4566132315598
1747.25,1485.3253473775171,261.9246526224829
54.48,41.303669202242645,13.176330797757352
199.99,549.4692037683886,-349.47920376838863
68.541,414.5157167837058,-345.9747167837058
627.168,564.1194922548103,63.04850774518968
122.12,151.57523769293266,-29.455237692932656
6.99,-24.654188601009082,31.644188601009084
107.424,196.1801931171285,-88.7561931171285
1421.664,598.9619339407149,822.7020660592851
125.88,196.17809681854578,-70.29809681854579
79.78,45.1970162967973,34.5829837032027
133.2,339.7564865354557,-206.5564865354557
438.368,411.47374398092165,26.89425601907834
139.944,256.8754583497114,-116.93145834971139
133.472,148.38284711396182,-14.910847113961808
564.195,526.1135326280346,38.08146737196546
87.168,75.41832076240189,11.749679237598116
42.616,235.47810732708854,-192.86210732708855
319.984,480.1864627267463,-160.20246272674632
45.92,96.61849370468235,-50.69849370468235
21.184,-29.787864974353397,50.971864974353394
20.736,30.272269161064514,-9.536269161064514
213.43,211.64688802441583,1.783111975584177
333.576,348.0406221036708,-14.464622103670763
31.992,-30.32856157778224,62.32056157778224
51.168,2.5430409929049347,48.624959007095065
10.64,71.48016383912295,-60.84016383912295
68.704,30.67895087737952,38.02504912262047
386.91,374.21882406337886,12.691175936621164
39.66,-19.55484748101935,59.21484748101935
113.92,111.73191120442743,2.1880887955725683
447.86,449.1886369297006,-1.328636929700565
356.85,349.8728298135161,6.9771701864839315
251.58,346.40965968279966,-94.82965968279964
219.84,247.3286297902082,-27.488629790208194
42.85,102.25744656266693,-59.40744656266693
6.16,-84.55258362209997,90.71258362209997
17.0,-57.109395062831254,74.10939506283125
87.4,135.45861826638338,-48.05861826638338
29.84,-47.95754454320377,77.79754454320377
49.568,-4.095210739905042,53.66321073990504
265.86,326.17881162913045,-60.31881162913044
67.96,92.74891905230038,-24.788919052300386
10.92,118.82704558372393,-107.90704558372393
83.9,59.82014969140482,24.079850308595184
19.75,82.60895527833395,-62.85895527833395
393.54,457.7307560482734,-64.19075604827339
46.872,202.1582285226243,-155.2862285226243
10.9,-111.46623858551698,122.36623858551698
79.92,78.02844774165101,1.8915522583489945
146.82,140.99266321141909,5.827336788580908
3.6,-102.98497246203442,106.58497246203441
20.04,129.89373353679275,-109.85373353679276
180.016,467.65502438121666,-287.6390243812167
41.552,3.8018836153139546,37.750116384686045
13.12,81.16901935859573,-68.04901935859573
1117.92,986.0246052882097,131.89539471179035
111.96,114.13690094265394,-2.176900942653944
12.16,87.12260820495612,-74.96260820495613
17.52,35.10514698556267,-17.58514698556267
155.88,240.65573729600487,-84.77573729600488
477.51,592.0065909368748,-114.49659093687478
164.88,166.82221880295947,-1.9422188029594736
47.97,30.84223095375114,17.127769046248858
415.176,478.3715153861474,-63.195515386147406
35.232,6.251916304292081,28.98008369570792
54.96,50.58722720130845,4.37277279869155
16.34,-62.78862955008299,79.12862955008299
225.296,304.0038789508012,-78.70787895080122
50.352,16.70895319513238,33.643046804867616
163.136,178.22174121498688,-15.085741214986882
6.408,67.349194726944,-60.941194726944005
217.584,290.6671103539177,-73.08311035391768
5.43,-33.474924026417966,38.904924026417966
143.976,135.212454451412,8.763545548588013
519.68,442.33550458255763,77.34449541744232
7.83,-34.25932724964605,42.08932724964605
883.84,806.2129638677567,77.62703613224335
230.352,246.62206649402697,-16.270066494026963
273.92,364.06000413577,-90.14000413576997
9.912,-16.978957938154508,26.890957938154507
266.352,212.98878153206965,53.363218467930324
56.328,40.37191705652344,15.95608294347656
39.264,8.456078841489898,30.807921158510105
95.232,175.71126017910865,-80.47926017910865
30.0,128.39796373764716,-98.39796373764716
25.92,28.950825733762485,-3.0308257337624838
159.92,162.71806601952244,-2.7980660195224516
34.944,10.435349629513212,24.50865037048679
149.95,182.03526616242948,-32.08526616242949
23.32,-46.17520097290844,69.49520097290844
16.74,-15.024832952842644,31.764832952842642
14.82,91.91195438619934,-77.09195438619935
10.47,-19.849028568138465,30.319028568138464
11.07,-18.615060201790584,29.685060201790584
20.704,37.786947551815274,-17.082947551815273
177.2,205.99194252530015,-28.791942525300158
50.496,157.39003733975278,-106.89403733975277
6.129,6.078450574777662,0.05054942522233752
643.136,584.6330852500478,58.5029147499522
20.736,34.58732700469591,-13.851327004695907
177.536,174.79268178076563,2.743318219234368
32.432,-37.84904282836351,70.28104282836351
11.696,-68.88291553663748,80.57891553663748
113.76,102.56936496372668,11.19063503627332
579.51,645.8687384009943,-66.3587384009943
150.66,343.91669250140353,-193.25669250140353
48.032,56.055916068866736,-8.02391606886674
102.624,88.531837658531,14.092162341468992
359.772,527.1499161830179,-167.37791618301793
13.392,-19.036289327242912,32.42828932724291
122.136,107.9083371004192,14.227662899580793
35.88,141.90102255793136,-106.02102255793136
479.952,427.5553272798554,52.39667272014458
23.92,93.17701074510933,-69.25701074510933
629.95,552.1680872256984,77.78191277430165
14.952,-87.86868088719916,102.82068088719916
17.94,-15.612860382608233,33.55286038260823
116.98,126.05736224223256,-9.077362242232553
121.96,131.9021243107618,-9.942124310761798
8.74,-67.40163177135332,76.14163177135332
61.96,22.344769899055336,39.615230100944665
7.96,-79.5632556085236,87.5232556085236
275.24,285.3833339860182,-10.143333986018206
47.4,106.69338298113303,-59.29338298113303
512.96,507.9889241054939,4.971075894506157
395.94,385.9044103080362,10.035589691963821
81.96,65.72851084121453,16.231489158785465
32.776,-16.42832828928522,49.20432828928522
272.94,285.60574515573535,-12.665745155735351
253.764,358.165350791892,-104.40135079189201
29.24,84.11829674822411,-54.878296748224116
35.168,-18.25689444916179,53.42489444916179
1362.9,1493.649823664399,-130.74982366439895
317.058,319.1039812466977,-2.0459812466976928
15.76,-63.39801582908035,79.15801582908036
14.56,99.6105865518366,-85.0505865518366
196.21,297.86976385387766,-101.65976385387765
35.4,89.98867764552392,-54.58867764552392
419.4,397.6160934021,21.7839065979
13.005,12.491729013765735,0.5132709862342661
7.712,-84.69506257494231,92.40706257494232
4.176,-130.73657723884162,134.9125772388416
38.88,140.55572972387927,-101.67572972387927
17.64,34.65389332385598,-17.01389332385598
93.456,90.05947154938144,3.396528450618561
449.91,500.97096817513614,-51.06096817513611
344.94,364.12187454724994,-19.181874547249947
14.76,-72.07078078742734,86.83078078742734
12.76,-77.26603883319967,90.02603883319968
58.48,244.9584902899162,-186.4784902899162
20.096,44.712283834473965,-24.616283834473965
37.752,21.74037535323896,16.011624646761042
138.588,341.85562573190987,-203.26762573190987
259.92,252.86087585131054,7.059124148689477
20.736,36.97766923930726,-16.24166923930726
129.93,123.55155746971263,6.378442530287373
69.93,214.55170807108016,-144.62170807108015
140.736,145.78566583606448,-5.0496658360644915
8.32,65.00319217143078,-56.68319217143078
9.98,-107.7119704491945,117.6919704491945
62.94,23.744799668081214,39.195200331918784
21.488,-46.40335438830061,67.89135438830061
239.976,247.51458556842795,-7.538585568427948
34.504,-6.875429320345347,41.379429320345345
20.104,-14.160035871400169,34.26403587140017
3.798,-56.78846548600427,60.58646548600427
7.88,108.74846104662493,-100.86846104662493
35.445,10.766676359182156,24.678323640817844
269.97,298.3590035841296,-28.38900358412957
45.12,30.73377090074291,14.386229099257086
100.8,92.53468077495836,8.265319225041637
47.968,5.2844285051094175,42.683571494890586
99.98,74.40961219131259,25.570387808687414
9.96,-82.49483586162546,92.45483586162547
3.856,-121.3782328632035,125.23423286320349
98.376,93.85561774061739,4.520382259382615
22.38,23.680675591651152,-1.300675591651153
3.882,-55.83034620766671,59.712346207666705
12.585,-40.045316319861286,52.630316319861286
113.372,109.81473968871228,3.5572603112877204
18.312,55.99894454652508,-37.68694454652508
127.936,289.9752962075595,-162.0392962075595
241.17,292.95329619651557,-51.78329619651558
6.24,-25.065056277583835,31.305056277583837
17.9,88.39553452803898,-70.49553452803897
3266.376,4020.682852243299,-754.3068522432986
1.68,145.8741578435754,-144.1941578435754
7.968,-1.9474886459288427,9.915488645928843
113.372,115.41878419609452,-2.046784196094521
2.96,-52.643813357865156,55.60381335786516
168.1,195.5255873140104,-27.425587314010414
98.46,322.4510986154314,-223.99109861543144
358.58,535.2063753710629,-176.62637537106292
32.48,-32.003576465278684,64.48357646527867
17499.95,14867.740233150058,2632.2097668499428
735.98,1258.3742338458603,-522.3942338458603
34.37,181.90195724913224,-147.53195724913223
33.96,-30.12368672393336,64.08368672393337
197.97,207.03006546737265,-9.060065467372652
17.48,42.34856470657269,-24.868564706572688
8.016,-21.911622308835376,29.927622308835375
146.04,350.52814785112264,-204.48814785112265
27.88,-34.128605843680134,62.00860584368013
152.65,185.47597350270962,-32.825973502709616
22.72,-65.69696224647873,88.41696224647873
11.12,30.240609118850898,-19.1206091188509
1640.7,1334.9755719860805,305.7244280139196
371.2,329.19831024609766,42.001689753902326
14.832,8.49570949846202,6.336290501537981
20.7,5.7049853706269005,14.995014629373099
11.34,-49.200575573943524,60.54057557394353
67.9,135.31524885099498,-67.41524885099497
1059.12,1031.3396376425635,27.78036235743639
478.48,738.2356987845841,-259.75569878458407
32.04,41.902050805561885,-9.862050805561886
55.992,55.63183491972268,0.3601650802773193
76.864,39.38278753482177,37.48121246517823
59.92,73.1165028975779,-13.1965028975779
1565.88,1151.3765953178022,414.5034046821979
106.05,239.4999214500242,-133.4499214500242
62.04,70.31893292622249,-8.278932926222488
494.97,568.8788419101625,-73.90884191016244
367.96,334.472599810827,33.487400189173
44.96,-13.430333012732262,58.39033301273226
182.94,190.24490549486768,-7.304905494867683
28.14,-11.038914827771123,39.17891482777112
7.38,-84.94134670462995,92.32134670462995
10.9,69.71338921301185,-58.81338921301185
274.89,485.6569737231588,-210.7669737231588
23.04,225.11851092027769,-202.0785109202777
218.352,207.46401794936332,10.88798205063668
10.368,-62.434178260044746,72.80217826004474
12.672,-68.2185284993243,80.89052849932429
91.96,140.64464876327088,-48.684648763270886
254.97,278.2643068886041,-23.294306888604098
31.984,-15.278680016054295,47.2626800160543
2887.056,1434.1824615255412,1452.8735384744589
12.96,-72.78122137334094,85.74122137334095
47.52,300.0373063205559,-252.5173063205559
11.952,-30.155127714645005,42.107127714645
4.98,-119.8222412110606,124.8022412110606
10.78,144.6883161026392,-133.9083161026392
119.976,112.4841996297771,7.491800370222904
25.06,-42.016952719095116,67.07695271909512
1652.94,1942.5757910112452,-289.63579101124515
131.376,202.86836082760965,-71.49236082760964
5.344,-123.35744725175323,128.70144725175322
2003.92,1479.0963217496808,524.8236782503193
32.4,99.06267210685292,-66.66267210685291
1913.4,1154.3038874228228,759.0961125771773
146.73,146.8664103812864,-0.13641038128642435
114.2,166.68894266816073,-52.48894266816073
2567.84,1589.9480260822925,977.8919739177077
37.056,60.12377582543968,-23.067775825439682
259.896,356.22523012508896,-96.32923012508894
19.05,-18.172108817132084,37.22210881713208
73.344,50.37076496721534,22.973235032784658
95.68,267.97339587436454,-172.29339587436453
50.96,198.44422085762244,-147.48422085762243
113.94,96.35111120966849,17.58888879033151
25.92,29.41739075034593,-3.4973907503459287
20.32,32.48347038686052,-12.163470386860517
411.98,643.665568147204,-231.68556814720398
34.48,-29.40818797073439,63.888187970734386
244.55,264.3548624400546,-19.804862440054592
10.782,16.894648453839864,-6.1126484538398635
602.651,417.9391862336122,184.71181376638776
7.656,191.49086526284168,-183.83486526284167
559.93,504.33477859676304,55.595221403236906
2399.96,1971.0697705890498,428.89022941095027
16.0,20.78868381207235,-4.78868381207235
5.588,28.329679129047918,-22.741679129047917
235.92,226.51908978266874,9.400910217331244
10.68,-114.75828540318298,125.43828540318299
41.28,-27.521551494374535,68.80155149437454
1001.584,1663.526279074442,-661.9422790744421
14.76,-57.4481284398812,72.20812843988121
2.502,9.28686249050952,-6.7848624905095205
115.96,130.21452662528077,-14.254526625280775
186.54,183.63654697368202,2.903453026317976
159.56,156.40291599653278,3.1570840034672187
55.984,16.60255453687546,39.38144546312454
132.16,319.0975549576567,-186.93755495765672
17.904,201.1843296568229,-183.28032965682291
124.032,136.48932502224375,-12.45732502224375
1403.92,1052.4055473858048,351.5144526141953
28.8,13.378416497172338,15.421583502827662
24.588,-9.303873069286738,33.89187306928674
356.79,378.77471309004204,-21.98471309004202
16.98,-86.45968245526296,103.43968245526297
491.55,467.42664926188127,24.123350738118745
7.38,-90.50276812380389,97.88276812380388
23.66,193.05525321586128,-169.3952532158613
681.408,663.4674796993405,17.9405203006595
18.9,-15.267512968356186,34.167512968356185
93.68,100.33552425289759,-6.655524252897578
21.93,-18.981957853782433,40.91195785378243
862.344,619.8973385078987,242.44666149210138
19.98,-84.82803203832918,104.80803203832919
13.494,-68.92029469043337,82.41429469043337
23.988,-10.904197177771948,34.89219717777195
31.984,-13.35529723525542,45.33929723525542
41.584,-3.9184093347475937,45.5024093347476
95.976,86.3640189909313,9.6119810090687
84.272,60.809162337407315,23.46283766259269
36.544,-23.933920799644966,60.47792079964496
479.72,457.9711030538981,21.748896946101922
102.368,97.07426876153727,5.293731238462726
28.4,97.1390278495303,-68.73902784953029
713.88,693.0292898395913,20.850710160408653
68.52,49.98820559370438,18.531794406295617
623.96,510.4229505842218,113.53704941577826
11.12,22.86383056008185,-11.743830560081852
523.92,435.7721583545517,88.14784164544824
2.48,-91.15319880207608,93.63319880207608
221.024,275.2289273185545,-54.204927318554496
128.058,111.40350859100226,16.65449140899773
58.408,199.20531498049945,-140.79731498049944
79.974,64.07436452968955,15.899635470310457
479.988,756.6952847236097,-276.7072847236097
11.808,-39.13675531410672,50.94475531410672
53.568,53.256411382446686,0.311588617553312
503.96,422.39730767889523,81.56269232110475
21.34,-55.01114531547273,76.35114531547273
36.4,92.40944314560147,-56.00944314560147
51.75,35.604449668087454,16.145550331912546
15.51,-90.9325137295582,106.4425137295582
146.82,143.14785521680983,3.672144783190163
12.96,-78.70822515408645,91.66822515408646
7.8,-32.719405554297964,40.51940555429796
10.2,66.22706265071133,-56.02706265071133
22.32,-8.482427693447107,30.802427693447108
24.1,75.79153170261156,-51.69153170261156
75.98,46.429963377727745,29.55003662227226
6.46,-87.02494126510146,93.48494126510145
60.12,306.8096856018294,-246.6896856018294
824.97,967.5220502199685,-142.55205021996846
24.85,89.18512590610158,-64.33512590610158
12.624,-49.561738130324784,62.185738130324786
89.584,68.77192867979625,20.812071320203756
471.92,723.3336194824975,-251.4136194824975
18.18,67.21791778247507,-49.03791778247507
31.744,-25.671113637670487,57.41511363767049
5.904,-83.43946856989396,89.34346856989396
621.76,563.3284922985241,58.43150770147588
59.98,5.661687696504714,54.31831230349528
48.87,291.72722561728324,-242.85722561728323
154.9,186.9906554729571,-32.09065547295708
5.92,10.2349263456681,-4.3149263456681
30.18,-7.105297317376198,37.2852973173762
24.1,70.96079907133912,-46.86079907133912
8.78,-113.33346401685958,122.11346401685958
376.74,357.6077076284521,19.13229237154792
29.52,29.50835918468374,0.011640815316258823
11.96,-70.82113202226742,82.78113202226743
26.4,74.62678324379272,-48.22678324379272
1158.12,895.1419401889196,262.97805981108024
1.392,28.80491437094588,-27.41291437094588
44.43,24.13949225307897,20.29050774692103
226.2,246.40460037132107,-20.204600371321078
186.54,198.27377430046386,-11.733774300463864
265.86,334.0453987540361,-68.1853987540361
27.9,98.18373165306798,-70.28373165306797
31.08,57.478602395133294,-26.398602395133295
13.84,88.50322103853568,-74.66322103853568
175.872,181.6186054143834,-5.746605414383396
12.96,-74.02302840856328,86.98302840856329
208.44,217.59449378765544,-9.15449378765544
25.76,-40.59788323756629,66.3578832375663
366.744,307.89468468686823,58.8493153131318
289.24,325.10143790063194,-35.86143790063193
69.456,26.62593702238746,42.83006297761254
5.184,-110.14981199585804,115.33381199585804
205.164,274.7182021345043,-69.5542021345043
8.544,-30.823854335478927,39.367854335478924
12.828,-26.234835336842934,39.06283533684294
598.458,641.1656260713024,-42.70762607130246
25.984,-28.378103452908135,54.36210345290814
17.96,74.97968447311541,-57.01968447311541
5.04,-61.31812073283413,66.35812073283414
208.16,585.3068823627441,-377.1468823627441
148.257,138.09362081488553,10.16337918511448
146.76,139.16446021129013,7.595539788709857
32.96,-35.70212483956698,68.66212483956699
587.97,677.6306388889241,-89.66063888892404
14.94,-24.99114686649841,39.93114686649841
25.83,186.8446544727774,-161.0146544727774
15.552,-19.891513229976454,35.44351322997645
6.8,-112.46982446920856,119.26982446920856
4.224,-33.32500037402701,37.54900037402702
143.64,340.27593177505946,-196.63593177505948
31.104,134.72235776409298,-103.61835776409298
223.056,379.93113336071747,-156.87513336071746
227.46,273.7356588553482,-46.27565885534821
46.24,61.963703728222754,-15.723703728222752
5.22,-79.68508996945616,84.90508996945616
33.9,89.43218332869742,-55.53218332869742
28.14,0.7535982406741368,27.386401759325864
36.0,-17.559077504831066,53.559077504831066
92.94,82.08218933891862,10.857810661081373
245.646,252.71148978449764,-7.065489784497657
55.008,34.09908932122198,20.90891067877802
35.232,7.024945828755563,28.207054171244437
523.392,573.869765184336,-50.47776518433591
479.984,746.4847545013256,-266.5007545013256
12.96,-67.19447264117616,80.15447264117617
17.94,-9.252189012955569,27.19218901295557
166.72,216.23126493503332,-49.511264935033324
24.816,-2.114849595990563,26.930849595990562
124.36,140.28331191011216,-15.923311910112162
599.97,508.14529203588484,91.82470796411519
198.744,192.22996793774018,6.514032062259815
9.184,-58.79793398744323,67.98193398744323
9.248,-71.08758467970847,80.33558467970848
99.592,199.65748208134755,-100.06548208134755
399.96,393.8298831718512,6.1301168281488
15.552,-17.916704656895718,33.46870465689572
14.576,-59.3111021102477,73.8871021102477
209.6,214.78904600179771,-5.1890460017977205
23.32,-60.13930594076737,83.45930594076736
30.98,-53.83524046617799,84.815240466178
119.96,113.35433071883722,6.6056692811627755
363.92,296.6176293304029,67.30237066959711
35.808,-11.805769155562302,47.6137691555623
122.688,319.19561452868606,-196.50761452868608
892.136,635.9657806921632,256.17021930783676
50.22,14.532480153125562,35.68751984687444
83.42,45.4513763914606,37.9686236085394
5.872,-95.86513436559608,101.73713436559608
12.144,-23.531670642393692,35.67567064239369
27.792,1.7953397146075076,25.996660285392494
6.208,-59.65352914840378,65.86152914840378
32.67,2.280000212884943,30.38999978711506
1261.33,886.1113854366126,375.2186145633873
38.88,143.16542517585776,-104.28542517585777
1.964,-9.438482597277016,11.402482597277016
82.656,325.6357814236942,-242.9797814236942
5.98,-130.9201021478923,136.90010214789228
9.248,-83.75767767722618,93.00567767722619
4.448,-64.64429477831482,69.09229477831482
5.184,-119.02351575281955,124.20751575281955
175.92,205.3641141080659,-29.444114108065918
4.752,93.78100758883465,-89.02900758883466
13.344,-50.88864165329028,64.23264165329027
54.9,120.36817115514827,-65.46817115514827
22.911,217.64158339456412,-194.73058339456412
309.456,416.1383785789485,-106.68237857894849
19.456,38.56735789120785,-19.11135789120785
472.518,465.3943660698626,7.123633930137373
1012.68,1206.807707501774,-194.12770750177413
17.22,114.58376612912298,-97.36376612912298
3.52,-97.13207573562636,100.65207573562635
1626.192,931.4702243644026,694.7217756355974
8.595,109.5440186777023,-100.9490186777023
190.896,233.58910260461448,-42.693102604614495
99.87,74.31112972736469,25.558870272635318
79.36,94.35515528610858,-14.995155286108584
119.96,266.39294165412343,-146.43294165412345
106.32,60.33209965937908,45.98790034062091
163.44,158.32814325860386,5.111856741396139
42.76,-11.64812883045579,54.40812883045579
51.55,103.31438470486182,-51.764384704861826
479.952,417.7798922711015,62.17210772889848
146.688,213.03475729961883,-66.34675729961884
276.784,401.06879770792875,-124.28479770792876
25.32,78.54334401707274,-53.22334401707274
318.96,448.25784166847916,-129.29784166847918
212.64,275.9059235653817,-63.26592356538174
23.472,-38.95522836343116,62.42722836343116
19.648,-85.26636779832234,104.91436779832233
6.57,10.953595800342555,-4.383595800342555
421.1,658.0066785325452,-236.90667853254513
760.116,543.2120617313989,216.9039382686011
38.784,16.805636136803287,21.978363863196712
122.328,335.4685603760777,-213.14056037607767
25.98,-28.041600514937727,54.02160051493773
3.28,-82.90238078835955,86.18238078835955
459.88,422.0769110310621,37.803088968937914
7.76,-68.66657874514772,76.42657874514772
71.96,45.66847863675707,26.29152136324292
54.9,116.11093438000717,-61.21093438000717
9.28,-72.26973269456425,81.54973269456426
1685.88,1180.8782316682614,505.00176833173873
5.728,-91.5709515338699,97.2989515338699
61.96,32.50129212034153,29.45870787965847
1.344,-124.91514161873124,126.25914161873123
17.94,-19.635269209473336,37.57526920947333
13.904,-55.75755076352175,69.66155076352175
67.194,118.77697825466203,-51.582978254662024
41.86,207.19098519804425,-165.33098519804423
141.96,179.54666688069483,-37.58666688069482
10.02,-21.530859965386753,31.550859965386753
144.12,150.286347314737,-6.166347314736981
17.94,-24.45016522920173,42.39016522920173
13.89,-26.508930919422255,40.398930919422256
16.45,75.5473152569109,-59.0973152569109
19.92,34.69606101892532,-14.776061018925319
35.168,56.784826846705755,-21.616826846705756
123.088,255.11700249035425,-132.02900249035426
257.94,272.35240125474365,-14.412401254743656
1879.96,1795.0175597268117,84.94244027318837
27.46,-41.468441372579264,68.92844137257927
89.98,71.02642435123585,18.953575648764158
828.6,977.3241960812876,-148.72419608128757
7.23,112.21056300501641,-104.9805630050164
17.44,-46.750698872667726,64.19069887266772
62.88,95.57429291787753,-32.694292917877526
290.352,295.0514950466654,-4.699495046665447
113.52,111.7631631283,1.7568368717000027
135.3,168.68100941817306,-33.38100941817305
111.15,174.27718931565892,-63.12718931565891
776.85,549.6878623208964,227.16213767910358
12.294,-62.435362887560586,74.72936288756058
154.764,139.31991421959924,15.44408578040077
43.28,20.55048351049959,22.729516489500412
92.94,80.22069454266239,12.719305457337612
52.56,31.944308460263755,20.615691539736247
971.88,1108.7677301047352,-136.88773010473517
141.96,159.38376020280612,-17.423760202806108
182.55,207.2589534091387,-24.7089534091387
88.768,72.40910718444889,16.358892815551116
53.088,252.48048700145796,-199.39248700145797
275.88,295.41706793466483,-19.537067934664833
157.9,190.66517101403156,-32.76517101403155
4.91,-123.62550975653107,128.53550975653107
87.92,94.670633796331,-6.750633796331002
5.98,-130.27037558005668,136.25037558005667
222.384,289.6349218496973,-67.25092184969733
16.0,18.83794352725249,-2.8379435272524915
21.84,-3.062329242407941,24.90232924240794
15.6,77.66488970626688,-62.064889706266875
247.84,337.6572174610767,-89.8172174610767
9.912,-28.044440932316093,37.95644093231609
69.52,35.93186875233437,33.58813124766563
11.52,24.336499293917996,-12.816499293917996
717.72,800.2961152208605,-82.57611522086052
236.5,432.34027642871024,-195.84027642871024
170.352,168.88442200108034,1.4675779989196656
145.764,173.9487540779121,-28.18475407791209
107.97,87.54052440170244,20.429475598297557
143.96,178.4597498783594,-34.49974987835938
2399.96,1896.2233671664303,503.73663283356973
74.352,59.4787126976812,14.8732873023188
87.168,296.22335664391835,-209.05535664391834
32.232,13.618505426544743,18.613494573455256
2.202,-42.606070800896305,44.8080708008963
9.396,16.8837346282412,-7.487734628241199
89.97,75.21626319844495,14.75373680155505
12.78,-40.107088215888325,52.887088215888326
40.0,-5.445444975753844,45.445444975753844
23.24,78.13614478327054,-54.89614478327054
908.82,690.4370849864839,218.38291501351614
5.552,-51.50472479463451,57.05672479463451
8.016,-14.223026672328615,22.239026672328613
74.592,100.93203580302315,-26.340035803023156
16.784,3.9672626072256207,12.816737392774378
38.864,131.82716601430343,-92.96316601430343
203.976,197.211722279912,6.764277720087989
674.352,723.0758189550446,-48.723818955044635
5.388,45.30233307028925,-39.91433307028925
30.976,229.39210362413814,-198.41610362413815
1350.12,930.3340127191376,419.7859872808623
15.92,9.067538082630108,6.852461917369892
19.54,-42.870400119027636,62.410400119027635
21.4,82.6106699060208,-61.210669906020804
12.6,-72.32638123342736,84.92638123342735
11.96,-60.79654484526077,72.75654484526078
138.0,159.39096564319084,-21.39096564319084
116.76,263.2529203588574,-146.49292035885742
331.023,309.86527264379447,21.157727356205555
756.8,616.6784698819605,140.12153011803946
8.736,13.03278360180002,-4.296783601800019
6.08,-71.54341406474555,77.62341406474555
17.46,-60.81450270946516,78.27450270946517
369.16,514.430542211637,-145.27054221163695
2.912,-96.76798003162048,99.67998003162049
20.736,25.330220373805787,-4.594220373805786
9.568,-85.63118130777457,95.19918130777457
30.18,1.567463336777564,28.612536663222436
51.648,457.3084049225156,-405.66040492251557
11.232,-22.164536169256053,33.39653616925605
14.73,-28.433876316488522,43.163876316488526
16.4,81.2143425492759,-64.81434254927589
25.92,31.6827550818864,-5.762755081886397
8.82,-39.39933204914769,48.21933204914769
62.496,9.402759154693968,53.093240845306035
339.96,327.6429818859481,12.317018114051905
49.568,-15.537731003078989,65.10573100307899
274.491,230.6898902179846,43.801109782015374
137.94,137.80554191728243,0.13445808271757187
40.68,14.597880034220452,26.082119965779547
110.376,94.19640473399431,16.17959526600569
151.62,261.6330840296389,-110.01308402963889
30.8,44.90240705192696,-14.102407051926956
123.92,167.60607325162755,-43.68607325162755
1319.8,1039.550304516642,280.249695483358
89.712,170.66574426403236,-80.95374426403235
22.83,-21.966370675207372,44.79637067520737
30.88,-59.5022859723299,90.3822859723299
465.16,725.3790819388265,-260.2190819388265
27.12,19.11461760617999,8.00538239382001
113.6,288.6711331540473,-175.07113315404732
12.96,-72.29297706512057,85.25297706512058
69.456,31.847158732032312,37.60884126796769
8.64,-33.738446950915204,42.378446950915205
341.991,278.28390112915645,63.70709887084354
43.96,202.12015334552734,-158.16015334552733
39.76,162.90831994153768,-123.1483199415377
66.36,202.7407091557293,-136.38070915572928
92.88,172.7177717030836,-79.8377717030836
24.14,-53.14734183197902,77.28734183197902
4416.174,1723.342612123533,2692.831387876467
49.56,188.84777168232313,-139.28777168232313
354.9,315.68174637874813,39.21825362125185
15.12,-14.284189630777519,29.404189630777516
302.45,241.05390110831422,61.39609889168577
44.672,263.07013649184773,-218.39813649184774
119.98,121.13813437894396,-1.1581343789439558
989.97,1207.1008458221986,-217.13084582219858
9.216,26.616913077634308,-17.400913077634307
68.52,48.675280191844195,19.8447198081558
364.74,423.0699987094076,-58.32999870940762
47.4,114.32925126455461,-66.92925126455461
49.76,74.2586666911584,-24.498666691158398
5.56,-69.44650202243088,75.00650202243088
629.1,585.100685775346,43.99931422465397
14.7,92.04312048721249,-77.34312048721249
45.36,206.17879641176341,-160.8187964117634
125.99,305.0903650766297,-179.1003650766297
14.7,178.40030583073803,-163.70030583073805
32.7,113.03778691295747,-80.33778691295747
31.68,54.305494771433814,-22.625494771433814
181.86,290.5571705130699,-108.69717051306986
155.372,185.96792860587175,-30.595928605871734
13.428,14.410563861359833,-0.9825638613598322
67.136,83.11047399147355,-15.974473991473559
89.568,73.93836333186846,15.629636668131539
315.776,384.22243811472526,-68.44643811472525
273.666,383.0883525319032,-109.42235253190319
17.48,33.601731382007756,-16.121731382007756
20.608,-31.52656747582887,52.134567475828874
4.095,7.584645059466311,-3.4896450594663113
339.96,320.82050967743317,19.139490322566814
63.98,215.73118859356555,-151.75118859356556
799.92,680.6997136822492,119.22028631775072
35.984,-27.314660569339594,63.298660569339596
389.97,437.4216782430078,-47.45167824300779
185.528,266.7438795228611,-81.21587952286112
2541.98,4633.288831369537,-2091.3088313695366
599.985,342.1680410765059,257.8169589234941
3.036,37.142467475822286,-34.106467475822285
25.92,92.96537193373524,-67.04537193373524
66.112,34.79886670262317,31.313133297376822
46.36,56.84787623774764,-10.487876237747642
6.9,-102.50243126634905,109.40243126634905
57.69,39.09949041468258,18.59050958531742
559.71,576.8066215732762,-17.09662157327614
305.01,409.1036305286109,-104.0936305286109
50.784,-11.287940461145581,62.07194046114558
26.01,274.3978010264009,-248.3878010264009
649.0,941.8796894554106,-292.8796894554106
59.99,207.78870080071488,-147.79870080071487
20.24,-62.03427123677102,82.27427123677101
37.84,-20.405667895789293,58.245667895789296
5.472,120.48255130655639,-115.0105513065564
77.24,132.60768672480685,-55.36768672480686
292.1,228.64531267981874,63.45468732018128
8.544,-38.298325022667996,46.84232502266799
424.116,357.68469768218824,66.43130231781174
2.892,29.841101960166043,-26.949101960166043
381.72,310.80508289548357,70.91491710451646
97.184,78.68086544275025,18.50313455724975
10.368,-78.19100464838516,88.55900464838516
890.841,936.913221507457,-46.072221507457016
72.0,76.77092235324085,-4.770922353240849
113.888,106.65740409901241,7.230595900987595
158.13,154.9386083438701,3.1913916561298947
14.13,-10.61909679071914,24.749096790719143
64.75,116.73944945793414,-51.98944945793414
1.872,-53.32483485989337,55.19683485989337
11.214,-32.94361543377818,44.157615433778176
37.376,247.90237339544115,-210.52637339544114
286.4,834.7851975329809,-548.3851975329809
43.92,17.727485552867165,26.192514447132837
142.182,349.0170897276307,-206.83508972763073
19.608,-4.665909696282824,24.273909696282825
4.158,222.09415597052134,-217.93615597052136
979.95,828.6330911373212,151.31690886267882
135.3,179.63514273754936,-44.33514273754935
8.904,-34.62946924087146,43.533469240871455
100.8,81.16408397202372,19.63591602797628
41.96,-15.251977847484568,57.21197784748457
9.45,-36.31914537412763,45.76914537412763
400.8,393.5563465254161,7.243653474583937
28.792,-32.62424876669161,61.41624876669161
111.0,109.80195796050361,1.1980420394963858
1279.968,1240.5210413192824,39.44695868071767
1856.19,1184.5493602399476,671.6406397600524
22.752,143.67617735170643,-120.92417735170643
61.542,88.82939301296051,-27.287393012960507
81.438,237.8660383243548,-156.42803832435482
67.36,36.0553109518612,31.304689048138798
54.528,31.874246143222535,22.653753856777463
843.9,1467.4146156311003,-623.5146156311004
449.568,706.1629097495994,-256.5949097495994
15.51,-95.0317026786197,110.5417026786197
192.186,200.07555903089315,-7.889559030893139
5.76,-79.69550733146048,85.45550733146048
67.88,36.294102622200626,31.58589737779937
162.89,550.3184001850476,-387.4284001850476
25.71,-3.271947276432684,28.981947276432685
191.88,250.26839134948273,-58.38839134948273
721.875,412.5562902144204,309.3187097855796
73.568,89.02033142422579,-15.45233142422579
13.584,-88.07459258247695,101.65859258247696
64.784,92.3098307366522,-27.525830736652196
176.772,114.13927222003053,62.63272777996946
38.82,145.50629820081804,-106.68629820081804
21.9,86.73329890866171,-64.8332989086617
111.79,237.37979447966904,-125.58979447966904
445.44,394.8564432397775,50.58355676022251
16.52,88.76272094510728,-72.24272094510728
29.9,84.54153186224289,-54.64153186224289
116.4,288.96841443816743,-172.56841443816742
1.408,-132.25474704796738,133.66274704796737
169.568,206.08180473693164,-36.51380473693163
251.964,274.17640204688564,-22.212402046885643
523.764,520.4408817685886,3.3231182314113994
19.44,-30.18262254318688,49.62262254318688
194.352,175.78150983482305,18.57049016517695
36.624,-10.760772535393244,47.384772535393246
340.182,347.7899298370048,-7.607929837004804
12.672,249.04377715274654,-236.37177715274655
6.888,-28.910560638941433,35.79856063894143
32.544,-6.689192501414254,39.23319250141425
347.802,351.95899508481875,-4.156995084818732
15.57,6.139697703323918,9.430302296676082
4.608,-80.38898103828433,84.99698103828433
257.98,372.02134860776687,-114.04134860776685
153.78,434.43566722177684,-280.65566722177687
61.02,28.32243732533152,32.69756267466848
110.11,227.37917052376588,-117.26917052376588
7.89,-163.7254192491564,171.6154192491564
36.024,3.654082489851362,32.36991751014864
54.336,55.13659063298314,-0.8005906329831447
92.52,195.1211122627533,-102.60111226275329
10.272,-17.873869030692276,28.145869030692275
40.74,23.993262765824284,16.74673723417572
14.4,76.97274688864695,-62.572746888646954
149.95,190.11840299653022,-40.16840299653023
16.9,-55.60583541656865,72.50583541656866
17.61,-17.860761545329524,35.47076154532952
378.0,597.9776864365392,-219.97768643653922
17.64,-20.485332611268177,38.12533261126818
373.08,368.46550014653326,4.614499853466725
1336.44,1007.5942053811369,328.8457946188631
29.97,10.429276321383668,19.54072367861633
390.368,598.0534444730027,-207.68544447300275
101.52,160.35859264439978,-58.83859264439978
74.352,55.88963870630914,18.46236129369086
15.7,70.14149338076959,-54.441493380769586
59.52,30.431988924578945,29.088011075421058
34.4,83.15755134143774,-48.75755134143774
313.176,429.6191999854466,-116.4431999854466
866.646,1010.6581526793291,-144.01215267932912
795.408,600.9641393890581,194.4438606109419
35.856,285.3117250824628,-249.45572508246278
23.84,37.89715976855723,-14.05715976855723
43.13,20.033826034640697,23.096173965359306
30.87,196.8580415389008,-165.9880415389008
70.12,82.35138323231581,-12.231383232315807
509.9575,429.0251808333435,80.9323191666565
122.91,110.38998954363387,12.520010456366123
97.568,81.28641579470604,16.281584205293953
722.352,804.8937598031127,-82.54175980311277
11.52,55.23071135318014,-43.710711353180145
167.84,313.13267397903087,-145.29267397903087
172.11,447.35461693431125,-275.24461693431124
99.98,87.14553934037849,12.834460659621513
156.792,409.4592235196251,-252.66722351962508
35.36,-10.964098636530935,46.324098636530934
13.592,-70.92080063991625,84.51280063991625
386.68,566.926298087079,-180.24629808707897
379.96,345.8149993639249,34.14500063607505
539.91,546.155970183594,-6.245970183594068
41.24,99.35567038715021,-58.11567038715021
51.897,57.98473594086204,-6.087735940862039
552.56,407.88699109205027,144.67300890794968
23.16,110.64753579801186,-87.48753579801186
126.08,135.05310205336013,-8.973102053360137
449.1,303.7286657847517,145.37133421524834
195.104,198.76345930021535,-3.6594593002153317
36.672,16.487694825406834,20.184305174593163
85.246,67.2833124813751,17.96268751862489
32.712,5.9756361701188325,26.73636382988117
11.43,-28.707654721990366,40.137654721990366
30.44,-40.1202470289752,70.5602470289752
12.96,-69.46911906831292,82.42911906831293
16.0,30.278149249871603,-14.278149249871603
32.67,5.26731657718301,27.40268342281699
4.464,-13.89067650068273,18.35467650068273
9.345,104.63501464805609,-95.29001464805609
9.144,-30.00519993355624,39.14919993355624
23.136,130.9605970493419,-107.82459704934192
99.2,145.87045419840297,-46.670454198402965
21.36,89.9648657292787,-68.6048657292787
46.9,113.684788723677,-66.784788723677
18.72,72.38050458715838,-53.660504587158385
236.528,314.541071157357,-78.01307115735702
18.9,-24.15248185635005,43.05248185635005
10.688,-74.08675625478668,84.77475625478668
237.096,244.53331450928158,-7.437314509281578
5.184,-139.2731430721683,144.4571430721683
65.584,11.90353332719178,53.68046667280822
22.2,-27.019867020711217,49.21986702071122
419.4,389.9086558098036,29.4913441901964
88.92,138.3821416302926,-49.46214163029261
9.912,-23.624955810755637,33.536955810755636
318.43,273.8821094293612,44.5478905706388
5.8,151.6890970084064,-145.8890970084064
1415.76,957.7103808278861,458.0496191721139
148.48,166.65987485857477,-18.179874858574777
9.248,24.49290985990615,-15.24490985990615
1036.624,1682.5239889467462,-645.8999889467461
569.64,926.9184422285783,-357.27844222857834
9.14,-116.77367362415134,125.91367362415134
1196.86,803.0765383022695,393.78346169773044
523.26,526.2451631081607,-2.985163108160691
639.968,621.730743551867,18.23725644813294
52.76,-36.50495476619676,89.26495476619675
538.92,524.4489551269999,14.471044873000096
14.88,-61.06451159609787,75.94451159609787
34.24,239.25424629268514,-205.01424629268513
261.74,378.17859914655423,-116.43859914655422
87.84,262.04265644610336,-174.20265644610336
34.92,43.37008108989335,-8.450081089893345
14.94,-46.96647759709276,61.90647759709276
14.56,-58.86594678624351,73.42594678624351
3.576,67.74035483028183,-64.16435483028184
147.184,172.90270335016703,-25.718703350167033
1499.95,1235.2481581926825,264.7018418073176
13.568,24.804461495194346,-11.236461495194346
2573.82,1506.2185601384144,1067.6014398615857
609.98,1021.1480479816237,-411.16804798162366
5.48,-83.02065114219363,88.50065114219363
391.98,603.9466331901848,-211.96663319018478
755.96,720.3400952158978,35.61990478410223
31.12,51.03978025404763,-19.919780254047627
6.54,-126.5314851066496,133.0714851066496
12.78,-115.08799471638008,127.86799471638008
18.464,39.31510764638688,-20.85110764638688
445.802,371.4470207144452,74.3549792855548
2.48,-138.6509803953213,141.1309803953213
25.9,85.89369150614539,-59.99369150614539
29.9,89.75693063984204,-59.85693063984204
2249.91,1311.9243569452358,937.9856430547641
1053.164,879.7785088404494,173.3854911595506
12.96,-77.97406323629411,90.93406323629412
106.68,192.05197140303449,-85.37197140303448
119.94,198.72679993149154,-78.78679993149154
10.272,-16.751564372498933,27.02356437249893
512.19,414.67877172252975,97.51122827747031
1.556,35.56934619308504,-34.01334619308504
4.448,-86.41854537996255,90.86654537996256
276.69,295.5304135395238,-18.84041353952381
4.96,13.088407263520367,-8.128407263520366
71.92,82.33728996144873,-10.41728996144873
18.84,-17.36954990119807,36.20954990119807
140.97,133.38715627976148,7.582843720238515
470.376,511.715783128976,-41.33978312897602
6.08,-91.26351851362097,97.34351851362096
164.792,416.2654378466325,-251.4734378466325
23.36,-85.2423680664242,108.6023680664242
12.176,86.5853335698207,-74.4093335698207
46.384,-4.225317353890887,50.60931735389089
362.92,553.3378008492405,-190.41780084924045
9.248,-72.65841388048398,81.90641388048398
1889.946,865.9256033395485,1024.0203966604513
62.04,119.83401572687353,-57.79401572687353
396.92,385.44676468640114,11.473235313598877
239.456,302.06295247589196,-62.60695247589197
13.12,79.1776219920796,-66.05762199207959
29.36,-50.606960785514275,79.96696078551427
214.9,232.45921066021606,-17.559210660216053
15.92,16.488567767136374,-0.5685677671363738
146.45,176.3680299073469,-29.91802990734692
15.14,-85.38737986951378,100.52737986951378
5.76,-89.39352346090345,95.15352346090346
1399.98,2480.9654665582625,-1080.9854665582625
8.952,-30.421141627606175,39.373141627606174
8.856,164.87445725667385,-156.01845725667386
85.246,70.46516953862442,14.780830461375572
21.728,193.16034791450852,-171.4323479145085
1487.04,1137.5655674448235,349.47443255517646
71.88,126.36260751559598,-54.48260751559599
9.24,-33.28453845583408,42.52453845583408
35.88,132.2897588839462,-96.40975888394621
17.04,-25.834408673405733,42.87440867340573
931.176,1110.8528480260281,-179.6768480260281
266.352,261.3147893060293,5.037210693970678
483.136,439.287268125099,43.848731874901034
196.784,248.44198391096506,-51.65798391096507
231.92,239.19555835383358,-7.275558353833588
29.7,1.3723914134568531,28.327608586543146
13.592,-10.739813312111437,24.331813312111436
70.88,29.02524347226563,41.85475652773437
114.288,246.8221487657322,-132.5341487657322
36.624,258.6706637274983,-222.04666372749833
242.352,263.2082766920191,-20.856276692019122
49.616,-1.5958965515349064,51.211896551534906
508.704,411.19281800395606,97.51118199604394
57.36,162.9217761993766,-105.56177619937661
906.68,704.1898536501159,202.49014634988407
719.952,567.3260340798805,152.62596592011948
755.944,576.2143681672926,179.72963183270735
11.98,151.38077926990104,-139.40077926990105
0.898,-61.26113440707263,62.159134407072635
21.204,13.925046885070515,7.278953114929486
34.74,8.751107823934262,25.98889217606574
833.94,673.3699476067244,160.57005239327566
12.96,-16.16059588137705,29.12059588137705
25.92,43.72906471458441,-17.80906471458441
349.965,303.6782383298082,46.286761670191765
22.32,91.51305933925755,-69.19305933925756
158.28,227.72110605415378,-69.44110605415378
497.94,594.9609124448482,-97.0209124448482
533.94,622.0470328425032,-88.10703284250314
167.94,177.6530760009257,-9.713076000925696
31.68,145.71000657055515,-114.03000657055514
170.786,443.63923498505073,-272.85323498505073
198.744,192.40446826768334,6.339531732316658
63.824,9.554989451387883,54.269010548612115
435.168,387.7019150274514,47.46608497254863
48.58,38.144881669812776,10.435118330187223
47.976,20.842229020975992,27.133770979024007
20.736,31.515202551513084,-10.779202551513084
26.46,283.9453065320181,-257.4853065320181
49.12,57.94186195527959,-8.821861955279594
15.0,-28.917956282961768,43.91795628296177
194.7,225.08328666168404,-30.383286661684053
591.32,572.0418196834769,19.278180316523162
2.84,-116.69527753156194,119.53527753156195
221.96,296.39368804901164,-74.43368804901164
236.0,232.78458727010138,3.215412729898617
41.94,-5.501576692077151,47.44157669207715
52.792,53.5641338783505,-0.7721338783505018
563.94,636.0035679925423,-72.06356799254229
2625.12,1603.4306110332195,1021.6893889667804
17.94,-7.535477804912716,25.475477804912718
422.856,453.1079644527231,-30.251964452723087
127.764,143.9818903690291,-16.217890369029092
3499.93,2198.9572553735743,1300.9727446264255
14.4,86.63478982769357,-72.23478982769356
122.97,124.89299730814696,-1.922997308146961
9.32,36.75107887467266,-27.431078874672657
122.94,121.66313759225704,1.2768624077429536
17.31,-12.571956762749096,29.881956762749095
128.744,249.05418664849458,-120.31018664849458
58.248,314.9595896524768,-256.7115896524768
71.246,53.145284632883886,18.10071536711611
7.872,-11.242322628217607,19.114322628217607
887.271,956.6467044440359,-69.37570444403593
146.86,255.83236269660347,-108.97236269660345
36.56,40.5761769060598,-4.016176906059798
225.576,226.05311619822442,-0.4771161982244223
5.248,-58.83533589552417,64.08333589552417
38.256,28.52922057300998,9.72677942699002
40.24,110.33608786253626,-70.09608786253625
29.925,134.7135409724035,-104.78854097240351
148.704,230.85547374024918,-82.15147374024917
55.92,364.70509383516855,-308.78509383516854
12.96,-65.8217161776995,78.78171617769951
25.176,43.11731402088208,-17.94131402088208
5.584,-56.329645197385844,61.91364519738585
1297.368,802.4615023498601,494.90649765013984
264.32,371.24379294384994,-106.92379294384995
25.92,27.953403688447224,-2.0334036884472226
22.96,182.27484675517894,-159.31484675517893
19.44,-31.16400702529654,50.60400702529654
9.54,-90.77237812417434,100.31237812417433
5.81,-134.22092388931424,140.03092388931424
5.76,-91.33213708202697,97.09213708202698
14.91,-15.688156582461033,30.598156582461034
6.642,319.3580931845431,-312.7160931845431
18.54,-55.23129957110268,73.77129957110267
679.96,609.8732625020791,70.08673749792092
189.576,500.7663991333362,-311.1903991333362
71.96,117.84771096377108,-45.887710963771084
539.92,458.22564066621317,81.69435933378679
725.344,655.3820804164706,69.9619195835295
7.44,-37.59529845739803,45.03529845739803
39.48,-0.23011022430705452,39.71011022430705
850.5,727.5995366895842,122.90046331041583
75.33,310.97095668040856,-235.64095668040858
325.632,319.21067781204374,6.421322187956264
23.344,-41.36257938509675,64.70657938509675
16.52,78.58338806093457,-62.06338806093457
335.72,332.61214748223506,3.107852517764968
251.944,321.9046639871517,-69.96066398715172
127.302,245.59473270032368,-118.29273270032367
1207.84,847.4258820873706,360.4141179126293
12.53,-102.89251282196096,115.42251282196096
34.58,-17.756095247108988,52.336095247108986
300.98,903.9564069038859,-602.9764069038858
258.75,282.8068824249492,-24.056882424949208
59.52,30.328148330310796,29.191851669689207
57.96,165.32556552461847,-107.36556552461846
441.96,691.3157980071733,-249.3557980071733
68.04,126.0552418311861,-58.01524183118609
703.71,229.6201134271596,474.08988657284044
17.904,53.30741007931101,-35.403410079311016
11.976,50.106497213187595,-38.130497213187596
67.96,111.61068866963979,-43.65068866963979
892.224,1000.0223196595459,-107.79831965954588
1299.99,1926.6444049716993,-626.6544049716993
4.544,-95.26448672799097,99.80848672799097
1352.032,1183.8859126698667,168.14608733013324
1548.99,724.1189142983078,824.8710857016922
19.872,-37.072758045873115,56.944758045873115
119.448,100.3904757662981,19.057524233701898
118.16,113.86360135765176,4.296398642348237
19.56,35.652915986918515,-16.092915986918516
80.96,99.10391088515007,-18.143910885150078
25.92,38.57937202654648,-12.659372026546478
106.96,92.58751034026022,14.37248965973977
187.76,187.76262326124584,-0.0026232612458443327
76.776,97.63909337167843,-20.86309337167843
53.9,96.7025492989826,-42.802549298982605
76.728,75.79539242861438,0.932607571385617
10.43,257.5897927379208,-247.15979273792078
99.2,138.79535353052756,-39.59535353052756
15.92,89.84760202848838,-73.92760202848838
129.92,142.55728580741948,-12.637285807419488
30.4,-41.06218792751997,71.46218792751998
5399.91,3229.124922694642,2170.785077305358
119.1,118.90376447305312,0.19623552694687874
40.08,140.08477856831973,-100.00477856831974
59.94,29.562657121246502,30.377342878753495
259.98,374.4458801463495,-114.46588014634949
170.98,449.8002691582269,-278.8202691582269
38.97,16.39161818057869,22.57838181942131
154.9,191.14019593412104,-36.24019593412103
446.068,402.3709141416082,43.6970858583918
152.94,141.86680804539924,11.073191954600759
23.472,-7.685471675468307,31.157471675468308
195.64,222.81035964359035,-27.17035964359036
14.94,-8.86773921929057,23.807739219290568
1687.8,1711.2036025591826,-23.403602559182673
341.96,534.6697331195834,-192.7097331195834
605.88,531.6730904531076,74.20690954689235
186.732,500.57373034884984,-313.84173034884986
3812.97,4909.945768089687,-1096.9757680896869
26.424,295.4632544559354,-269.0392544559354
625.99,2037.22763883982,-1411.23763883982
1568.61,985.6225528680013,582.9874471319986
17.3,-86.71676306744848,104.01676306744848
160.0,316.13670270030275,-156.13670270030275
179.94,185.91695882039653,-5.976958820396533
872.94,1005.7582890862013,-132.81828908620128
12.96,-71.82682819011825,84.78682819011826
88.8,178.25402363096669,-89.45402363096669
319.968,307.38609817166025,12.581901828339767
167.888,272.1327984219945,-104.24479842199449
163.96,191.8092288962248,-27.849228896224787
5.232,85.16193148940829,-79.92993148940829
1199.98,2093.0285562587255,-893.0485562587255
73.85,117.67738088450551,-43.827380884505516
25.71,-6.155647131008664,31.865647131008664
17.28,125.77776929920424,-108.49776929920424
526.582,788.6465368087614,-262.06453680876143
11.56,-67.69922428433733,79.25922428433734
209.97,224.6894477360529,-14.7194477360529
447.84,439.6338645388239,8.206135461176075
479.97,563.5792167723899,-83.60921677238991
8.64,-19.017859057856185,27.657859057856186
11.68,-60.66760693814899,72.347606938149
40.776,31.16775708570458,9.608242914295424
13.698,22.395654094770634,-8.697654094770634
87.8,128.81509584919195,-41.01509584919195
77.952,61.510760574013375,16.441239425986623
147.184,165.49279213106706,-18.308792131067065
47.952,24.645746056464304,23.306253943535694
250.26,280.22029908374134,-29.960299083741347
40.776,27.254443660261813,13.52155633973819
29.6,84.35463738483736,-54.75463738483736
1.938,-55.9352818367629,57.8732818367629
159.96,163.04130591975445,-3.081305919754442
59.52,39.51706750344738,20.002932496552624
17.48,-63.43052379254982,80.91052379254982
13.168,-64.34581858824299,77.513818588243
40.74,10.69316345818038,30.046836541819623
179.886,481.1391493458692,-301.25314934586925
286.256,841.945386322115,-555.6893863221151
24.224,-25.11537838501249,49.339378385012495
331.536,328.910723965309,2.6252760346910122
17.52,-14.909899166771083,32.42989916677108
17.856,43.7122716713493,-25.856271671349297
431.976,441.85539203458234,-9.879392034582338
291.136,273.3884258714802,17.74757412851983
114.848,125.65914994915192,-10.811149949151925
10.688,-66.40402464179738,77.09202464179738
15.232,34.25030829505022,-19.01830829505022
12.42,-14.197767204156662,26.617767204156664
19.44,-6.618639918234976,26.058639918234977
70.368,89.45077381583792,-19.082773815837925
12.672,287.6360017191753,-274.96400171917526
89.95,137.7091128543807,-47.75911285438069
6.58,-79.2526946817236,85.8326946817236
94.99,191.11266129790693,-96.12266129790693
35.12,-31.76353159492851,66.88353159492851
25.92,34.86240681378945,-8.942406813789447
7.96,-83.24502520204669,91.20502520204668
566.97,652.9503923514003,-85.98039235140027
9.84,-27.108904175360976,36.94890417536098
25.488,-40.45817771285624,65.94617771285624
7.56,138.7337242139463,-131.1737242139463
60.84,48.31671107652869,12.523288923471313
450.04,699.0469207032809,-249.00692070328085
34.6,-25.765781140397166,60.36578114039717
467.97,543.0735899933023,-75.10358999330231
33.02,-27.912666628711804,60.93266662871181
17.088,-47.039735961911674,64.12773596191167
3.008,-74.98968885538898,77.99768885538897
268.24,340.474002006094,-72.23400200609399
431.16,400.68952320580206,30.470476794197964
43.6,52.76706759721401,-9.167067597214007
154.95,153.50767571277493,1.4423242872250626
15.552,-10.751262491997068,26.303262491997067
42.208,-6.957968776415555,49.16596877641555
10.368,-69.2090381743933,79.5770381743933
2.224,-133.52552034837663,135.74952034837662
74.52,272.8223982975737,-198.30239829757375
17.52,-31.0174282738883,48.537428273888295
1779.9,1393.9361170736215,385.9638829263786
219.9,226.0058801565831,-6.105880156583083
7.152,-18.230067718532382,25.382067718532383
26.72,89.59944590747455,-62.87944590747455
1039.728,1686.5805048639731,-646.8525048639731
45.96,-20.318116695801564,66.27811669580157
456.588,615.4135824850613,-158.82558248506126
4499.985,791.1107352684021,3708.8742647315976
59.976,53.27543339531371,6.700566604686287
6.12,-49.95331559139572,56.07331559139572
10.98,-106.34860715687,117.32860715687
7.86,-62.40666887185944,70.26666887185944
51.45,25.906682330934927,25.543317669065075
37.056,3.656292821256102,33.399707178743895
203.92,215.29249587838535,-11.372495878385365
29.56,52.895267443221655,-23.335267443221657
8.568,38.29086823219109,-29.72286823219109
45.248,-5.789565124004639,51.03756512400464
876.3,546.5948105649159,329.7051894350841
185.376,227.31028273782317,-41.93428273782317
25.06,-38.41419887241955,63.47419887241955
2.89,-66.78640300147049,69.67640300147049
7.896,-38.13787174479626,46.03387174479626
22.608,0.17782103831177665,22.430178961688224
30.528,230.50173267864125,-199.97373267864126
4.842,6.983708705865183,-2.1417087058651836
1.8,138.18617440175854,-136.38617440175852
39.984,-12.088109912464688,52.07210991246469
32.4,88.1732492203771,-55.7732492203771
97.88,83.65447836100088,14.225521638999112
307.168,296.9368828496504,10.231117150349633
26.9,77.19598015595056,-50.295980155950566
47.01,13.89644842510097,33.11355157489903
469.99,1485.6395026192436,-1015.6495026192435
207.846,204.38388134217212,3.4621186578278866
324.744,324.7926428025701,-0.048642802570043386
40.48,-18.8557859995135,59.3357859995135
12.0,35.35610825315439,-23.35610825315439
720.064,616.8529600156935,103.21103998430647
25.424,-29.2037475140487,54.6277475140487
2.816,-70.13411910256332,72.95011910256332
3.204,-32.30670809758999,35.51070809758999
30.828,222.86541475820513,-192.03741475820513
47.616,28.711786778845863,18.904213221154137
108.784,110.52943323302475,-1.745433233024741
4.77,-142.99347912378607,147.76347912378608
7.98,-36.15695626772981,44.136956267729815
550.431,567.9707134558051,-17.5397134558051
10.56,112.29848553715487,-101.73848553715487
1497.666,2476.8995718386586,-979.2335718386587
17.52,-54.02285137037666,71.54285137037665
113.22,109.34537989512683,3.8746201048731734
35.88,147.24540226801537,-111.36540226801537
4535.976,5647.334899683889,-1111.358899683889
11.84,221.33142257910959,-209.49142257910958
592.74,512.7335226757715,80.00647732422851
111.672,339.8115215606508,-228.13952156065082
8.64,-22.0904847582633,30.7304847582633
149.97,145.46741843505697,4.5025815649430285
232.88,243.0797484753632,-10.199748475363208
90.882,176.25532365487402,-85.37332365487401
508.768,467.20514565592407,41.5628543440759
9.912,-23.12750406499208,33.03950406499208
63.936,47.43988777133859,16.49611222866141
59.52,34.70685111167677,24.813148888323234
311.976,335.7318929921166,-23.755892992116628
50.352,16.839327584705643,33.512672415294354
19.136,-47.62900418653044,66.76500418653043
13.12,79.2641360156847,-66.1441360156847
241.568,321.87547896079536,-80.30747896079535
479.92,736.7200643032569,-256.8000643032569
307.136,297.38653642022587,9.749463579774158
12.6,-58.66901834161308,71.26901834161308
159.98,208.2514345740367,-48.271434574036704
6.12,-37.919912241559814,44.03991224155981
1184.72,1062.817110234563,121.90288976543707
45.96,-2.7259524904102364,48.68595249041024
58.05,34.993644131128576,23.05635586887142
71.28,417.0687779218972,-345.78877792189724
124.404,138.94024128050046,-14.536241280500462
154.9,200.13721450934918,-45.23721450934917
1871.88,1170.2815284043895,701.5984715956106
16.192,-28.460511565235038,44.65251156523504
18.936,4.86447953148695,14.07152046851305
12.672,0.8154717638187776,11.856528236181223
5.04,-77.84125730581991,82.88125730581991
8.448,-76.27401386230736,84.72201386230736
20.388,39.783388673778745,-19.395388673778744
9.96,-78.44390507381172,88.40390507381173
320.64,320.21049894716816,0.4295010528318244
52.0,59.44851302619668,-7.448513026196679
25.584,-46.64917075400945,72.23317075400945
464.0,424.9580612021689,39.04193879783111
235.95,255.40403000497622,-19.454030004976232
39.96,52.917654622040345,-12.957654622040344
18.528,57.10401633016636,-38.57601633016636
17.9,-46.10367654336346,64.00367654336347
81.96,75.52589007536108,6.434109924638918
272.736,261.18562500069993,11.550374999300061
18.496,29.179796641554958,-10.68379664155496
441.92,672.8496319852308,-230.92963198523074
127.764,193.34356209708517,-65.57956209708517
166.44,185.12179765258452,-18.68179765258452
13.38,-70.19347169309572,83.57347169309571
24.0,-31.56144644610322,55.56144644610322
24.448,41.378304608863345,-16.930304608863345
6.16,-88.58118346562946,94.74118346562946
915.136,825.2564357938905,89.87956420610942
8.56,-84.72856733986964,93.28856733986964
97.82,79.81716326328046,18.00283673671953
31.104,145.29419558862037,-114.19019558862037
11.176,-89.22601556410359,100.40201556410359
5.04,-78.94923763699853,83.98923763699854
242.176,172.05188770668997,70.12411229331002
337.176,473.46051317247907,-136.28451317247908
13.344,129.39024460182486,-116.04624460182487
76.752,164.0010051768852,-87.2490051768852
102.336,270.1520170910003,-167.81601709100028
10.32,-80.86865848753041,91.1886584875304
47.32,196.22493123939125,-148.90493123939126
23.376,-22.575910241696192,45.9519102416962
16.72,76.18341395048037,-59.46341395048037
16.192,-91.77940702500405,107.97140702500405
32.4,85.10168778238017,-52.70168778238017
19.89,288.42902854033105,-268.53902854033106
399.98,636.9859518679774,-237.0059518679774
343.85,345.521673772226,-1.6716737722259722
106.32,91.42935000537386,14.89064999462613
13.92,-13.253665761721322,27.173665761721324
82.4,136.639530378259,-54.23953037825899
6.24,-81.44615961909403,87.68615961909403
447.84,494.69844240326813,-46.85844240326816
272.048,327.94262593947724,-55.89462593947724
1614.582,621.7667703813025,992.8152296186976
24.32,60.3636327496215,-36.0436327496215
1.584,-80.10168430795738,81.68568430795739
31.984,-14.507739537248199,46.4917395372482
14.76,86.26722534846363,-71.50722534846362
423.648,657.7992115873918,-234.1512115873918
76.64,56.06016834047773,20.57983165952227
4.464,-153.77440913658302,158.23840913658302
3.96,415.3528101156851,-411.3928101156851
715.64,1173.9354466402215,-458.2954466402215
268.704,276.2443941727795,-7.540394172779486
21.92,232.3560817543646,-210.43608175436458
48.72,17.955048880427512,30.764951119572487
205.666,259.8869006362802,-54.22090063628019
30.344,1.31308120176368,29.03091879823632
25.696,-38.356014469038655,64.05201446903865
3404.5,2959.3316255644686,445.1683744355314
101.34,92.82267115938225,8.51732884061775
344.372,299.39015899416427,44.98184100583575
30.384,-33.776314537492,64.160314537492
22.848,-56.93405198833307,79.78205198833307
38.62,-22.10673051499134,60.72673051499134
59.98,20.225909015645357,39.75409098435464
174.3,175.24766794939387,-0.9476679493938605
383.96,342.1811086804719,41.7788913195281
15.57,11.6139038661845,3.9560961338154996
22.32,33.42853794584266,-11.108537945842663
103.6,234.41795669839144,-130.81795669839144
2.97,-35.8698196504165,38.8398196504165
569.99,1840.8421347174526,-1270.8521347174526
50.97,34.44685379966381,16.523146200336186
298.116,301.5368284449876,-3.420828444987592
59.52,34.46078219398555,25.059217806014452
230.28,248.4483274514539,-18.168327451453905
105.52,157.23813997697312,-51.71813997697312
23.36,-90.08600472252397,113.44600472252397
71.976,47.384545058304184,24.591454941695815
8.56,-84.00346998565578,92.56346998565579
13.92,-28.49487972604902,42.41487972604902
2518.29,1454.9250873397027,1063.3649126602973
540.57,614.9240746033395,-74.35407460333943
221.056,340.36389055228915,-119.30789055228914
81.424,55.63840527521393,25.78559472478608
134.8,379.6040162115587,-244.8040162115587
39.582,349.178150908162,-309.59615090816203
44.688,204.68633235473771,-159.99833235473773
31.744,-16.627123877247186,48.371123877247186
40.98,151.56075265678146,-110.58075265678147
3.168,46.1029531262061,-42.9349531262061
18.84,100.94484585630062,-82.10484585630061
362.25,336.9860413268864,25.26395867311362
63.552,177.9317295609435,-114.3797295609435
129.552,119.86634236177201,9.68565763822798
5.984,-75.26725765581341,81.2512576558134
861.76,838.3483042269954,23.411695773004567
66.96,82.70588784025949,-15.745887840259499
6.24,-91.36697096866442,97.60697096866441
435.168,373.74619195502555,61.421808044974455
14.9,35.81420768874091,-20.91420768874091
15.8,25.319593400155327,-9.519593400155326
72.9,120.17918401465863,-47.279184014658625
206.352,192.30867939681866,14.043320603181343
7.992,-123.16974210420472,131.1617421042047
81.36,132.3422861612628,-50.98228616126279
20.232,265.6025592197493,-245.3705592197493
389.056,363.80956910481655,25.246430895183437
20.736,32.65396880995627,-11.917968809956268
41.472,245.03530160356104,-203.56330160356103
33.36,40.5373267887428,-7.177326788742803
90.882,84.6371664333883,6.244833566611703
15.992,-81.59137962381851,97.58337962381852
120.784,267.1516255668371,-146.3676255668371
519.792,438.49469049614163,81.2973095038584
31.176,18.78036152603795,12.395638473962048
10.368,-68.25247124057864,78.62047124057864
2.724,-41.78065086602828,44.504650866028285
254.352,266.3015930064628,-11.949593006462777
3.762,9.743846368050981,-5.981846368050981
10.272,-17.291510257027085,27.563510257027083
659.97,782.1216598205838,-122.15165982058375
113.73,108.13103820261358,5.598961797386423
5.104,-129.1631588962855,134.2671588962855
16.448,-57.74864232865366,74.19664232865367
81.92,90.95612193955503,-9.03612193955503
254.9,267.1785030137412,-12.278503013741187
15.12,36.3728383199234,-21.252838319923406
7.872,-31.84860775903053,39.72060775903053
8.32,76.63036248777348,-68.31036248777349
89.95,138.0291830137587,-48.07918301375871
25.2,45.670208018778794,-20.470208018778795
37.59,19.10146236610217,18.488537633897835
14.97,-77.89360526543192,92.86360526543191
1.98,-81.00454685767568,82.98454685767568
39.936,63.50406508434435,-23.568065084344347
18.464,-60.24912152658135,78.71312152658135
4.896,0.28701661833224534,4.608983381667755
145.764,190.36412949343435,-44.60012949343434
9.612,161.0463682033262,-151.43436820332622
199.75,214.1142809713665,-14.364280971366497
1673.184,909.0214675514477,764.1625324485523
12.18,184.48174988452752,-172.3017498845275
57.68,71.36737263836812,-13.687372638368124
263.96,261.90403800583863,2.0559619941613505
299.94,318.74113712370854,-18.801137123708543
25.76,178.61293134550465,-152.85293134550466
271.9,391.67717963788846,-119.77717963788848
45.84,13.367009016968723,32.47299098303128
9.82,-78.79626945592304,88.61626945592303
93.36,483.50537399112534,-390.1453739911253
541.24,494.06674042172165,47.17325957827836
106.32,73.0134041150859,33.30659588491409
1323.9,1111.5903862283994,212.30961377160065
126.624,207.70389833615764,-81.07989833615764
125.944,235.49541691557852,-109.55141691557851
663.92,583.5684041412591,80.3515958587409
120.0,282.2835426142442,-162.2835426142442
3.29,-139.05085265838648,142.34085265838647
18.84,-17.080846767832327,35.92084676783233
60.672,161.60832505224857,-100.93632505224858
30.816,295.7860961533347,-264.97009615333474
52.792,37.03639290869887,15.75560709130113
83.9,361.9279201907257,-278.0279201907257
11.76,-84.0667933553716,95.8267933553716
4.992,88.77183768881423,-83.77983768881423
87.92,146.21041186717298,-58.29041186717298
657.93,500.0828856884531,157.84711431154687
1.044,-49.99151677947975,51.03551677947975
210.68,291.3766449029911,-80.69664490299107
78.8,141.3519762572687,-62.55197625726869
19.99,-70.91417448633774,90.90417448633774
772.68,714.0347452430907,58.64525475690925
106.08,197.1313801742765,-91.0513801742765
23.076,15.44794912725638,7.628050872743621
25.92,86.29164097138687,-60.37164097138687
47.952,20.91873912783035,27.03326087216965
0.984,-16.86439525845367,17.84839525845367
75.384,325.7621179456539,-250.3781179456539
4.608,-87.52311566609319,92.1311156660932
37.68,134.14856844813016,-96.46856844813016
41.91,12.804242480590574,29.105757519409423
435.999,463.1883362432575,-27.189336243257458
388.704,370.8613982847294,17.842601715270632
572.58,472.52026705133426,100.05973294866578
33.18,-21.924671979142886,55.104671979142886
63.88,68.36795406091255,-4.48795406091255
26.72,-54.16102949496303,80.88102949496303
295.056,429.29563596799517,-134.23963596799518
393.25,385.20454272455936,8.04545727544064
2.214,3.27111705718562,-1.05711705718562
16.272,-18.21242706142334,34.48442706142334
706.86,587.1354424064756,119.72455759352442
5.97,120.49479092616389,-114.52479092616389
21.184,-54.986352227535235,76.17035222753523
41.376,162.51790521017665,-121.14190521017665
17.94,-9.822375520570176,27.762375520570178
2.655,-83.42024959079254,86.07524959079254
892.35,762.4598628574902,129.89013714250984
307.666,449.9517962980917,-142.28579629809173
728.82,569.1205677835798,159.6994322164203
41.36,100.30617259766973,-58.94617259766973
43.176,15.590013386208284,27.585986613791718
4.16,-88.91783838598212,93.07783838598212
61.4,116.16940240556482,-54.769402405564826
24.448,-38.21713311477356,62.66513311477356
263.96,263.0588702659752,0.9011297340247779
359.97,400.9485936345252,-40.97859363452517
12.96,-74.95455636502516,87.91455636502516
116.82,102.99400958482943,13.825990415170565
276.784,402.597241415682,-125.813241415682
239.97,257.4040400609099,-17.434040060909894
16.02,127.8911966124574,-111.87119661245741
454.56,352.64838624557774,101.91161375442226
141.42,160.83300280288995,-19.413002802889963
310.744,283.6958272302277,27.04817276977235
12.736,32.338562162405196,-19.602562162405196
6.47,133.0224730715015,-126.55247307150151
13.748,605.9289678658843,-592.1809678658842
15.224,31.706898152523763,-16.482898152523763
27.42,-1.494136835372501,28.914136835372503
165.98,436.1168493992059,-270.13684939920586
75.0,59.00900534912603,15.990994650873972
134.272,298.07199084813396,-163.79999084813397
146.544,234.53084243137596,-87.98684243137595
131.904,140.61973050547476,-8.715730505474767
203.88,234.378157909498,-30.49815790949799
14.301,225.97242314309756,-211.67142314309757
718.64,544.5695611206434,174.07043887935663
61.1,128.20883924735153,-67.10883924735154
28.08,10.584761887123477,17.49523811287652
10.496,29.594554651264843,-19.09855465126484
39.92,-19.39007831901654,59.31007831901654
77.58,302.03330637017166,-224.45330637017167
269.36,343.6995700495952,-74.33957004959518
5.76,-90.91293304151009,96.67293304151009
109.9,159.98396168673457,-50.08396168673457
23.88,-8.336087565100343,32.21608756510034
26.2,46.557927285638925,-20.357927285638926
12.96,-63.78853612055036,76.74853612055037
234.95,254.82385534433047,-19.87385534433048
118.25,166.5669597031531,-48.31695970315309
4.28,-125.09523698473004,129.37523698473004
26.85,-19.78640285607571,46.63640285607571
3357.6,3860.7370579647036,-503.1370579647037
8.26,-83.85794076001139,92.1179407600114
2973.32,1730.743212525053,1242.5767874749472
104.79,234.41732468702253,-129.6273246870225
775.728,582.6184355618385,193.10956443816144
89.0664,171.72978519415778,-82.66338519415778
175.44,237.80828285593157,-62.36828285593157
438.336,368.6035758852979,69.7324241147021
215.544,207.00915199482915,8.534848005170858
55.584,153.92796690712612,-98.34396690712612
127.386,132.4696264023953,-5.083626402395311
248.43,241.1389506661999,7.291049333800117
11.648,131.8828996365237,-120.23489963652369
85.246,68.4579115827703,16.7880884172297
20.64,95.66502542834951,-75.02502542834951
148.02,149.25987896456036,-1.2398789645603472
33.29,-34.29067252171831,67.5806725217183
204.95,232.3865970012389,-27.43659700123891
526.344,444.6748968139739,81.66910318602618
41.96,-10.27000142177144,52.23000142177144
451.152,480.3572193056706,-29.205219305670596
31.504,392.88158462749925,-361.37758462749923
30.672,11.08781444032661,19.58418555967339
1079.976,988.799944521315,91.17605547868516
161.568,185.84137619427815,-24.273376194278143
2.934,50.081108345969824,-47.147108345969826
18.528,-47.7415466484415,66.26954664844149
670.752,695.841874192936,-25.08987419293601
64.96,134.52480055394358,-69.56480055394358
41.94,-24.996669992716534,66.93666999271653
11.96,-81.98652109827208,93.94652109827209
13.12,19.42393170177911,-6.303931701779112
535.41,607.2988600035623,-71.88886000356229
72.78,77.92564038160594,-5.1456403816059435
36.84,-3.639050040301072,40.479050040301075
87.71,218.84776499984787,-131.1377649998479
562.2925,381.28003064007726,181.01246935992276
56.52,313.7389559904825,-257.2189559904825
11.264,245.2990924678552,-234.03509246785518
284.08,451.55760044606996,-167.47760044606997
18.496,36.8794283888426,-18.3834283888426
14.73,-28.61099289915819,43.340992899158195
186.54,185.3412018105755,1.1987981894244797
557.728,491.2527952605692,66.47520473943075
159.968,154.2403594085274,5.7276405914725785
471.9,450.8503156048166,21.049684395183363
3.52,-80.60609576282945,84.12609576282945
49.12,36.338364436839356,12.781635563160641
20.16,174.9410836919635,-154.78108369196352
10.68,-73.53952651930422,84.21952651930422
141.96,168.06538673944306,-26.10538673944305
32.48,-28.648355917454182,61.12835591745418
20.04,-19.958614600767305,39.998614600767304
13999.96,14211.123842909532,-211.16384290953283
238.0,322.76440435964787,-84.76440435964787
61.96,11.933759299409303,50.0262407005907
239.372,323.4645951163802,-84.09259511638021
595.0,504.6706563008804,90.32934369911959
16.032,-5.9340039003782294,21.96600390037823
199.75,217.3155599870979,-17.565559987097913
227.96,315.7312081222144,-87.7712081222144
293.52,322.26234847980095,-28.742348479800967
307.98,465.9389607121725,-157.95896071217248
96.96,186.22558925427256,-89.26558925427257
117.488,233.54081311710638,-116.05281311710638
11.952,-27.94684658279425,39.89884658279425
512.499,542.3981560779013,-29.89915607790124
863.128,594.054995607485,269.07300439251503
2036.86,1301.8366489324594,735.0233510675405
449.568,672.0629520989288,-222.49495209892882
108.96,105.52096044193422,3.4390395580657724
264.18,328.0911538163109,-63.9111538163109
2.88,-141.9968213773857,144.87682137738568
41.904,138.92480252000246,-97.02080252000246
23.92,37.93911228460911,-14.019112284609108
156.512,163.52518920276088,-7.013189202760884
128.34,204.47541102663467,-76.13541102663467
474.95,430.94634525536685,44.00365474463314
999.98,1756.2483609516412,-756.2683609516412
277.5,229.07821270498994,48.42178729501006
1252.704,614.9107626254378,637.7932373745622
110.97,159.31238693538398,-48.342386935383985
22.608,5.950048245249263,16.657951754750737
1.892,-108.5185147569016,110.41051475690159
63.312,34.3399878990615,28.9720121009385
7.824,-156.23593902486004,164.05993902486006
170.072,161.1751230195141,8.8968769804859
62.82,313.20905229449227,-250.38905229449227
19.44,-21.865328873762337,41.305328873762335
7.38,-128.5351139184163,135.9151139184163
38.88,148.8514043579071,-109.97140435790709
187.76,204.25907419934356,-16.499074199343568
6.048,210.06440629770668,-204.01640629770668
98.352,85.9115896047681,12.440410395231908
335.744,497.09131651317193,-161.3473165131719
8.96,-80.75988434345732,89.71988434345732
89.568,105.1902214077868,-15.622221407786796
71.96,132.76927474697663,-60.80927474697664
15.552,-15.935000405444043,31.487000405444043
10.43,143.0261211237314,-132.5961211237314
72.784,114.64689350456433,-41.862893504564326
67.15,117.84151485081156,-50.69151485081156
549.98,880.1076219632956,-330.1276219632956
11.82,-26.836981479854558,38.65698147985456
4643.8,4716.002484401197,-72.20248440119667
577.764,923.6157335066981,-345.8517335066981
191.5155,499.4902269025906,-307.97472690259065
2.624,-134.2616485865367,136.8856485865367
1369.764,603.2478210007043,766.5161789992956
294.368,268.75367723893123,25.614322761068763
81.568,65.85274184647346,15.715258153526534
44.46,129.47012449164959,-85.01012449164958
314.088,338.93872424152505,-24.85072424152503
6.336,69.39089380912083,-63.05489380912083
10.48,-93.41478182863762,103.89478182863762
2.469,-80.02440990715422,82.49340990715422
3.264,-33.44818028760551,36.71218028760551
4.344,-20.38407754744412,24.728077547444123
31.776,35.70775332055382,-3.9317533205538204
4.928,-74.97479650234573,79.90279650234572
1.788,47.73532182011263,-45.947321820112634
15.072,58.25916557117489,-43.18716557117489
12.624,-40.650363459730215,53.27436345973022
185.88,243.57329474090534,-57.693294740905344
12.96,-76.20408761387739,89.1640876138774
189.7,416.0898153480748,-226.38981534807482
40.99,-12.543581284488027,53.53358128448803
82.64,59.19009728723154,23.449902712768463
31.02,-33.36501416701799,64.38501416701799
89.97,69.2378243477217,20.7321756522783
35.97,6.958122828623345,29.011877171376653
1266.86,889.2749036951478,377.5850963048521
169.45,202.62640933230477,-33.176409332304786
40.68,-7.5371243118963775,48.21712431189638
3.328,-79.50710843404795,82.83510843404795
933.262,660.8576000712802,272.4043999287197
2803.92,1960.031245681517,843.888754318483
4.768,-70.77236472114873,75.54036472114873
6.672,-130.66015369466618,137.33215369466618
4.448,-91.0584228943053,95.5064228943053
43.936,56.05799776979438,-12.121997769794383
23.744,-41.86465893049126,65.60865893049126
357.0,391.131815342909,-34.13181534290902
806.336,591.5974951537596,214.7385048462404
85.44,69.66116885900897,15.77883114099103
344.91,363.37127344765736,-18.461273447657334
70.97,152.98413699598268,-82.01413699598268
36.784,-32.98444741169578,69.76844741169577
743.988,1137.607771281942,-393.6197712819419
11.212,-17.907629059608553,29.119629059608553
4.712,-69.5239412516371,74.2359412516371
180.98,123.10879439133078,57.871205608669214
60.416,13.513548190659549,46.90245180934045
299.99,910.3720213982563,-610.3820213982563
192.16,216.88129018248947,-24.72129018248947
242.624,355.2794136908758,-112.6554136908758
46.74,34.738154091730166,12.001845908269836
174.95,212.33956892839046,-37.389568928390474
100.704,200.191623584966,-99.48762358496602
368.91,468.01947412300615,-99.10947412300612
8.02,-127.96175674742767,135.98175674742768
171.04,170.30209734873006,0.737902651269934
19.44,-19.15638119691721,38.59638119691721
13.092,66.3221915727629,-53.230191572762905
122.94,130.47769347496774,-7.537693474967739
35.448,202.23543966787906,-166.78743966787906
19.98,-54.01155893955706,73.99155893955707
69.375,114.57196800308975,-45.19696800308975
31.68,50.50439941474929,-18.824399414749287
2003.168,1795.6413065096415,207.5266934903584
9.344,-75.905423130082,85.249423130082
2563.056,1433.575987202899,1129.4800127971012
387.136,355.5486429754369,31.58735702456312
3.424,-121.32304487386409,124.7470448738641
1085.42,803.0667759130905,282.35322408690956
43.056,305.8468376657968,-262.7908376657968
3.762,2.934668935857644,0.8273310641423559
34.86,-3.227769678816003,38.087769678816
432.456,464.7381488098292,-32.28214880982921
675.06,749.8317694928741,-74.77176949287411
65.232,34.62968070716852,30.60231929283148
207.0,204.24011835097645,2.759881649023555
600.53,976.082377812181,-375.552377812181
59.904,22.21688334405394,37.68711665594606
637.44,545.4532630079855,91.98673699201458
51.756,48.35823777731139,3.3977622226886126
31.104,142.00179101432764,-110.89779101432764
47.96,110.01182547018948,-62.05182547018948
158.928,260.62405526254906,-101.69605526254907
211.248,254.7948244833849,-43.54682448338491
5.552,-59.61316525175516,65.16516525175516
2.952,-134.54604379533203,137.49804379533202
10.332,18.838725041579664,-8.506725041579664
18.368,40.730444625954306,-22.362444625954307
299.9,446.6293315154944,-146.72933151549444
26.55,292.7586815598313,-266.2086815598313
111.98,115.87042441465906,-3.8904244146590514
4.928,-71.32482625529747,76.25282625529746
11.784,-21.291730320367833,33.07573032036783
7.98,-25.906816990430116,33.88681699043012
180.96,240.11911781510867,-59.15911781510866
1649.95,1414.5923885137524,235.3576114862476
362.352,393.5478403981019,-31.19584039810195
73.584,44.42282381063046,29.16117618936954
486.368,445.54563003060616,40.82236996939383
32.4,93.26222760442033,-60.86222760442033
41.86,199.34661986091214,-157.48661986091213
77.56,52.620441740118395,24.939558259881608
37.17,287.686565133303,-250.516565133303
137.352,135.29646558033824,2.055534419661768
376.509,396.4071076385444,-19.89810763854439
62.72,74.48744093508208,-11.767440935082078
2939.93,1859.806785531503,1080.1232144684968
512.358,554.6680092947764,-42.31000929477648
3.488,-73.10709218653278,76.59509218653278
22.288,196.9151909292052,-174.6271909292052
16.032,-14.222446716701143,30.254446716701143
1.752,-123.40004937906792,125.15204937906792
20.992,246.42192539430494,-225.42992539430495
11.21,-95.5859484428156,106.79594844281561
45.04,-8.587939182779564,53.62793918277956
15.624,12.861956861874432,2.762043138125568
8.74,-64.14903502877223,72.88903502877223
44.75,106.56633214904878,-61.816332149048776
61.68,104.57723961035617,-42.89723961035617
158.376,138.14121970563974,20.234780294360263
2.864,80.87966733036546,-78.01566733036546
94.192,229.01063617356954,-134.81863617356953
143.7,142.1709666178956,1.5290333821043873
6.48,-128.16162555396204,134.64162555396203
7.88,27.30286599350552,-19.42286599350552
11.21,-113.83489470272752,125.04489470272753
354.9,324.2598221742653,30.640177825734668
17.94,-30.04131313601215,47.98131313601215
51.8,51.83342636842622,-0.03342636842621971
299.52,425.6201793095422,-126.10017930954223
7.7,-70.57340105095409,78.27340105095409
23.92,37.83372953342314,-13.913729533423137
498.0,468.03787250606297,29.962127493937032
436.704,355.8150775478134,80.88892245218659
32.4,99.43689270901109,-67.03689270901108
61.44,27.622522153399586,33.81747784660041
73.36,212.23869252633767,-138.87869252633766
59.2,121.74452906392958,-62.54452906392957
32.952,14.690424807967474,18.261575192032524
218.376,226.7146655254196,-8.3386655254196
31.4,93.63904930480157,-62.239049304801576
9.48,-110.30044701448674,119.78044701448674
209.5,424.8541839934294,-215.3541839934294
24.3,89.03581069964957,-64.73581069964958
6.48,-122.59542262481136,129.07542262481135
32.448,-21.54817232882442,53.99617232882442
26.388,70.44380779127209,-44.05580779127209
373.47,306.8483895698805,66.62161043011952
64.2,136.08540045259497,-71.88540045259496
8.0,-75.71003515041184,83.71003515041184
186.54,187.88017420448455,-1.3401742044845548
87.08,227.95263307580421,-140.87263307580423
105.584,105.92873346850592,-0.3447334685059218
217.44,274.37916592516535,-56.939165925165355
31.744,-32.58405246583766,64.32805246583766
5.432,23.31361771924003,-17.881617719240026
913.43,637.1575313806308,276.2724686193692
372.144,393.80643866827063,-21.662438668270624
751.984,1211.7963168970068,-459.8123168970068
604.768,557.5109966413062,47.25700335869385
27.36,42.71802230936487,-15.35802230936487
20.56,-60.13451587658028,80.69451587658028
83.92,131.35509822053336,-47.43509822053336
902.712,988.5116346932741,-85.79963469327413
120.666,127.3959902096417,-6.729990209641699
4.984,-50.888056667423825,55.87205666742383
82.26,81.25362283748768,1.0063771625123223
29.74,-40.3166818119455,70.0566818119455
87.36,174.6234052681366,-87.2634052681366
56.16,154.7594730415983,-98.59947304159832
64.384,83.1350747642482,-18.7510747642482
64.784,99.39955056606368,-34.615550566063675
15.552,-10.75512909077861,26.30712909077861
223.888,313.678715633632,-89.790715633632
10.896,-26.906843065449493,37.802843065449494
84.784,61.23284747379148,23.551152526208526
241.5,237.2173771722646,4.282622827735395
59.97,30.405613142638913,29.564386857361086
13.36,-79.41135487620045,92.77135487620045
11.808,-33.484284535763436,45.292284535763436
16.24,-82.94062777201134,99.18062777201133
77.55,128.54486009231255,-50.99486009231255
76.12,48.65066113237208,27.469338867627926
17.184,128.60650294799188,-111.42250294799189
11.76,-91.7041623392879,103.46416233928791
27.46,-43.21846442272522,70.67846442272523
137.94,131.12398681772402,6.816013182275981
111.15,156.03472377087041,-44.88472377087041
901.95,1077.5916349339311,-175.64163493393107
366.009,368.1160562551138,-2.1070562551137755
310.688,364.9035149442507,-54.215514944250685
7.68,138.7006470762874,-131.0206470762874
155.372,184.01426911636804,-28.642269116368027
10.744,-99.87212395655251,110.61612395655251
232.4,250.86642178121815,-18.466421781218145
164.646,164.88415913691279,-0.23815913691279889
22.68,-52.54328495809705,75.22328495809705
105.52,108.27622596013657,-2.7562259601365753
83.92,92.88735096581877,-8.967350965818767
141.9,169.58218215916486,-27.682182159164853
39.98,-18.869028315560854,58.84902831556085
28.91,184.37139653769873,-155.46139653769873
174.95,198.95058320673616,-24.000583206736167
110.528,122.85765546085054,-12.329655460850532
630.024,495.78859737715914,134.23540262284087
27.86,193.68605363025654,-165.82605363025652
933.408,763.1914394422347,170.21656055776532
51.84,354.50476061060317,-302.66476061060314
165.6,163.32973546233575,2.2702645376642465
106.32,58.332052813671226,47.98794718632877
147.92,181.27579267103715,-33.355792671037165
104.28,90.17974374097571,14.100256259024292
286.85,850.9165614644205,-564.0665614644205
66.96,81.83358953285779,-14.873589532857793
199.98,271.38161125877673,-71.40161125877674
45.0,23.205531488755014,21.794468511244986
17.9,78.06054791881547,-60.160547918815475
40.48,-15.914323834398601,56.3943238343986
2154.9,1581.3892211929726,573.5107788070275
18.432,264.246678941832,-245.814678941832
10.944,-61.36330832734279,72.3073083273428
4.36,-85.73729330957599,90.09729330957599
62.352,165.6261100950403,-103.2741100950403
303.92,283.97997094972675,19.940029050273267
129.3,142.77038976527933,-13.470389765279322
274.2,459.12375604066756,-184.92375604066757
6.048,44.88073883947641,-38.832738839476406
6.848,-74.364934709703,81.21293470970299
9.96,115.74519070039537,-105.78519070039536
8.552,-0.33618860202636824,8.888188602026368
45.584,403.2825180888467,-357.6985180888467
25.488,-32.232349834389424,57.720349834389424
136.96,162.45280584026523,-25.49280584026522
49.616,-3.027792817093541,52.64379281709354
10.584,-24.70889564565141,35.29289564565141
84.416,89.35461653220204,-4.938616532202047
431.94,631.346568943252,-199.406568943252
2.043,-96.28957231973982,98.33257231973982
68.238,56.1313283438094,12.1066716561906
240.744,216.52149728159907,24.222502718400932
35.0,43.68077051051546,-8.680770510515458
210.68,284.49658931946396,-73.81658931946396
637.896,651.4138614447055,-13.517861444705545
43.44,239.97532710723044,-196.53532710723044
2.22,-135.5630216739521,137.7830216739521
1679.96,1245.0071475106122,434.95285248938785
344.372,296.47689318280663,47.89510681719338
1554.936,1752.3918311166822,-197.45583111668225
127.88,172.01229019272068,-44.13229019272069
222.384,300.84548140682887,-78.46148140682888
106.869,93.08877085118661,13.78022914881339
3.564,31.84027405085294,-28.27627405085294
25.68,57.40698196504627,-31.72698196504627
12.384,52.48102281019783,-40.09702281019783
25.3,79.81195519736343,-54.511955197363434
95.94,77.21801698823674,18.721983011763257
7.5,-84.11572596073484,91.61572596073484
302.376,325.0194523660398,-22.64345236603981
46.688,64.01839154725508,-17.330391547255076
17.94,-8.83996313488069,26.779963134880692
370.14,426.27496874970484,-56.13496874970485
8.928,-77.05089808355501,85.97889808355501
2678.94,1723.0125533558785,955.9274466441216
387.136,354.3549781738898,32.78102182611025
45.408,-7.756510258577919,53.16451025857792
77.952,69.57862282288374,8.373377177116254
3.0,-127.15172053298875,130.15172053298875
9.952,-102.78394458283583,112.73594458283583
37.896,82.89121912955284,-44.99521912955284
65.584,28.745482553821148,36.838517446178855
44.784,13.268179255393534,31.515820744606465
1035.8,989.2553652762236,46.54463472377631
5.76,-75.19913321322929,80.9591332132293
19.98,-60.411164214042856,80.39116421404286
35.98,-19.37782681456497,55.357826814564966
16.656,-5.470245292524396,22.126245292524395
20.7,-57.741634078197194,78.4416340781972
83.7,133.04303943358013,-49.34303943358013
199.8,425.4160001697528,-225.6160001697528
45.68,-11.390046559728034,57.070046559728034
110.96,107.69781433838398,3.262185661616016
11.94,-28.616719200848138,40.556719200848136
8749.95,6965.022769164572,1784.9272308354284
36.4,235.1446862598077,-198.7446862598077
18.69,179.0390139328947,-160.3490139328947
5.94,-21.872352879186337,27.81235287918634
60.736,270.7583968515787,-210.02239685157872
479.976,568.7229543528454,-88.74695435284536
6.08,-40.865122192928084,46.94512219292808
165.6,157.45122312319586,8.148776876804135
59.52,37.106899128011946,22.413100871988057
479.97,563.9351800982959,-83.96518009829583
18.62,-54.68118254147748,73.30118254147749
49.632,153.55725592361114,-103.92525592361113
97.82,86.71533214887427,11.104667851125726
15.984,-67.120997530767,83.104997530767
184.752,165.5713808502319,19.18061914976812
12.96,-73.427441405649,86.38744140564901
366.744,308.9209709095196,57.82302909048042
8.856,347.87278143094295,-339.01678143094296
27.96,89.7180034026178,-61.758003402617796
146.352,145.43231349700568,0.919686502994324
175.23,451.22295420256114,-275.9929542025611
125.99,288.5442732997103,-162.5542732997103
23.0,-60.034501258752016,83.03450125875202
25.584,-41.25887446365141,66.84287446365141
73.784,63.23511804031227,10.548881959687733
20.736,26.037655553473996,-5.301655553473996
17.52,-19.467373962109377,36.98737396210937
35.76,450.9981056805648,-415.2381056805648
3.64,-80.27797342014082,83.91797342014083
30.336,166.67354722838013,-136.33754722838012
12.99,-81.1082621732944,94.0982621732944
182.22,190.33482002000164,-8.114820020001645
302.94,324.7950248574018,-21.855024857401816
54.992,562.4666292965308,-507.47462929653074
12.99,-81.41485425076394,94.40485425076393
55.86,200.67818134313075,-144.81818134313073
44.376,-3.6931812143741354,48.06918121437413
51.264,154.6752380907294,-103.4112380907294
5.193,-3.274031168523834,8.467031168523834
159.984,186.46629811420144,-26.482298114201427
54.224,5.311982664751213,48.912017335248784
241.424,321.91860812075356,-80.49460812075355
33.36,45.8454254703031,-12.485425470303099
13.76,-66.1079382870521,79.8679382870521
496.86,434.8429594517147,62.01704054828531
389.97,426.3950121863843,-36.425012186384265
9.82,-85.54402149187945,95.36402149187944
56.4,35.56732603968476,20.83267396031524
18.312,65.25298550854814,-46.94098550854814
25.92,92.86853705792373,-66.94853705792373
8.016,-16.812534232008147,24.828534232008145
479.984,737.4371993984228,-257.4531993984228
30.84,80.12066686389699,-49.28066686389698
33.568,-19.30793494790578,52.875934947905776
422.625,389.9850744888331,32.639925511166894
199.98,275.166592653105,-75.18659265310501
20.24,-78.2059662918366,98.4459662918366
39.92,52.195264484555764,-12.275264484555763
32.54,-43.92077269864217,76.46077269864216
39.0,1.3684454188128257,37.631554581187174
12.6,18.140529941011437,-5.540529941011437
24.64,33.03331703641493,-8.393317036414928
6.264,-16.783668720713422,23.04766872071342
14.432,43.126382415706075,-28.694382415706073
719.976,822.2966037512967,-102.32060375129674
239.92,339.2752025264217,-99.35520252642172
1056.86,750.153010635231,306.7069893647689
447.944,413.5451257523787,34.398874247621336
150.408,337.6296641053923,-187.2216641053923
453.576,497.4526802504979,-43.876680250497884
45.36,304.2352216493009,-258.8752216493009
287.88,310.452875243436,-22.572875243435988
131.88,129.96435669948255,1.915643300517445
2.328,-55.66204540039871,57.990045400398714
1454.9,1189.7917913024917,265.1082086975084
4.842,6.111559353208577,-1.2695593532085772
220.704,252.99301057003208,-32.289010570032076
67.176,50.417222179993814,16.758777820006188
15.232,31.49974429179497,-16.26774429179497
31.104,134.76570198449394,-103.66170198449394
968.744,754.1779263021551,214.5660736978449
222.352,577.3502806769535,-354.9982806769535
479.984,758.1405904673155,-278.15659046731554
10.272,-32.4016182343903,42.6736182343903
998.85,699.2091160301712,299.6408839698288
24.56,-82.34792849995301,106.90792849995302
5.67,-25.413219799704166,31.083219799704167
14.336,36.54198851782894,-22.205988517828942
102.3,205.5001071628201,-103.20010716282009
607.52,981.3562107642948,-373.83621076429483
31.16,-25.37449104246798,56.53449104246798
2.61,-129.34642196409413,131.95642196409415
10.332,17.226773303716755,-6.894773303716754
10.368,-66.58380215676857,76.95180215676857
20.784,-32.89106115325103,53.67506115325103
66.96,133.3950771198147,-66.4350771198147
17.248,-73.02644757761777,90.27444757761778
11.088,218.70498744188308,-207.61698744188308
1287.45,1022.3215028780171,265.12849712198295
168.1,198.18250258331773,-30.082502583317734
51.968,24.027086663264527,27.940913336735477
4.768,-74.21551352676738,78.98351352676738
7.98,-33.979448757211,41.95944875721101
18.688,-102.31276053998772,121.00076053998772
11.664,-30.012133644040205,41.676133644040206
191.976,189.47450908175983,2.5014909182401652
499.168,451.54117468446316,47.62682531553685
11.88,-83.50506831033863,95.38506831033862
35.44,-55.20685912023578,90.64685912023577
67.136,80.75548694845224,-13.619486948452248
4.32,-36.765363130944706,41.08536313094471
14.94,-22.027230631476414,36.96723063147641
40.54,-14.024241440968126,54.564241440968125
7.312,-118.39368148763378,125.70568148763378
475.944,432.4340679270838,43.50993207291623
30.08,-19.381972944718655,49.46197294471865
165.6,163.1338828020971,2.4661171979028893
180.96,203.65887106137734,-22.698871061377332
23.18,-46.34231848300533,69.52231848300534
56.96,18.412807293435208,38.54719270656479
15.56,36.81089798168637,-21.250897981686364
353.568,513.4244566968899,-159.85645669688995
13.96,-62.64709798723652,76.60709798723653
82.95,126.87081083165754,-43.92081083165753
39.68,-24.844942123211467,64.52494212321147
479.97,561.2156437827625,-81.2456437827625
7.38,-75.36925381448918,82.74925381448918
14.256,-21.610774303935386,35.86677430393539
81.98,61.656964081235174,20.32303591876483
39.624,17.3287765046573,22.295223495342704
399.672,366.5129589414819,33.15904105851814
65.12,81.6596062830447,-16.53960628304469
30.56,121.90265522423488,-91.34265522423487
20.768,-45.000996765016225,65.76899676501623
39.808,58.37500486270892,-18.56700486270892
121.104,195.3739889624087,-74.2699889624087
111.96,153.7267138589441,-41.7667138589441
15.696,-21.56465118596634,37.26065118596634
70.26,57.07362833261482,13.186371667385188
90.0,144.0765662663839,-54.07656626638391
6.096,-76.96561390693205,83.06161390693205
481.176,705.8567917539802,-224.68079175398026
7.24,25.930651922327343,-18.69065192232734
177.45,187.68567199938138,-10.235671999381395
1369.764,591.0218974983023,778.7421025016976
9.48,-18.52591560542851,28.00591560542851
130.98,146.57024358050012,-15.590243580500129
174.95,199.97870812314045,-25.02870812314046
826.0,697.8165856819577,128.1834143180423
139.58,269.80460831552705,-130.22460831552704
399.95,382.46478558726244,17.485214412737548
12.39,-35.307345010051904,47.697345010051905
760.98,236.31456656861815,524.6654334313819
67.86,162.7618903636244,-94.90189036362439
31.504,398.45588556405846,-366.95188556405844
5.04,-119.51306918776163,124.55306918776164
39.879,226.1360949538846,-186.2570949538846
4.712,-124.93422937671062,129.6462293767106
194.352,197.15143288273407,-2.7994328827340667
97.424,86.54601611004341,10.877983889956596
704.76,569.4500373658682,135.3099626341318
27.396,32.8869086222503,-5.490908622250302
5.7,71.4285707085437,-65.7285707085437
14.19,-20.038696933139818,34.228696933139815
7.3,-76.32314093223545,83.62314093223544
199.98,272.28949525011717,-72.30949525011718
144.96,156.50600702947304,-11.546007029473031
118.0,124.82672180271106,-6.826721802711063
48.94,26.686509314985415,22.253490685014583
22.66,-48.39683107538576,71.05683107538576
0.836,-70.10360848832397,70.93960848832397
30.96,141.65821359055667,-110.69821359055666
723.92,545.348400999682,178.57159900031797
21.968,77.89753519635292,-55.929535196352916
619.152,503.12000066025166,116.03199933974838
127.904,255.71190719600577,-127.80790719600577
94.2,130.89180321060007,-36.69180321060007
49.5,99.08380184088219,-49.58380184088219
16.52,94.88886991691834,-78.36886991691834
55.36,75.0782701240721,-19.718270124072106
11.56,-90.68631421742134,102.24631421742134
17.12,-5.548727978175293,22.668727978175294
182.352,185.62735809623928,-3.275358096239273
118.16,127.77847325380844,-9.618473253808446
18.368,-65.01072917159081,83.3787291715908
600.558,640.0114037260162,-39.45340372601618
50.352,29.26782681398663,21.084173186013366
28.032,134.5722010691602,-106.5402010691602
7.692,-92.99526063541316,100.68726063541317
517.405,405.9837896416759,111.42121035832406
8.608,300.36055978511354,-291.75255978511353
159.56,191.75698736099912,-32.19698736099912
2104.55,1434.6398157370122,669.910184262988
40.7,103.92406328893821,-63.22406328893821
47.79,29.99629220582051,17.79370779417949
5.16,-75.9151630659926,81.0751630659926
21.21,193.03048139306043,-171.82048139306042
96.36,191.52746848891366,-95.16746848891366
231.72,302.46396824427075,-70.74396824427075
17.9,64.19566338123082,-46.29566338123082
12.48,-81.9467367842658,94.4267367842658
8.016,-8.10384233578452,16.11984233578452
259.896,349.8783450440726,-89.98234504407259
247.188,331.1229750682528,-83.93497506825281
279.96,281.15446064474645,-1.1944606447464707
450.0,426.12279668518204,23.87720331481796
19.44,-18.54331416922855,37.98331416922855
300.904,876.0533101891872,-575.1493101891872
239.976,256.0947559496119,-16.11875594961191
31.168,44.88370406157219,-13.71570406157219
120.96,133.94696473933868,-12.986964739338688
2239.936,1261.1430973049974,978.7929026950028
76.608,269.2176257124652,-192.60962571246517
142.776,352.9924163249543,-210.2164163249543
91.36,148.70085663670443,-57.34085663670443
3.552,-73.2952976078011,76.84729760780111
115.136,284.6265922787197,-169.49059227871973
4.71,-104.76274416876754,109.47274416876753
172.764,219.21128641279415,-46.44728641279414
3.52,-87.93249691360211,91.4524969136021
79.968,88.60843958720238,-8.64043958720238
305.9745,314.2720062220435,-8.297506222043523
344.91,354.21956841978476,-9.309568419784739
626.352,668.179310097253,-41.827310097253076
359.499,372.30082381803777,-12.801823818037747
71.952,172.41772751534722,-100.46572751534723
29.8,88.97484451717582,-59.17484451717583
1.824,-96.7599821269041,98.5839821269041
64.384,121.9800324888165,-57.596032488816505
6.984,-38.894205003108254,45.878205003108256
11.264,229.74820817777845,-218.48420817777844
15.552,-17.324483838886863,32.87648383888686
379.372,534.7958065469104,-155.42380654691038
67.536,312.27705723769304,-244.74105723769304
1.524,-7.548178269908931,9.072178269908932
37.408,187.86960258876184,-150.46160258876182
25.344,134.03001351874968,-108.68601351874969
46.2,67.23448021995773,-21.03448021995773
4.728,-13.411067041209208,18.13906704120921
53.352,43.74625894503288,9.605741054967119
131.104,157.35095111748956,-26.246951117489544
22.512,5.01933192316028,17.49266807683972
72.744,230.833313129486,-158.089313129486
52.59,35.0991371568698,17.490862843130202
19.44,-11.731369338635204,31.171369338635206
126.3,129.87389218522003,-3.573892185220032
1287.45,1031.966266868175,255.48373313182515
64.96,74.29916807040081,-9.339168070400817
535.41,617.6003441330397,-82.19034413303973
8.1,112.58499552592775,-104.48499552592776
13.248,27.99395754691318,-14.74595754691318
83.988,65.35461899458528,18.63338100541472
73.2,119.03200948447784,-45.83200948447784
10.74,-40.40409306800666,51.14409306800666
11.032,-107.58642690210854,118.61842690210854
53.04,26.57935561619888,26.460644383801117
17.12,30.81109289928827,-13.691092899288268
59.94,35.55132308320913,24.38867691679087
210.58,275.56277831780653,-64.98277831780652
30.96,-43.014259869327134,73.97425986932714
239.984,330.00079895164276,-90.01679895164276
3050.376,3786.835472390749,-736.4594723907489
133.98,147.28551888133347,-13.305518881333484
93.248,102.81098392843728,-9.562983928437276
177.48,172.159498912054,5.320501087945985
17.712,125.62136106751268,-107.90936106751268
4.86,2.3898806452507415,2.470119354749259
6.258,-43.965750837756104,50.22375083775611
37.68,-21.66555240184266,59.34555240184266
51.84,248.73531702634614,-196.89531702634613
27.42,-1.1438480411873115,28.563848041187313
5.4,-41.18000905664849,46.580009056648485
1270.99,4346.914966321927,-3075.924966321927
125.36,288.26414437970243,-162.90414437970242
14.03,-88.26935178640542,102.29935178640542
27.96,-33.81983395563475,61.77983395563475
5.344,-64.77623303479572,70.12023303479572
1.696,-9.983138954266451,11.67913895426645
24.588,98.35915506734113,-73.77115506734114
7.98,155.0419316037919,-147.06193160379192
288.0,284.1759739285121,3.8240260714878787
146.952,131.39943666912245,15.552563330877547
83.136,87.36690078634456,-4.230900786344563
942.784,848.9966217269352,93.78737827306475
74.352,50.065647274159346,24.286352725840658
26.88,148.37359985769763,-121.49359985769763
10.896,-69.43589123679772,80.33189123679772
3.536,-83.34276077888671,86.87876077888671
528.43,426.7769719528137,101.65302804718624
41.472,238.90875408510442,-197.4367540851044
287.976,303.9020583163517,-15.926058316351714
29.304,10.573264334362648,18.73073566563735
55.328,11.172792885513672,44.15520711448633
1227.9984,804.1283631401956,423.8700368598044
20.416,31.761929003727573,-11.345929003727573
1128.39,1323.664645121471,-195.27464512147094
4.608,-78.23850625660248,82.84650625660248
195.96,212.84784116607807,-16.88784116607806
15.552,-19.46088890677879,35.01288890677879
271.968,264.3821733284824,7.585826671517623
698.352,778.1396981013768,-79.7876981013768
77.728,57.89245617786605,19.835543822133943
46.62,306.4139522125329,-259.7939522125329
537.544,457.7079097173073,79.83609028269268
14.62,-74.29678523749362,88.91678523749363
22.55,76.63842665643438,-54.08842665643438
583.8,485.6929037255193,98.10709627448068
211.168,200.98747481274404,10.180525187255967
12.96,-66.94329665421014,79.90329665421015
45.98,2.0187666017475294,43.96123339825247
1294.75,1065.7398215815447,229.01017841845533
1799.97,1367.8440960203056,432.1259039796944
10.688,-76.42079581626467,87.10879581626467
221.98,307.71996734264985,-85.73996734264986
341.96,512.656342662374,-170.69634266237398
34.77,7.508916499847828,27.261083500152175
18.9,-15.169040847997849,34.06904084799785
102.72,96.47336941201502,6.246630587984981
40.48,-10.85474221444747,51.334742214447466
33.282,42.36996781702305,-9.087967817023056
118.65,169.51530352105738,-50.86530352105737
14.76,88.84752726023567,-74.08752726023566
37.52,45.92109590111704,-8.401095901117039
207.144,216.68347277419934,-9.53947277419934
13.9,74.26757249978982,-60.36757249978982
266.352,276.9285870125427,-10.576587012542745
307.98,456.38878729818043,-148.4087872981804
44.1,148.46265977824055,-104.36265977824056
13.12,24.49037529269708,-11.370375292697082
16.56,-98.56881761964928,115.12881761964928
38.88,137.38798885021447,-98.50798885021447
335.52,348.12842305674985,-12.60842305674987
959.984,1635.9383615357708,-675.9543615357708
4.086,-50.28381910376811,54.36981910376811
55.984,13.275685507127037,42.708314492872965
10.688,-73.9315308446794,84.6195308446794
8.856,-24.19039648484977,33.04639648484977
6.912,-31.37534818822337,38.28734818822337
26.72,85.4580986326007,-58.738098632600696
33.488,195.00692649552116,-161.51892649552116
10.56,-73.66477429054385,84.22477429054385
386.34,577.5916073298207,-191.25160732982073
33.44,349.7268722720346,-316.2868722720346
39.96,-10.222917577910493,50.182917577910494
1217.568,2126.2919525071216,-908.7239525071216
15.51,-85.44664851233188,100.95664851233188
89.9,69.51020711162118,20.38979288837882
14.28,31.769699760061258,-17.489699760061256
12.72,-24.649472276643564,37.36947227664356
15.75,73.27907973519314,-57.529079735193136
70.95,43.03776352918908,27.912236470810925
65.568,17.50098673765342,48.06701326234658
299.97,332.6055600311249,-32.635560031124896
89.97,60.936572335037,29.033427664963
31.86,-36.95767720602089,68.81767720602089
67.15,124.48648368523345,-57.336483685233446
7.236,15.735688706126439,-8.499688706126438
4.824,-28.798596580716776,33.622596580716774
91.36,145.16988875970537,-53.80988875970537
130.112,147.2171052789049,-17.105105278904915
74.24,108.67712193451621,-34.43712193451621
159.84,397.5782489583398,-237.73824895833982
2.892,-52.850036310930136,55.74203631093014
9.392,-79.71325945356148,89.10525945356147
123.92,142.01112574166336,-18.09112574166336
55.6,117.29063045561998,-61.690630455619974
617.976,664.8621602969703,-46.886160296970274
21.312,-9.86291882804494,31.17491882804494
209.94,258.5659298669748,-48.625929866974786
31.984,-15.18455348441853,47.16855348441853
5083.96,4171.143525246518,912.816474753482
35.96,-9.07194347608629,45.03194347608629
31.05,5.392717230015705,25.657282769984295
8.92,29.139392009919447,-20.219392009919446
209.6,225.47385974596773,-15.873859745967735
111.04,130.72775726489294,-19.687757264892937
38.88,152.4811678878391,-113.6011678878391
36.27,20.32619265625999,15.943807343740012
493.43,383.84194723128735,109.58805276871266
11.12,-78.25718665113209,89.37718665113209
686.4,1100.6060593364743,-414.20605933647437
15.92,85.96783083636592,-70.04783083636592
70.68,463.9887461924161,-393.3087461924161
541.24,492.0529055089929,49.18709449100709
101.994,96.27543952892506,5.718560471074937
18.264,-28.455788324991545,46.71978832499154
21.99,141.1504248172762,-119.1604248172762
185.376,234.2327052961857,-48.85670529618571
58.924,122.63634623714688,-63.71234623714688
480.0,501.6873818491513,-21.68738184915128
34.05,9.64246877068581,24.407531229314188
192.72,460.27720002937144,-267.5572000293714
239.97,249.13448862639052,-9.164488626390522
50.12,196.5506697909409,-146.4306697909409
15.984,-49.00513343735247,64.98913343735246
14.352,-16.298859413036098,30.6508594130361
6.528,66.0750629725685,-59.547062972568504
2.862,17.678394870993316,-14.816394870993316
20.856,276.3367898336496,-255.48078983364962
276.28,382.55064279404314,-106.27064279404317
629.64,556.1888246906062,73.45117530939376
449.97,538.5206456636686,-88.55064566366855
1927.59,1368.6764057844828,558.9135942155172
121.78,118.13373444741205,3.6462655525879484
2676.672,1383.067620354117,1293.604379645883
489.23,771.3508216472185,-282.12082164721846
312.03,337.73959015189894,-25.709590151898965
17.94,-11.77603059640819,29.716030596408192
165.6,159.87981784819476,5.720182151805233
37.52,47.31905935714258,-9.799059357142575
494.97,578.9569670267798,-83.98696702677978
25.06,-41.85439454144944,66.91439454144944
32.064,25.32534992621845,6.73865007378155
18.496,30.934010629117438,-12.43801062911744
191.079,181.72790566205776,9.351094337942243
10.368,-74.2391480742267,84.6071480742267
30.53,-45.29848447726272,75.82848447726272
30.84,-1.5884894871794586,32.42848948717946
75.06,306.2052516788783,-231.1452516788783
66.976,203.996626766934,-137.02062676693401
182.72,326.4342624742485,-143.7142624742485
21.93,-14.527563011341044,36.457563011341044
95.976,85.77738654135146,10.198613458648538
143.928,345.28043602664684,-201.35243602664684
3.564,-46.3550491483918,49.9190491483918
4.928,-78.68995817471341,83.61795817471341
856.656,643.2086071908337,213.44739280916622
13.184,90.3549022314221,-77.1709022314221
48.784,131.59692191950694,-82.81292191950695
76.64,50.19121588828034,26.44878411171966
18.528,189.12357985859057,-170.59557985859058
177.68,239.94552567223877,-62.265525672238766
159.98,202.29481404468356,-42.31481404468357
52.68,18.76379031583747,33.91620968416253
11.568,-24.54872902901593,36.11672902901593
4.572,61.664757338105574,-57.09275733810557
1439.968,1289.056899189704,150.91110081029615
1.728,31.57303022677229,-29.845030226772288
626.1,519.5832194641735,106.51678053582657
99.2,154.94512439424852,-55.74512439424852
609.98,514.1808352036372,95.79916479636279
211.372,276.8184399448744,-65.44643994487438
239.976,253.61109724888547,-13.635097248885472
99.95,161.7243613588148,-61.7743613588148
29.34,9.569612657355947,19.770387342644053
16.74,-51.43845580192533,68.17845580192532
12.672,-20.73187721097929,33.40387721097929
1119.888,887.6952576739712,232.19274232602868
204.85,223.78927783528616,-18.939277835286163
135.984,145.95409392456236,-9.970093924562349
16.4,73.61948501143911,-57.21948501143911
92.96,68.44041402950347,24.51958597049652
7.632,-6.254181335974181,13.88618133597418
4.158,213.2286952074778,-209.07069520747783
179.991,141.17284037120862,38.81815962879139
239.358,233.23398257481654,6.124017425183467
164.88,161.58310910518298,3.296890894817011
10.95,-30.473941541060185,41.42394154106019
19.44,-18.194211330446024,37.63421133044602
12.3,72.75855338884412,-60.45855338884412
13.97,-96.15612708638605,110.12612708638605
934.956,591.4090734386867,343.5469265613133
46.864,8.572402996266874,38.29159700373312
26.16,13.576322132455743,12.583677867544257
23.128,203.98643879101155,-180.85843879101157
59.24,128.2651577583988,-69.02515775839879
155.456,154.37667935066838,1.0793206493316063
8.56,-79.978998637823,88.538998637823
21.0,-14.273793332054993,35.27379333205499
120.0,121.18205078526648,-1.1820507852664832
299.96,299.4559201618663,0.5040798381336913
67.84,175.20236963703223,-107.36236963703223
853.93,658.6488240346393,195.2811759653606
18.688,45.41000976376358,-26.722009763763584
273.96,403.9981706126189,-130.0381706126189
89.97,76.63250217208065,13.33749782791935
756.8,617.6089653182939,139.19103468170601
1.248,-13.866170497808525,15.114170497808525
72.0,112.36427535169764,-40.36427535169764
470.155,413.35524217208126,56.79975782791871
39.128,12.547323041706022,26.580676958293978
19.728,295.37726530702275,-275.64926530702274
151.188,177.3621025376658,-26.174102537665817
271.764,396.39455647368436,-124.63055647368435
47.496,32.05841192809066,15.437588071909339
344.981,348.7612647216049,-3.780264721604908
36.288,194.90584155545503,-158.61784155545502
78.304,49.64485293774328,28.65914706225672
127.785,298.1423587425745,-170.35735874257452
6.104,-16.515608947036526,22.619608947036525
5.76,-90.56444193801508,96.32444193801508
1.72,-52.79515313093202,54.51515313093202
8.952,-7.528265130746831,16.48026513074683
2.334,73.16789948316682,-70.83389948316682
1.728,81.59346920986331,-79.86546920986332
159.04,158.83593903764358,0.20406096235640803
145.98,154.64522236750463,-8.66522236750464
77.952,67.73709280837443,10.21490719162557
95.97,149.35273286272627,-53.38273286272627
105.584,103.32659050431721,2.2574094956827935
9.344,-64.84221664375582,74.18621664375581
9.68,-63.69701131590273,73.37701131590273
4899.93,3361.6292565438303,1538.30074345617
104.75,146.53361240179788,-41.78361240179788
18.528,-47.046667493797486,65.57466749379748
1875.258,766.5666665575466,1108.6913334424535
91.36,133.38653647266915,-42.02653647266915
152.24,172.67926906845332,-20.439269068453314
35.184,-32.686910586488466,67.87091058648846
56.704,-21.60367340265634,78.30767340265635
274.064,336.04649173718553,-61.98249173718551
458.43,357.12510277162505,101.30489722837495
8.226,0.70622878098402,7.519771219015981
5.95,-110.35722513413907,116.30722513413907
15.24,-20.34912144912073,35.58912144912073
239.94,272.4849376468767,-32.54493764687669
23.84,242.8454903614977,-219.0054903614977
92.52,180.87782631072037,-88.35782631072037
37.76,-8.675957431512415,46.43595743151241
7.38,-82.6094825162163,89.9894825162163
5.82,-84.48973889589183,90.30973889589183
3.816,-123.4164058247768,127.2324058247768
26.16,30.97302509881706,-4.813025098817061
100.8,89.4439134915192,11.3560865084808
135.8,248.80443483425165,-113.00443483425164
13.9,71.34059400536853,-57.44059400536853
19.4,74.28742751001687,-54.88742751001687
13.488,-64.79738258442194,78.28538258442194
11.416,-99.87154824432992,111.28754824432991
17.64,-28.423461923801142,46.06346192380114
17.04,-22.27033489846076,39.31033489846076
99.98,99.03977678857518,0.9402232114248221
29.46,150.9845635014517,-121.5245635014517
166.92,534.4291188282442,-367.50911882824425
98.328,75.43835095738064,22.889649042619368
117.882,268.7991729316634,-150.9171729316634
20.97,-8.056462750445235,29.026462750445233
139.96,154.58638845656424,-14.626388456564229
37.74,17.923724215918583,19.81627578408142
14.82,-20.32613143685785,35.14613143685785
191.82,201.9882938986384,-10.16829389863841
13.904,-60.78924279097805,74.69324279097805
314.6,315.70485525851245,-1.1048552585124298
283.56,275.5838259577681,7.976174042231889
487.96,778.4942707467252,-290.5342707467252
1793.98,3216.0369262604245,-1422.0569262604245
2.992,83.62218827702327,-80.63018827702327
108.768,117.12415631411659,-8.356156314116589
25.92,29.503386666662664,-3.583386666662662
22.58,-54.93372393614004,77.51372393614004
55.176,39.05770210872902,16.118297891270984
9892.74,4824.6684766643175,5068.071523335682
73.915,127.31116049905586,-53.39616049905585
337.088,317.6453275244378,19.442672475562233
61.44,37.411963960055346,24.028036039944652
479.97,557.6921571860877,-77.72215718608766
5.984,-87.63549631330261,93.6194963133026
189.95,209.73187339011997,-19.781873390119983
149.95,179.68932013102085,-29.73932013102086
29.95,90.2723609599957,-60.32236095999569
44.4,10.953230181385607,33.44676981861439
66.03,52.52087871050276,13.509121289497244
10.86,-79.48626887464707,90.34626887464707
3.36,-79.8073227554537,83.1673227554537
27.936,33.856180190694204,-5.920180190694204
28.784,-34.79009551147942,63.57409551147942
21.96,-48.21718165384755,70.17718165384755
21.98,-43.047867442356846,65.02786744235685
2621.322,1387.1494238134724,1234.1725761865277
74.76,218.96717003100457,-144.20717003100458
364.776,392.27047145038114,-27.494471450381127
1115.17,843.1876949551321,271.982305044868
89.696,88.88289064517426,0.8131093548257411
50.12,49.24361565852314,0.8763843414768573
36.48,116.56718191038863,-80.08718191038864
322.192,608.2629116295075,-286.07091162950746
2.946,37.48705346587667,-34.54105346587667
19.136,33.16884957056163,-14.032849570561634
23.08,-38.27528170325627,61.35528170325627
90.48,66.78195247772419,23.698047522275814
215.976,220.449418820873,-4.4734188208730075
65.94,47.736893015625355,18.203106984374642
11.352,-24.454451909499085,35.80645190949909
24.56,-48.97714776200996,73.53714776200997
16.56,-96.50309988083018,113.06309988083018
279.95,280.9754802994735,-1.025480299473486
828.84,596.2516495483695,232.5883504516305
7.218,6.726923860808256,0.491076139191744
27.2,46.833025999755364,-19.633025999755365
89.97,74.79275668995433,15.177243310045668
318.08,306.99528799364043,11.084712006359553
5.8,-125.31049152146306,131.11049152146308
143.952,205.08777790425938,-61.135777904259385
19.44,-25.456741402899752,44.89674140289975
5.56,-68.80268210899862,74.36268210899863
146.73,138.53588092643463,8.19411907356536
29.9,89.47670366648208,-59.57670366648208
276.784,396.9653495649652,-120.18134956496522
93.032,105.91634571283453,-12.88434571283453
454.965,356.8970219320572,98.06797806794276
246.168,263.0312607498943,-16.863260749894266
295.4,269.36189988881574,26.038100111184235
348.56,401.89569114770484,-53.335691147704836
15.552,-11.741559930588892,27.29355993058889
482.94,309.8516298410525,173.0883701589475
299.98,443.7447509672945,-143.7647509672945
403.68,401.9728008734328,1.7071991265672182
41.9,-16.35646143067197,58.25646143067197
28.91,185.57464407759994,-156.66464407759995
32.4,82.94296532742783,-50.54296532742783
369.544,373.61243854055056,-4.068438540550574
10.368,-70.66234966816614,81.03034966816614
791.88,902.4539636525685,-110.57396365256852
23.64,0.5201405951700053,23.119859404829995
84.784,73.12110502664973,11.662894973350276
64.96,151.3235347753157,-86.3635347753157
32.06,401.68591548260247,-369.62591548260247
177.648,225.84175141371452,-48.19375141371452
287.91,313.5275589665589,-25.617558966558875
22.368,-38.856683181137214,61.22468318113721
32.368,190.32258473936008,-157.9545847393601
207.984,279.06605599385966,-71.08205599385965
36.4,98.67782460690773,-62.277824606907735
22.96,-39.02936852861126,61.98936852861126
315.2,301.0725903033067,14.127409696693292
15.18,-21.799193048274674,36.979193048274674
623.96,501.129667255042,122.83033274495801
429.6,618.642988537315,-189.04298853731495
31.968,-26.573328095352508,58.54132809535251
887.271,955.2174478608142,-67.94644786081426
21.696,36.18315250329488,-14.487152503294876
22.05,176.50652778545987,-154.45652778545985
99.9,145.53695309442128,-45.63695309442127
90.86,215.9323167340849,-125.07231673408491
7.78,-127.3411879496739,135.1211879496739
78.759,328.7319295364148,-249.97292953641477
9.552,-7.178161526998792,16.730161526998792
5.344,47.44262957003275,-42.09862957003275
8.28,-70.5978566408885,78.8778566408885
50.136,47.39690694059641,2.7390930594035936
88.074,229.8394176244508,-141.76541762445078
301.47,259.4031179574624,42.0668820425376
18.656,-48.34021160104044,66.99621160104044
27.46,-41.67266167990283,69.13266167990284
125.13,119.11617718274033,6.0138228172596655
555.96,466.04788773145106,89.91211226854898
129.552,125.02736048810311,4.524639511896879
51.984,52.3513109873586,-0.3673109873586
10.272,-16.636070010629737,26.908070010629736
18.336,-27.081690204727238,45.417690204727236
180.96,199.35190999060774,-18.39190999060773
475.944,435.1432132160958,40.80078678390424
159.98,189.32815662048074,-29.34815662048075
43.6,51.666465775066854,-8.066465775066852
8.288,-75.72032221521158,84.00832221521158
1123.128,735.2561986092884,387.87180139071154
64.9,120.7520417168364,-55.852041716836396
2.808,36.90340934657934,-34.09540934657934
99.98,90.42616643898214,9.553833561017868
8.04,132.15035172490502,-124.11035172490503
1564.29,1043.5348264769304,520.7551735230695
138.56,146.3519269149117,-7.7919269149116985
65.52,117.38057761607934,-51.86057761607934
14.576,-64.90888387813857,79.48488387813856
23.2,-47.15902383200455,70.35902383200455
16.464,182.47184254367676,-166.00784254367676
19.312,-47.73352053698159,67.04552053698158
40.08,148.25054905437673,-108.17054905437674
101.96,90.50256698627959,11.457433013720404
259.74,590.7466830563384,-331.0066830563384
255.42,398.99966260801875,-143.57966260801877
4.338,9.490337641937913,-5.152337641937913
11.88,117.52541050476157,-105.64541050476157
405.86,398.7471673719497,7.1128326280503416
680.01,796.9626521110202,-116.95265211102026
2.376,-38.28738686043039,40.663386860430386
143.128,125.649430121367,17.47856987863298
4476.8,3967.682810347726,509.1171896522742
104.85,218.31514080147076,-113.46514080147077
241.44,254.71711880456496,-13.277118804564964
319.76,663.3595851926243,-343.5995851926243
45.68,-11.50630533079402,57.18630533079402
31.96,-35.482352426237185,67.44235242623719
47.9,8.293085510713126,39.60691448928687
1112.94,1285.5840581018706,-172.64405810187054
22.92,-29.113605263619775,52.033605263619776
71.976,55.38547189248925,16.59052810751075
19.44,-14.588005988472787,34.028005988472785
31.086,36.77162678689979,-5.685626786899789
13.98,-56.85612559206311,70.83612559206311
23.65,-52.829422398961015,76.47942239896102
707.88,778.7455459748104,-70.8655459748104
11.952,-29.229716512544428,41.181716512544426
31.128,-2.118336412477447,33.24633641247745
55.76,69.95670663238116,-14.196706632381158
24.56,-58.05706310733581,82.61706310733581
51.75,33.860043156578286,17.889956843421714
207.184,574.0124656120405,-366.82846561204053
1473.1,1206.7166968463694,266.38330315363055
3.488,-67.63278721845586,71.12078721845586
21.728,46.13736760097936,-24.40936760097936
663.072,456.6122161606247,206.4597838393753
99.588,95.96083892722004,3.6271610727799555
49.568,7.037923768542669,42.53007623145733
29.372,247.18027699892787,-217.80827699892785
344.704,519.9721274008718,-175.26812740087183
47.992,207.56800614617828,-159.5760061461783
102.24,116.28965231695247,-14.049652316952475
39.96,-22.294629091174556,62.25462909117456
1432.0,1079.723231160765,352.27676883923505
41.04,150.3199534152991,-109.2799534152991
256.784,742.8060426035935,-486.0220426035935
120.98,275.2241067881705,-154.24410678817048
315.98,967.352595193608,-651.3725951936079
28.752,0.6381172392980261,28.113882760701973
114.95,162.29017692788761,-47.34017692788761
23.04,234.07099562668895,-211.03099562668896
15.48,-27.15809286935996,42.638092869359966
51.84,237.7739269676315,-185.9339269676315
39.816,5.709021765909256,34.10697823409075
16.06,-75.59070151192464,91.65070151192464
7.28,-125.52298335527666,132.80298335527667
5.4,-47.30887563903684,52.70887563903684
19.44,-19.149527516736953,38.58952751673695
39.88,-10.6036312878241,50.4836312878241
79.44,66.9817840401015,12.458215959898496
20.664,187.57299681236123,-166.90899681236124
32.4,88.22115713821972,-55.821157138219725
13.762,-13.016944750283301,26.7789447502833
15.28,-76.68913458308998,91.96913458308998
44.688,212.687718457757,-167.999718457757
301.47,275.8797622166028,25.590237783397242
11.07,-37.0282080220436,48.0982080220436
1504.52,1397.8808102039138,106.63918979608616
25.92,27.66542745969923,-1.7454274596992292
7.536,191.3052519445796,-183.7692519445796
1.408,-17.203781222492808,18.61178122249281
4.144,79.46797143057324,-75.32397143057324
52.752,30.66913671736347,22.08286328263653
381.36,389.5028396808316,-8.142839680831571
6.72,3.2359072812748764,3.4840927187251234
15.192,-33.7158704170954,48.9078704170954
58.32,293.19133707738865,-234.87133707738866
946.764,439.24212309138807,507.52187690861194
94.68,319.6319815456534,-224.95198154565338
23.67,-4.208457258913086,27.878457258913087
1091.168,961.0490440144946,130.1189559855053
18.69,181.36413712625495,-162.67413712625495
568.728,615.5408638883284,-46.81286388832848
7.312,-125.42252876377802,132.73452876377803
147.568,164.82054285195136,-17.252542851951347
56.784,177.87162858912552,-121.08762858912553
5.607,8.109379607792789,-2.502379607792789
6.576,-17.79361275375345,24.36961275375345
14.304,126.57500729342678,-112.27100729342678
119.833,272.34889908814534,-152.51589908814535
5.56,-87.87013310760244,93.43013310760244
32.4,88.19848013630917,-55.79848013630917
9.84,-25.673943185838652,35.513943185838656
2.78,-135.71641774590012,138.49641774590012
3.64,-128.95848295869564,132.59848295869563
881.93,682.6363006759791,199.29369932402085
115.84,283.48369147055155,-167.64369147055154
107.648,94.79884857031243,12.849151429687566
199.95,219.41388956284004,-19.463889562840052
12.96,-80.5823279407773,93.54232794077731
60.89,65.54037009635658,-4.650370096356582
14.94,-27.438160780432554,42.37816078043255
9.64,-87.68129933599266,97.32129933599266
332.94,359.4556112162941,-26.515611216294076
51.9,21.340514850884574,30.559485149115424
64.96,27.011470112285224,37.94852988771477
25.5,-4.1640802416184215,29.66408024161842
215.976,215.2022821161445,0.773717883855511
389.97,421.0659222115057,-31.095922211505695
269.91,273.9891078154576,-4.079107815457576
11.673,25.950036121042558,-14.277036121042558
64.848,222.92247748140312,-158.0744774814031
14.56,-69.5909349690246,84.1509349690246
102.582,214.6393323634736,-112.05733236347362
20.04,-19.206304020915923,39.24630402091592
32.088,196.61647311664683,-164.52847311664684
4305.552,3060.081576873027,1245.4704231269725
10.02,-25.393605234761708,35.413605234761704
631.96,653.7395299922189,-21.77952999221884
1577.94,1992.4006727840551,-414.4606727840551
255.85,331.36709001681425,-75.51709001681425
184.704,232.98087043057035,-48.27687043057034
47.92,-7.949394508368414,55.869394508368416
15.936,35.57349372276508,-19.63749372276508
8.001,219.6520053479851,-211.6510053479851
398.972,590.9522262535917,-191.9802262535917
163.88,219.6932363121291,-55.813236312129106
67.9,130.25127360694432,-62.35127360694432
72.224,92.05790784493684,-19.83390784493683
11.696,-80.91654465390229,92.61254465390229
392.94,439.42328523839365,-46.48328523839365
18.176,-74.72161449443092,92.89761449443093
6.888,47.72576260876485,-40.837762608764855
457.485,473.9016647763917,-16.416664776391713
1079.316,735.9881398553104,343.3278601446897
48.91,21.001409526814996,27.908590473185
9.84,-33.16947304542646,43.00947304542646
34.5,-8.082385867036692,42.58238586703669
0.556,-68.23601995654508,68.79201995654508
43.8,140.72521861071436,-96.92521861071437
13.872,-16.5309438239442,30.4029438239442
115.96,126.56279691176314,-10.60279691176315
41.424,-10.072116632755751,51.49611663275575
244.768,241.48080360487506,3.287196395124937
74.352,59.4375170703197,14.914482929680304
4.312,-12.207896242538482,16.519896242538483
56.686,71.43292167565892,-14.746921675658918
97.968,91.16596278518796,6.802037214812046
7.872,-17.332598653888454,25.204598653888453
15.552,-14.90994298821829,30.46194298821829
1.476,-65.67258296824821,67.1485829682482
8.4,86.5866954029143,-78.1866954029143
6.56,-77.61732037328898,84.17732037328898
14.88,-59.834855665883424,74.71485566588342
45.48,61.480852456038065,-16.000852456038068
25.44,136.66111165673487,-111.22111165673488
146.688,309.699317276991,-163.011317276991
4.928,-77.94700665351161,82.8750066535116
63.488,81.52809317211336,-18.04009317211336
418.32,410.78279386809413,7.537206131905862
123.858,121.46640361636764,2.3915963836323613
118.782,113.50775655351663,5.274243446483368
769.184,629.345131687442,139.83886831255802
47.904,37.938275700126724,9.96572429987328
13.36,-66.3863831877793,79.7463831877793
163.764,211.0161645307153,-47.25216453071528
183.92,192.23068701568263,-8.310687015682646
11.376,11.546963747925474,-0.17096374792547486
66.112,108.1702425334388,-42.0582425334388
211.04,340.46239015895003,-129.42239015895004
594.816,940.4381792162641,-345.62217921626404
72.96,46.117290756683815,26.84270924331618
80.96,92.26244885456777,-11.302448854567771
455.712,698.5342341853316,-242.82223418533158
25.98,-48.564959364668766,74.54495936466877
45.28,55.81816075235315,-10.53816075235315
15.56,-91.73727884843584,107.29727884843584
859.2,967.6870370398657,-108.48703703986564
195.68,194.22087462884815,1.4591253711518561
14.2,19.068381063230163,-4.868381063230164
314.352,309.9107873161379,4.441212683862091
4.608,-97.9511102146339,102.5591102146339
17.9,72.74662585435453,-54.846625854354535
2.992,-138.08238630322444,141.07438630322443
20.064,127.64582307144065,-107.58182307144065
146.73,145.25545667041115,1.4745433295888404
18.75,75.52574504655081,-56.77574504655081
117.576,104.45575761825489,13.1202423817451
51.184,196.58756586568893,-145.40356586568893
455.97,357.78185072936867,98.18814927063136
5.715,110.22793740226916,-104.51293740226916
57.594,63.39360902558519,-5.799609025585191
30.144,-40.34482500160652,70.48882500160653
899.43,679.5517288787191,219.87827112128082
842.72,659.7713802220733,182.94861977792675
41.96,-8.568640763769508,50.52864076376951
13.216,33.864313145949154,-20.648313145949153
184.752,190.93566076664092,-6.183660766640912
520.464,783.3552897849313,-262.89128978493125
11.424,-30.957678755029747,42.381678755029746
19.44,-18.712920884785945,38.15292088478594
3.64,-82.6937797082096,86.3337797082096
18.54,-67.04832310673305,85.58832310673304
43.12,94.24278608514965,-51.12278608514965
313.722,298.91588276148536,14.806117238514616
45.98,20.51645751943329,25.46354248056671
428.68,391.0824433591506,37.597556640849405
30.576,150.61517982025407,-120.03917982025408
13.02,201.69236143796297,-188.67236143796296
22.14,-2.7579715648546426,24.897971564854643
359.32,337.8677562690591,21.452243730940893
11.56,-74.7959877926537,86.3559877926537
68.48,36.345451149862356,32.13454885013765
1676.88,1105.1788710933683,571.7011289066318
37.94,-33.99308744766972,71.93308744766972
272.97,283.45113752039424,-10.481137520394213
41.568,67.03485243269256,-25.466852432692562
317.058,308.94499236480283,8.113007635197164
8.04,69.31547630922546,-61.27547630922546
419.944,394.25280541334314,25.691194586656877
61.38,171.02769313285762,-109.64769313285763
50.0,0.5253191723372765,49.47468082766272
31.8,5.546239925427699,26.253760074572302
32.56,-20.92563246107443,53.48563246107443
7.072,-78.00481711571888,85.07681711571888
45.528,20.44200791088315,25.08599208911685
64.784,89.83220893294856,-25.048208932948555
424.272,632.830136431912,-208.55813643191203
1.344,-138.26669935714563,139.61069935714562
83.92,139.9610538246268,-56.041053824626786
25.92,33.613550155034545,-7.6935501550345435
120.576,283.40063242991073,-162.82463242991074
79.92,90.97729257246306,-11.057292572463055
12.28,-105.28754512551723,117.56754512551723
542.94,631.1744037988308,-88.23440379883073
2.04,-140.59690347452852,142.6369034745285
228.92,244.10472574681717,-15.184725746817179
7.992,-129.10284217973935,137.09484217973935
582.336,465.01768994163535,117.31831005836466
629.95,550.4118383790733,79.53816162092676
631.782,1027.8987779169945,-396.11677791699447
801.568,1268.8763167290365,-467.3083167290365
75.18,167.364782786884,-92.184782786884
30.98,-32.97877021966633,63.958770219666334
1349.91,1013.6966381547529,336.21336184524716
14.112,135.7503563976718,-121.6383563976718
31.12,20.510184052519662,10.609815947480339
4.272,-76.79068204095643,81.06268204095643
209.148,263.14123234165004,-53.99323234165004
1591.02,1121.012746949375,470.00725305062497
7.92,83.37842046949504,-75.45842046949504
574.91,925.3913178152261,-350.48131781522613
8.448,-84.2033763436682,92.6513763436682
1071.0,744.3451826088047,326.65481739119525
12.07,-98.23322284953656,110.30322284953655
3.273,-95.68196473958915,98.95496473958914
87.92,135.8751049193893,-47.955104919389285
104.696,214.31441972786297,-109.61841972786297
2803.92,1957.2801862488434,846.6398137511567
6.816,-4.400097511692138,11.216097511692137
249.584,356.9906089598014,-107.40660895980142
17.94,-8.251204233439012,26.191204233439013
10.11,-9.64109522731519,19.75109522731519
10.368,-65.57936096258118,75.94736096258117
11.952,-45.343933068466185,57.295933068466184
15.224,32.04887073003533,-16.824870730035332
21.984,224.62276740520497,-202.63876740520496
604.752,487.9809474221396,116.77105257786036
40.7,103.34974135272046,-62.649741352720454
302.376,325.3673604878152,-22.9913604878152
45.0,21.789537601810935,23.210462398189065
3785.292,2407.526310488345,1377.7656895116547
35.4,106.34157770796742,-70.94157770796741
199.9,229.05965366339888,-29.15965366339887
1212.96,732.2086484932876,480.75135150671247
1099.96,851.6932049022564,248.26679509774362
103.481,228.10687598733466,-124.62587598733467
5.904,-79.60999335432712,85.51399335432711
30.08,-24.16799467637975,54.24799467637975
36.288,191.7934501142015,-155.5054501142015
10.272,-16.327803186395386,26.599803186395384
252.8,232.7546749436508,20.045325056349213
2.946,-47.74958679749966,50.69558679749966
12.96,-71.01785679424552,83.97785679424553
285.576,265.78894799655495,19.78705200344507
22.24,-44.946579646108376,67.18657964610837
14.62,-58.39038309000489,73.0103830900049
48.36,119.12499944511069,-70.76499944511069
16.256,-58.00948443590164,74.26548443590164
219.184,286.475475218833,-67.29147521883303
95.84,99.6556387604287,-3.8156387604286977
12.39,-29.257537124430883,41.64753712443088
35.88,142.2293966833438,-106.3493966833438
477.3,451.3413471280842,25.95865287191583
12.32,33.28925473622121,-20.96925473622121
8.608,-74.78832900765224,83.39632900765224
136.26,347.7681671333985,-211.5081671333985
186.15,198.15504276218985,-12.005042762189845
81.792,176.32084864498415,-94.52884864498415
47.19,27.704039219957167,19.48596078004283
36.784,-9.474613121780976,46.258613121780975
91.475,183.65158040839287,-92.17658040839288
27.192,14.08158727231671,13.11041272768329
12.06,119.43139105943055,-107.37139105943055
144.6,143.29389535588894,1.306104644111059
15.992,-68.60733046337532,84.59933046337532
34.44,9.494848649872893,24.945151350127105
321.552,316.52949782311316,5.02250217688686
701.96,1155.3975302717836,-453.43753027178354
19.456,37.09872608480464,-17.64272608480464
17.28,128.98813240365075,-111.70813240365075
31.96,-10.298881851096212,42.25888185109621
164.688,229.04005529962205,-64.35205529962207
166.5,198.41640162216936,-31.91640162216936
12.96,-72.25589660302126,85.21589660302126
110.96,107.97623718248246,2.9837628175175297
99.98,91.80508726388598,8.174912736114024
11.424,-102.98009606153619,114.4040960615362
128.124,141.0633678580882,-12.939367858088218
101.4,152.13521484845478,-50.735214848454774
5.904,-83.67422533929494,89.57822533929493
173.488,270.9087097631325,-97.42070976313249
51.56,36.26178344128152,15.29821655871848
3.564,34.15651261297171,-30.59251261297171
13.16,79.76731676552936,-66.60731676552936
3.828,41.75911426425682,-37.93111426425682
304.99,157.99970905171153,146.99029094828848
18.16,-44.79535735503964,62.95535735503964
319.984,484.7242762606137,-164.7402762606137
19.68,130.6671147267391,-110.9871147267391
781.864,567.4244987214084,214.4395012785916
30.816,292.1876421246186,-261.37164212461863
673.344,710.7573123609266,-37.41331236092651
6.54,-34.97619699943698,41.51619699943698
572.8,896.7574625341357,-323.95746253413574
197.05,287.759943369801,-90.70994336980101
2022.272,1315.056273161626,707.2157268383739
9.12,-33.51681089139174,42.63681089139174
38.16,286.3529353250326,-248.1929353250326
1592.85,1069.0073281115842,523.8426718884157
11.88,-83.62692725213947,95.50692725213946
120.0,199.8646106759238,-79.86461067592381
8.67,-119.27441041606971,127.94441041606972
4.41,-147.64543033817677,152.05543033817676
167.94,128.91984968777865,39.02015031222135
67.8,342.04507895685197,-274.24507895685196
26.94,3.9244520914000987,23.015547908599903
32.04,7.542195844950584,24.497804155049415
32.13,304.44236361271805,-272.31236361271806
2.88,-122.46839901067096,125.34839901067096
1091.93,802.7138797577874,289.2161202422127
111.96,116.1770221655297,-4.217022165529713
26.7,-47.334953034314594,74.0349530343146
40.2,83.75382399958676,-43.553823999586754
13.89,-29.574732068588446,43.46473206858845
689.82,515.983624086283,173.836375913717
38.34,296.89066645532534,-258.5506664553253
9.264,26.3908240398182,-17.1268240398182
204.6664,562.7338135805244,-358.0674135805244
1649.75,1378.859563931289,270.8904360687111
91.056,178.37202967286157,-87.31602967286157
54.208,550.7815799798761,-496.5735799798762
26.982,2.613726377578814,24.368273622421185
6.912,-30.63778336315704,37.54978336315704
435.504,474.35394989629845,-38.849949896298426
81.08,86.2585160768349,-5.178516076834896
93.02,73.00886781628469,20.011132183715304
323.976,352.5597118075252,-28.58371180752522
15.552,-14.185867187909025,29.737867187909025
32.592,20.50122348133459,12.090776518665407
83.92,127.7787027270781,-43.8587027270781
199.9,223.8039846181075,-23.9039846181075
31.176,17.575525870340243,13.600474129659755
172.752,236.52198683225083,-63.76998683225082
9.296,-75.00462728913658,84.30062728913657
12.768,-61.322673793306194,74.0906737933062
52.76,-20.731959672806852,73.49195967280684
55.616,23.58288520790711,32.03311479209289
427.644,686.9243655980127,-259.28036559801274
40.67,205.63814571331295,-164.96814571331294
33.48,-14.576698913815108,48.056698913815104
9.728,-67.52470182170146,77.25270182170145
8.856,0.5836572789557977,8.272342721044202
477.666,743.8203193530737,-266.15431935307373
16.9,73.76762845722305,-56.867628457223056
39.96,-28.027919690593308,67.98791969059332
191.968,277.12691507088357,-85.15891507088358
35.52,9.320656957726442,26.19934304227356
6.23,143.61449056733977,-137.38449056733978
56.704,15.86615946644838,40.83784053355162
369.1992,368.0486368847662,1.1505631152338083
1.98,-89.12332521821486,91.10332521821486
75.88,47.26517701350167,28.614822986498325
6.848,-77.46763433764568,84.31563433764568
4.626,-41.37672655535721,46.00272655535721
453.6,509.93315234841793,-56.33315234841791
13.848,-35.96085861750521,49.80885861750521
577.584,475.2541786547722,102.32982134522774
151.96,171.31536759742175,-19.355367597421747
68.432,214.37990754396264,-145.94790754396263
71.12,135.1802581610682,-64.06025816106819
3.008,-103.1892396932858,106.1972396932858
184.66,285.3575287853346,-100.69752878533458
5.312,-49.5494397362304,54.861439736230395
132.52,163.9200629637437,-31.400062963743693
195.64,198.50923492236052,-2.8692349223605333
51.968,2.301113448338583,49.66688655166142
431.976,434.64245901891627,-2.666459018916271
224.937,195.57829206038036,29.35870793961965
6.0,-82.58419085303944,88.58419085303944
11.76,-79.92001029427956,91.68001029427957
1125.488,751.9605958601932,373.5274041398069
12.645,109.49472043026321,-96.84972043026322
4.032,-81.845620159693,85.877620159693
79.96,79.2787375819853,0.6812624180146969
6.732,156.05065448811683,-149.31865448811683
33.568,-23.56231704967422,57.13031704967422
15.84,-63.23468980643452,79.07468980643452
24.424,-63.73515556967914,88.15915556967914
17.12,84.61705048017802,-67.49705048017802
31.56,-6.222267664264564,37.782267664264566
105.686,232.0540994972082,-126.36809949720819
399.54,580.1134860454729,-180.57348604547286
104.93,157.47478981949553,-52.54478981949552
1079.85,1286.027022681597,-206.177022681597
70.98,103.21261182682224,-32.232611826822236
29.95,90.40120546710727,-60.45120546710727
589.41,470.07706452011166,119.3329354798883
9.648,129.12945745082948,-119.48145745082948
400.784,1219.3947945543932,-818.6107945543932
53.72,58.665054163542436,-4.945054163542437
31.008,-41.676677816634765,72.68467781663476
61.12,107.48871780871559,-46.368717808715594
195.136,181.51422094637883,13.621779053621168
121.536,128.3933163641275,-6.857316364127485
17.472,-18.37925895511262,35.85125895511262
104.58,323.63924068309143,-219.05924068309145
24.7,120.1198768953775,-95.4198768953775
302.72,208.159095235,94.56090476500003
8.56,-70.50803751518743,79.06803751518743
11.56,-67.94241679751303,79.50241679751304
25.86,-9.618623654716657,35.47862365471666
276.784,401.8149272140231,-125.03092721402311
110.352,95.64605269464914,14.705947305350861
60.84,39.423294493387175,21.41670550661283
35.208,-4.25760802124546,39.46560802124546
41.472,245.80331703515617,-204.33131703515616
239.5,258.7997614714627,-19.299761471462716
34.2,104.01059609304252,-69.81059609304252
376.866,353.35632878056276,23.509671219437223
197.72,207.39834914464882,-9.67834914464882
70.72,85.32189796875355,-14.601897968753548
194.352,186.88796946277853,7.4640305372214755
21.6,134.34459715015373,-112.74459715015374
11.07,-26.980719781921835,38.050719781921835
282.84,264.6402993001916,18.199700699808375
27.72,279.87013179529526,-252.15013179529527
11.68,-4.745528899153669,16.42552889915367
239.984,329.5929683525478,-89.6089683525478
22.98,-56.66995973632197,79.64995973632197
102.13,238.41555747652774,-136.28555747652774
2033.584,3605.04772832884,-1571.46372832884
5.76,-75.8627585293284,81.62275852932841
899.982,1009.621221885621,-109.63922188562105
86.352,75.2826273654855,11.069372634514508
139.96,178.2848455297019,-38.32484552970189
16.704,151.81276596602697,-135.10876596602697
3.152,-67.09778790244604,70.24978790244604
32.896,55.36630652507142,-22.470306525071422
21.392,37.83024352670418,-16.43824352670418
307.314,310.78969684526965,-3.475696845269624
409.9992,409.17658672902894,0.8226132709710328
9.248,-74.8794611165913,84.1274611165913
14.67,-20.138196598040395,34.8081965980404
37.408,200.1005006875589,-162.6925006875589
3.438,-38.84923217474761,42.287232174747615
7.152,-21.330564566140765,28.482564566140766
179.7,255.28164741244177,-75.58164741244178
90.64,272.76604908172817,-182.12604908172818
177.0,173.6001010977991,3.3998989022009027
79.45,214.23454108555302,-134.78454108555303
1628.82,986.7058697548777,642.1141302451223
137.54,177.90170722174435,-40.36170722174435
730.2,688.9341713656823,41.2658286343177
11.56,-83.32176748083157,94.88176748083157
4297.644,959.6992272663771,3337.9447727336233
20.65,89.5104804536279,-68.8604804536279
204.9,229.97415571522515,-25.074155715225146
436.704,399.01056267966055,37.693437320339456
481.568,758.7994492865997,-277.23144928659974
89.544,218.39237167307624,-128.84837167307626
35.168,-19.741276330832534,54.90927633083253
72.588,47.58917042730741,24.998829572692586
221.16,230.1081054726733,-8.94810547267329
281.97,309.4522345013695,-27.482234501369476
3406.664,1725.1848767497522,1681.479123250248
37.17,295.3163959694916,-258.1463959694916
64.96,26.789982819355373,38.17001718064462
595.38,551.8149288667137,43.565071133286324
95.984,81.92549799343988,14.058502006560119
4.938,-44.273084824335456,49.21108482433546
97.44,93.0161575950383,4.423842404961704
3.984,-122.29666914614563,126.28066914614563
13.04,36.20197303885675,-23.16197303885675
579.528,551.7202015997756,27.807798400224442
18.75,77.56754706357651,-58.81754706357651
3023.928,1493.761060035501,1530.1669399644989
26.96,-38.88620725784995,65.84620725784995
477.6,551.0815526902131,-73.4815526902131
193.95,194.6794800087057,-0.729480008705707
12.96,-79.95674295874846,92.91674295874847
119.94,107.5060212542187,12.433978745781303
12.42,-25.614423947365367,38.03442394736537
18.088,176.7702469617209,-158.6822469617209
71.97,47.54689550727767,24.42310449272233
14.94,-37.582259752757864,52.52225975275786
64.68,211.09063293978352,-146.4106329397835
22.0,88.47650871857104,-66.47650871857104
7.968,-64.80029511198131,72.76829511198132
1499.97,975.8212389754742,524.1487610245258
26.632,-38.601188941235705,65.23318894123571
41.6,51.644129675200475,-10.044129675200473
64.02,168.2081176137367,-104.18811761373671
6.99,-22.248738836691018,29.23873883669102
6.84,-108.78758241561309,115.62758241561309
323.1,481.74559293434834,-158.64559293434831
668.16,560.1444040736625,108.01559592633748
8.64,-34.818742479818866,43.458742479818866
38.88,138.5318484584377,-99.65184845843771
201.04,330.76633437016017,-129.72633437016017
12.96,-73.73724911419572,86.69724911419573
16.59,-97.54110048593247,114.13110048593248
35.1,146.68610454707323,-111.58610454707323
11.646,347.85488914864004,-336.20888914864
32.4,101.6834921048885,-69.2834921048885
503.96,498.26014550956006,5.699854490439918
7.04,14.628368153052406,-7.588368153052406
613.9992,665.1072296195563,-51.108029619556305
470.36,570.3715854387086,-100.01158543870861
31.08,135.64369575593378,-104.56369575593378
7.3,-81.78984183378907,89.08984183378907
73.536,86.78786157605236,-13.251861576052363
491.55,475.3428867031737,16.20711329682632
30.336,42.47994933692962,-12.143949336929623
22.83,-15.354841309565927,38.184841309565925
54.32,67.3990344751735,-13.079034475173493
196.776,197.7726080983698,-0.9966080983697907
3.62,-82.39913788176659,86.0191378817666
11.54,-105.91542239326441,117.4554223932644
849.95,771.4503764562123,78.49962354378772
11.01,-29.526897793422677,40.536897793422675
39.624,8.384704416840123,31.23929558315988
242.136,251.03925470738955,-8.90325470738955
12.39,-27.42137144313142,39.81137144313142
19.96,-50.463335091556246,70.42333509155625
340.92,355.75663961409055,-14.83663961409053
273.568,384.8140473857784,-111.24604738577841
13.194,-26.83405286323614,40.02805286323614
1080.096,711.2017677422921,368.8942322577079
51.56,126.10469273671947,-74.54469273671947
58.416,23.69430110214512,34.72169889785488
57.584,10.902782284644218,46.681217715355785
37.312,60.92382621775005,-23.61182621775005
79.96,133.1984582018249,-53.23845820182491
223.96,230.88119206016495,-6.921192060164941
221.024,280.98949275825976,-59.96549275825976
18.96,-51.90819499625991,70.86819499625992
326.646,357.9510501030011,-31.305050103001065
89.97,67.83225398676996,22.137746013230043
296.712,606.8934237072812,-310.18142370728117
12.224,-75.00159417980171,87.22559417980172
89.97,58.847882644677384,31.122117355322615
286.86,328.4776515028425,-41.61765150284248
979.95,815.570223508733,164.37977649126708
4.36,-92.11429513081794,96.47429513081794
10.048,-55.79908625570533,65.84708625570534
807.75,687.5435744475812,120.20642555241875
34.24,240.56787554153698,-206.32787554153697
500.24,684.9752794707645,-184.73527947076445
20.12,-45.81265025171433,65.93265025171434
896.99,3027.7958546574127,-2130.805854657413
5.88,-112.15488462408416,118.03488462408416
269.98,398.0144097231157,-128.0344097231157
310.12,456.55919524718047,-146.43919524718046
70.464,158.8944286892306,-88.43042868923061
19.68,73.41769316418595,-53.73769316418595
140.67,135.07820347956135,5.591796520438635
4404.9,3408.7316126727424,996.1683873272573
62.65,113.81863692305956,-51.16863692305956
9.45,-33.2048977073307,42.654897707330704
268.576,267.07106511327015,1.5049348867298704
364.08,530.5403695201031,-166.46036952010314
71.088,33.55587996469171,37.53212003530828
10.984,-33.355477870682535,44.339477870682536
797.944,677.2316376929813,120.71236230701868
159.98,194.2730122037699,-34.293012203769905
5.344,-80.32468927227592,85.66868927227591
27.72,-2.448246692279554,30.168246692279553
2.496,-143.13833386882834,145.63433386882835
8.26,-72.58649080505916,80.84649080505916
17.76,-59.61768461470888,77.37768461470888
332.94,355.47326625717983,-22.533266257179832
292.1,434.1715193788466,-142.07151937884657
206.1,233.65679784739518,-27.55679784739519
17.64,29.991377263767617,-12.351377263767617
1403.92,1050.9617497321985,352.95825026780153
4.3,-88.06524165749215,92.36524165749215
239.97,268.5514271342445,-28.58142713424448
81.96,66.99649913195208,14.963500868047916
238.62,333.51272075108,-94.89272075107999
139.8,173.23916684309984,-33.43916684309983
9.84,-82.37440399840739,92.21440399840739
7.78,-121.31891036752677,129.09891036752677
54.9,105.25351636440246,-50.35351636440246
50.04,148.6194600267777,-98.5794600267777
339.92,316.5170057195264,23.402994280473592
10.528,25.944504076321664,-15.416504076321663
42.384,-7.387616624967222,49.77161662496722
123.92,160.49987316482316,-36.579873164823155
135.95,332.30833973064205,-196.35833973064206
2177.584,-109.04827691746846,2286.6322769174685
17.496,27.846760450739566,-10.350760450739568
16.784,98.59969914181397,-81.81569914181398
431.136,454.6871472366788,-23.551147236678787
8.88,150.86278951581494,-141.98278951581494
4.836,36.337855098852515,-31.501855098852516
437.85,503.18143117001364,-65.33143117001362
673.568,1135.2187815678235,-461.6507815678235
274.8,299.1808772884533,-24.38087728845329
62.18,74.62224780653742,-12.442247806537416
8.28,-71.9573595538659,80.2373595538659
48.81,13.584850163281544,35.22514983671846
149.9,187.59854987959102,-37.69854987959101
1023.332,765.2658098104198,258.0661901895802
600.558,652.7390939224058,-52.18109392240581
39.992,7.493246463790911,32.49875353620909
211.246,275.49405273787056,-64.24805273787055
56.064,128.74370064563777,-72.67970064563778
107.772,107.33766425757631,0.43433574242369843
4.832,-120.77542973397567,125.60742973397566
18.24,49.74115368451817,-31.50115368451817
3.798,31.416308722616805,-27.618308722616803
10.368,-58.72498896687944,69.09298896687943
235.188,312.76769740250984,-77.57969740250985
26.376,55.17654176948349,-28.80054176948349
10.384,-58.95425563615504,69.33825563615504
107.118,102.21997564711933,4.898024352880668
97.3,231.6285353579342,-134.3285353579342
3.328,-83.27038441377704,86.59838441377704
135.99,331.494956626633,-195.50495662663297
7.38,-117.4895767763162,124.8695767763162
45.568,-5.309407067663187,50.877407067663185
28.752,268.18644205245596,-239.43444205245595
194.848,198.36458495194506,-3.516584951945049
2.112,-17.278890227521288,19.39089022752129
25.92,95.1105187277542,-69.1905187277542
120.768,139.2002922481356,-18.43229224813561
25.92,34.930960901132266,-9.010960901132265
34.65,2.5741774901921417,32.07582250980786
204.95,230.19047925637778,-25.240479256377796
79.95,123.25875492639261,-43.30875492639261
173.488,272.9378946790507,-99.44989467905071
516.96,455.7427905016443,61.217209498355714
173.208,273.53300858694115,-100.32500858694115
4.448,-75.22463593837028,79.67263593837029
9.0,-29.120535819123916,38.120535819123916
42.24,348.6101355116091,-306.3701355116091
18.264,-28.3051964204451,46.569196420445095
152.91,151.02616463566005,1.8838353643399444
92.94,76.7697726564104,16.170227343589602
17.856,30.220472400224025,-12.364472400224024
46.44,17.452194677568286,28.98780532243171
195.136,189.11021669721617,6.025783302783822
129.3,147.34296469878996,-18.042964698789945
11.568,-22.38835341001868,33.95635341001868
242.352,254.07746882950687,-11.725468829506866
319.968,323.3133536052203,-3.345353605220282
8.624,202.85115129441533,-194.22715129441534
3.984,-127.29441972275686,131.27841972275687
895.944,681.3126402108928,214.63135978910714
14.0,51.58916735440084,-37.58916735440084
16.392,-5.993252159485564,22.385252159485564
10.9,73.0827984740638,-62.182798474063794
29.6,-43.238764060424955,72.83876406042495
4.98,-128.53544982199332,133.51544982199331
479.976,558.0338679730716,-78.05786797307155
44.736,255.76633219599876,-211.03033219599877
5.76,-76.78055784234562,82.54055784234562
483.136,450.8845201194231,32.25147988057694
15.936,20.388134349338543,-4.452134349338543
61.544,216.94720293654814,-155.40320293654815
132.696,115.8506005759964,16.845399424003602
43.1,89.31874884241938,-46.21874884241938
511.5,452.69993970562336,58.800060294376635
147.92,171.1213494970484,-23.201349497048426
39.68,-26.534695415787155,66.21469541578716
12.56,-68.05706460390434,80.61706460390434
90.48,68.18968986643063,22.290310133569378
13.08,-72.34086388485139,85.42086388485139
214.7,238.6200862321391,-23.920086232139113
50.32,61.23158169366934,-10.91158169366934
24.56,-49.67788489298118,74.23788489298119
43.68,145.7075945046804,-102.0275945046804
3393.68,1892.0121057821484,1501.6678942178514
67.4,115.29457686584988,-47.89457686584987
2.52,-77.06460973933417,79.58460973933417
67.8,81.36156531684037,-13.561565316840372
18.76,-61.04057153436247,79.80057153436248
12.12,28.298573553807728,-16.17857355380773
11.34,-113.80276753312455,125.14276753312456
159.8,162.45915245664605,-2.6591524566460407
18.96,-63.04863457197257,82.00863457197258
1085.42,796.7359474924612,288.6840525075389
13.11,-17.096791312558025,30.206791312558025
68.704,29.62557796510123,39.078422034898765
3.132,-44.91624594965947,48.04824594965947
22.428,14.309177641158612,8.118822358841388
290.336,401.3442030109843,-111.00820301098429
19.152,-69.81860305747023,88.97060305747023
6.48,-119.7403355238107,126.2203355238107
63.968,27.986959437606174,35.98104056239383
6.36,-50.196421901905524,56.55642190190552
848.544,723.2799444653346,125.26405553466543
8.7,101.77725213623717,-93.07725213623716
122.382,104.25054242961187,18.131457570388136
573.174,485.6636672620284,87.51033273797157
85.056,34.72711044460539,50.32888955539461
14.04,-34.149562247666836,48.189562247666835
272.61,584.8389849464091,-312.2289849464091
11.16,-113.5840756818668,124.7440756818668
62.31,33.83042440155327,28.47957559844673
159.98,190.9184619990956,-30.93846199909561
5.94,-17.802928602014617,23.74292860201462
9.96,-79.35345485631319,89.3134548563132
79.99,136.91669293336759,-56.92669293336759
8.94,-28.976599477454783,37.91659947745478
20.62,-51.183725078390125,71.80372507839013
124.25,249.75913019542327,-125.50913019542327
297.55,305.35352949571893,-7.803529495718919
403.56,399.9074668526098,3.6525331473902156
95.2,149.43234581997308,-54.23234581997308
153.824,447.5889030794417,-293.7649030794417
62.016,19.021538715200904,42.994461284799094
466.32,510.3850960395282,-44.065096039528214
82.64,66.80185366782007,15.838146332179932
330.588,960.3551438832609,-629.7671438832608
237.096,244.8458536829819,-7.749853682981893
22.752,-9.187421691827922,31.93942169182792
6.672,-118.53350592331708,125.20550592331708
25.128,23.997899785518484,1.1301002144815158
127.984,144.7411292694826,-16.757129269482604
131.88,235.52809548460232,-103.64809548460232
25.032,-22.970008187953226,48.00200818795322
717.72,790.7138470332143,-72.99384703321425
207.35,215.34325335026347,-7.993253350263473
44.67,5.848179272494463,38.82182072750554
209.7,277.7777932673541,-68.07779326735414
115.36,235.8503310206786,-120.4903310206786
362.136,359.8423608662431,2.293639133756926
31.05,-11.882435761327315,42.93243576132731
12.96,-80.51167253753783,93.47167253753784
94.85,133.0257122271796,-38.175712227179616
13.48,-102.9700881044455,116.4500881044455
14.91,-27.44517577883812,42.35517577883812
39.98,0.3236293195820963,39.6563706804179
528.43,396.9661619845674,131.46383801543254
22.386,245.8465846592776,-223.4605846592776
5.742,21.587320243895192,-15.845320243895191
191.968,184.88538991571863,7.082610084281356
49.848,16.866670875762566,32.98132912423743
23.99,-66.48670334099484,90.47670334099483
1087.936,803.6088209241161,284.3271790758838
199.98,266.12088754466913,-66.14088754466914
83.92,94.11761156790749,-10.197611567907487
24.27,-16.05730473556264,40.327304735562635
2799.96,2282.034033010357,517.9259669896433
9.872,-74.07230465964562,83.94430465964562
683.332,592.2462317255465,91.08576827445347
29.96,184.93826280758503,-154.97826280758503
164.85,166.1549373422106,-1.304937342210593
33.528,15.86528599310941,17.66271400689059
36.744,22.361858531925463,14.382141468074536
102.93,90.76575915169292,12.164240848307088
71.088,33.370234061122574,37.71776593887742
60.35,121.01256756224211,-60.66256756224211
35.52,57.549971960674156,-22.029971960674153
11.2,182.50232477569853,-171.30232477569854
223.58,621.0001157991005,-397.4201157991005
998.82,674.8769721853785,323.9430278146216
51.15,111.0069439102001,-59.85694391020011
40.74,29.235170975204483,11.50482902479552
3.424,-126.21897627303747,129.64297627303748
151.2,149.9265005665775,1.2734994334225007
1925.88,1385.1322393266964,540.7477606733037
2405.2,1509.2027603576878,895.997239642312
83.97,53.127495741104894,30.842504258895104
39.89,-18.486421260645102,58.3764212606451
17.38,-76.42385062139124,93.80385062139123
55.264,4.6094805267059655,50.65451947329404
6.48,-130.13898525330706,136.61898525330705
34.248,-0.8817443352265855,35.12974433522658
273.568,383.9253906290296,-110.35739062902962
46.35,106.31140883074454,-59.96140883074454
223.92,245.08234517844767,-21.16234517844768
7.3,-70.92574482216878,78.22574482216878
9.344,-73.85851681625195,83.20251681625194
18.0,-81.88370502615635,99.88370502615635
65.584,24.04581444310429,41.53818555689571
383.4656,331.579270666957,51.88632933304302
10.368,-70.97742128392065,81.34542128392064
13.4,-102.7019038890819,116.10190388908191
4.98,-165.1663487495166,170.1463487495166
109.69,233.68022363501154,-123.99022363501155
40.2,98.40986303673117,-58.209863036731164
735.98,1266.4233423893218,-530.4433423893217
22.75,193.98999035989323,-171.23999035989323
119.56,126.443411724106,-6.883411724105997
140.75,182.24372387529934,-41.49372387529934
99.568,94.9897129977262,4.578287002273797
271.96,265.2732517799111,6.686748220088873
18.69,182.43158635206146,-163.74158635206146
13.36,-75.32377896129742,88.68377896129742
249.584,341.2918800885327,-91.7078800885327
13.86,189.32390271093323,-175.4639027109332
13.376,19.602258018143857,-6.226258018143858
437.472,695.4192295068016,-257.9472295068016
85.98,146.626670592879,-60.646670592879005
16.52,70.41184825949313,-53.89184825949313
35.56,192.90761747100578,-157.34761747100578
97.98,88.61298145154774,9.367018548452265
31.5,344.5244337112249,-313.0244337112249
55.6,73.90709549760732,-18.307095497607314
36.24,-20.243314405153114,56.483314405153116
79.99,132.800195371904,-52.810195371904015
206.1,226.16584137150608,-20.06584137150608
25.248,-5.312089118601762,30.560089118601763
91.96,72.38256136210157,19.577438637898425
258.576,355.2740248071991,-96.69802480719909
29.6,35.27778179371444,-5.677781793714438
243.16,338.5146201684106,-95.3546201684106
